-20,240,lxSSJ+y3VOCIzcgb8pM9Kzu3hMo=,2mgsxw1KqnjY5R0MX+xQxH7n6u8=
-17,246,lxSSJ+y3VOCIzcgb8pM9Kzu3hMo=,2mgsxw1KqnjY5R0MX+xQxH7n6u8=
-18,246,lxSSJ+y3VOCIzcgb8pM9Kzu3hMo=,2mgsxw1KqnjY5R0MX+xQxH7n6u8=
-19,246,lxSSJ+y3VOCIzcgb8pM9Kzu3hMo=,2mgsxw1KqnjY5R0MX+xQxH7n6u8=
-21,240,lxSSJ+y3VOCIzcgb8pM9Kzu3hMo=,2mgsxw1KqnjY5R0MX+xQxH7n6u8=
-22,240,lxSSJ+y3VOCIzcgb8pM9Kzu3hMo=,2mgsxw1KqnjY5R0MX+xQxH7n6u8=
-23,240,lxSSJ+y3VOCIzcgb8pM9Kzu3hMo=,2mgsxw1KqnjY5R0MX+xQxH7n6u8=
-21,246,lxSSJ+y3VOCIzcgb8pM9Kzu3hMo=,2mgsxw1KqnjY5R0MX+xQxH7n6u8=
-22,246,lxSSJ+y3VOCIzcgb8pM9Kzu3hMo=,2mgsxw1KqnjY5R0MX+xQxH7n6u8=
-23,246,lxSSJ+y3VOCIzcgb8pM9Kzu3hMo=,2mgsxw1KqnjY5R0MX+xQxH7n6u8=
-20,246,lxSSJ+y3VOCIzcgb8pM9Kzu3hMo=,2mgsxw1KqnjY5R0MX+xQxH7n6u8=
-17,245,lxSSJ+y3VOCIzcgb8pM9Kzu3hMo=,2mgsxw1KqnjY5R0MX+xQxH7n6u8=
-18,245,lxSSJ+y3VOCIzcgb8pM9Kzu3hMo=,2mgsxw1KqnjY5R0MX+xQxH7n6u8=
-19,245,lxSSJ+y3VOCIzcgb8pM9Kzu3hMo=,2mgsxw1KqnjY5R0MX+xQxH7n6u8=
-21,245,lxSSJ+y3VOCIzcgb8pM9Kzu3hMo=,2mgsxw1KqnjY5R0MX+xQxH7n6u8=
-23,245,lxSSJ+y3VOCIzcgb8pM9Kzu3hMo=,2mgsxw1KqnjY5R0MX+xQxH7n6u8=
-17,244,lxSSJ+y3VOCIzcgb8pM9Kzu3hMo=,2mgsxw1KqnjY5R0MX+xQxH7n6u8=
-20,245,lxSSJ+y3VOCIzcgb8pM9Kzu3hMo=,2mgsxw1KqnjY5R0MX+xQxH7n6u8=
-18,244,lxSSJ+y3VOCIzcgb8pM9Kzu3hMo=,2mgsxw1KqnjY5R0MX+xQxH7n6u8=
-19,244,lxSSJ+y3VOCIzcgb8pM9Kzu3hMo=,2mgsxw1KqnjY5R0MX+xQxH7n6u8=
-20,244,lxSSJ+y3VOCIzcgb8pM9Kzu3hMo=,2mgsxw1KqnjY5R0MX+xQxH7n6u8=
-21,244,lxSSJ+y3VOCIzcgb8pM9Kzu3hMo=,2mgsxw1KqnjY5R0MX+xQxH7n6u8=
-22,244,lxSSJ+y3VOCIzcgb8pM9Kzu3hMo=,2mgsxw1KqnjY5R0MX+xQxH7n6u8=
-23,244,lxSSJ+y3VOCIzcgb8pM9Kzu3hMo=,2mgsxw1KqnjY5R0MX+xQxH7n6u8=
-17,243,lxSSJ+y3VOCIzcgb8pM9Kzu3hMo=,2mgsxw1KqnjY5R0MX+xQxH7n6u8=
-18,243,lxSSJ+y3VOCIzcgb8pM9Kzu3hMo=,2mgsxw1KqnjY5R0MX+xQxH7n6u8=
-19,243,lxSSJ+y3VOCIzcgb8pM9Kzu3hMo=,2mgsxw1KqnjY5R0MX+xQxH7n6u8=
-20,243,lxSSJ+y3VOCIzcgb8pM9Kzu3hMo=,2mgsxw1KqnjY5R0MX+xQxH7n6u8=
-21,243,lxSSJ+y3VOCIzcgb8pM9Kzu3hMo=,2mgsxw1KqnjY5R0MX+xQxH7n6u8=
-22,243,lxSSJ+y3VOCIzcgb8pM9Kzu3hMo=,2mgsxw1KqnjY5R0MX+xQxH7n6u8=
-23,243,lxSSJ+y3VOCIzcgb8pM9Kzu3hMo=,2mgsxw1KqnjY5R0MX+xQxH7n6u8=
-17,242,lxSSJ+y3VOCIzcgb8pM9Kzu3hMo=,2mgsxw1KqnjY5R0MX+xQxH7n6u8=
-18,242,lxSSJ+y3VOCIzcgb8pM9Kzu3hMo=,2mgsxw1KqnjY5R0MX+xQxH7n6u8=
-19,242,lxSSJ+y3VOCIzcgb8pM9Kzu3hMo=,2mgsxw1KqnjY5R0MX+xQxH7n6u8=
-20,242,lxSSJ+y3VOCIzcgb8pM9Kzu3hMo=,2mgsxw1KqnjY5R0MX+xQxH7n6u8=
-21,242,lxSSJ+y3VOCIzcgb8pM9Kzu3hMo=,2mgsxw1KqnjY5R0MX+xQxH7n6u8=
-22,242,lxSSJ+y3VOCIzcgb8pM9Kzu3hMo=,2mgsxw1KqnjY5R0MX+xQxH7n6u8=
-23,242,lxSSJ+y3VOCIzcgb8pM9Kzu3hMo=,2mgsxw1KqnjY5R0MX+xQxH7n6u8=
-17,241,lxSSJ+y3VOCIzcgb8pM9Kzu3hMo=,2mgsxw1KqnjY5R0MX+xQxH7n6u8=
-19,241,lxSSJ+y3VOCIzcgb8pM9Kzu3hMo=,2mgsxw1KqnjY5R0MX+xQxH7n6u8=
-18,241,lxSSJ+y3VOCIzcgb8pM9Kzu3hMo=,2mgsxw1KqnjY5R0MX+xQxH7n6u8=
-20,241,lxSSJ+y3VOCIzcgb8pM9Kzu3hMo=,2mgsxw1KqnjY5R0MX+xQxH7n6u8=
-21,241,lxSSJ+y3VOCIzcgb8pM9Kzu3hMo=,2mgsxw1KqnjY5R0MX+xQxH7n6u8=
-22,241,lxSSJ+y3VOCIzcgb8pM9Kzu3hMo=,2mgsxw1KqnjY5R0MX+xQxH7n6u8=
-23,241,lxSSJ+y3VOCIzcgb8pM9Kzu3hMo=,2mgsxw1KqnjY5R0MX+xQxH7n6u8=
-18,240,lxSSJ+y3VOCIzcgb8pM9Kzu3hMo=,2mgsxw1KqnjY5R0MX+xQxH7n6u8=
-19,240,lxSSJ+y3VOCIzcgb8pM9Kzu3hMo=,2mgsxw1KqnjY5R0MX+xQxH7n6u8=
-27,240,lxSSJ+y3VOCIzcgb8pM9Kzu3hMo=,5xVRKSgX/YNtWM99F9FDRVGUXTk=
-24,240,lxSSJ+y3VOCIzcgb8pM9Kzu3hMo=,2mgsxw1KqnjY5R0MX+xQxH7n6u8=
-26,240,lxSSJ+y3VOCIzcgb8pM9Kzu3hMo=,5xVRKSgX/YNtWM99F9FDRVGUXTk=
-29,240,lxSSJ+y3VOCIzcgb8pM9Kzu3hMo=,5xVRKSgX/YNtWM99F9FDRVGUXTk=
-27,242,lxSSJ+y3VOCIzcgb8pM9Kzu3hMo=,5xVRKSgX/YNtWM99F9FDRVGUXTk=
-25,240,lxSSJ+y3VOCIzcgb8pM9Kzu3hMo=,5xVRKSgX/YNtWM99F9FDRVGUXTk=
-26,242,lxSSJ+y3VOCIzcgb8pM9Kzu3hMo=,5xVRKSgX/YNtWM99F9FDRVGUXTk=
-24,246,lxSSJ+y3VOCIzcgb8pM9Kzu3hMo=,2mgsxw1KqnjY5R0MX+xQxH7n6u8=
-32,241,lxSSJ+y3VOCIzcgb8pM9Kzu3hMo=,5xVRKSgX/YNtWM99F9FDRVGUXTk=
-28,240,lxSSJ+y3VOCIzcgb8pM9Kzu3hMo=,5xVRKSgX/YNtWM99F9FDRVGUXTk=
-29,242,lxSSJ+y3VOCIzcgb8pM9Kzu3hMo=,5xVRKSgX/YNtWM99F9FDRVGUXTk=
-25,243,lxSSJ+y3VOCIzcgb8pM9Kzu3hMo=,5xVRKSgX/YNtWM99F9FDRVGUXTk=
-30,242,lxSSJ+y3VOCIzcgb8pM9Kzu3hMo=,5xVRKSgX/YNtWM99F9FDRVGUXTk=
-17,249,lxSSJ+y3VOCIzcgb8pM9Kzu3hMo=,vPFM9mwJMolz87d0XE9StLygqmA=
-32,244,lxSSJ+y3VOCIzcgb8pM9Kzu3hMo=,5xVRKSgX/YNtWM99F9FDRVGUXTk=
-18,249,lxSSJ+y3VOCIzcgb8pM9Kzu3hMo=,vPFM9mwJMolz87d0XE9StLygqmA=
-24,241,lxSSJ+y3VOCIzcgb8pM9Kzu3hMo=,2mgsxw1KqnjY5R0MX+xQxH7n6u8=
-28,242,lxSSJ+y3VOCIzcgb8pM9Kzu3hMo=,5xVRKSgX/YNtWM99F9FDRVGUXTk=
-17,255,lxSSJ+y3VOCIzcgb8pM9Kzu3hMo=,vPFM9mwJMolz87d0XE9StLygqmA=
-18,255,lxSSJ+y3VOCIzcgb8pM9Kzu3hMo=,vPFM9mwJMolz87d0XE9StLygqmA=
-32,240,lxSSJ+y3VOCIzcgb8pM9Kzu3hMo=,5xVRKSgX/YNtWM99F9FDRVGUXTk=
-27,243,lxSSJ+y3VOCIzcgb8pM9Kzu3hMo=,5xVRKSgX/YNtWM99F9FDRVGUXTk=
-20,255,lxSSJ+y3VOCIzcgb8pM9Kzu3hMo=,vPFM9mwJMolz87d0XE9StLygqmA=
-31,244,lxSSJ+y3VOCIzcgb8pM9Kzu3hMo=,5xVRKSgX/YNtWM99F9FDRVGUXTk=
-28,243,lxSSJ+y3VOCIzcgb8pM9Kzu3hMo=,5xVRKSgX/YNtWM99F9FDRVGUXTk=
-21,255,lxSSJ+y3VOCIzcgb8pM9Kzu3hMo=,vPFM9mwJMolz87d0XE9StLygqmA=
-29,243,lxSSJ+y3VOCIzcgb8pM9Kzu3hMo=,5xVRKSgX/YNtWM99F9FDRVGUXTk=
-30,244,lxSSJ+y3VOCIzcgb8pM9Kzu3hMo=,5xVRKSgX/YNtWM99F9FDRVGUXTk=
-19,255,lxSSJ+y3VOCIzcgb8pM9Kzu3hMo=,vPFM9mwJMolz87d0XE9StLygqmA=
-24,250,lxSSJ+y3VOCIzcgb8pM9Kzu3hMo=,vPFM9mwJMolz87d0XE9StLygqmA=
-29,244,lxSSJ+y3VOCIzcgb8pM9Kzu3hMo=,5xVRKSgX/YNtWM99F9FDRVGUXTk=
-22,255,lxSSJ+y3VOCIzcgb8pM9Kzu3hMo=,vPFM9mwJMolz87d0XE9StLygqmA=
-21,249,lxSSJ+y3VOCIzcgb8pM9Kzu3hMo=,vPFM9mwJMolz87d0XE9StLygqmA=
-20,249,lxSSJ+y3VOCIzcgb8pM9Kzu3hMo=,vPFM9mwJMolz87d0XE9StLygqmA=
-23,250,lxSSJ+y3VOCIzcgb8pM9Kzu3hMo=,vPFM9mwJMolz87d0XE9StLygqmA=
-28,244,lxSSJ+y3VOCIzcgb8pM9Kzu3hMo=,5xVRKSgX/YNtWM99F9FDRVGUXTk=
-23,255,lxSSJ+y3VOCIzcgb8pM9Kzu3hMo=,vPFM9mwJMolz87d0XE9StLygqmA=
-31,242,lxSSJ+y3VOCIzcgb8pM9Kzu3hMo=,5xVRKSgX/YNtWM99F9FDRVGUXTk=
-24,255,lxSSJ+y3VOCIzcgb8pM9Kzu3hMo=,vPFM9mwJMolz87d0XE9StLygqmA=
-22,250,lxSSJ+y3VOCIzcgb8pM9Kzu3hMo=,vPFM9mwJMolz87d0XE9StLygqmA=
-25,242,lxSSJ+y3VOCIzcgb8pM9Kzu3hMo=,5xVRKSgX/YNtWM99F9FDRVGUXTk=
-17,254,lxSSJ+y3VOCIzcgb8pM9Kzu3hMo=,vPFM9mwJMolz87d0XE9StLygqmA=
-27,241,lxSSJ+y3VOCIzcgb8pM9Kzu3hMo=,5xVRKSgX/YNtWM99F9FDRVGUXTk=
-18,254,lxSSJ+y3VOCIzcgb8pM9Kzu3hMo=,vPFM9mwJMolz87d0XE9StLygqmA=
-23,249,lxSSJ+y3VOCIzcgb8pM9Kzu3hMo=,vPFM9mwJMolz87d0XE9StLygqmA=
-27,244,lxSSJ+y3VOCIzcgb8pM9Kzu3hMo=,5xVRKSgX/YNtWM99F9FDRVGUXTk=
-21,250,lxSSJ+y3VOCIzcgb8pM9Kzu3hMo=,vPFM9mwJMolz87d0XE9StLygqmA=
-24,245,lxSSJ+y3VOCIzcgb8pM9Kzu3hMo=,2mgsxw1KqnjY5R0MX+xQxH7n6u8=
-24,249,lxSSJ+y3VOCIzcgb8pM9Kzu3hMo=,vPFM9mwJMolz87d0XE9StLygqmA=
-32,243,lxSSJ+y3VOCIzcgb8pM9Kzu3hMo=,5xVRKSgX/YNtWM99F9FDRVGUXTk=
-19,254,lxSSJ+y3VOCIzcgb8pM9Kzu3hMo=,vPFM9mwJMolz87d0XE9StLygqmA=
-20,250,lxSSJ+y3VOCIzcgb8pM9Kzu3hMo=,vPFM9mwJMolz87d0XE9StLygqmA=
-30,243,lxSSJ+y3VOCIzcgb8pM9Kzu3hMo=,5xVRKSgX/YNtWM99F9FDRVGUXTk=
-17,248,lxSSJ+y3VOCIzcgb8pM9Kzu3hMo=,vPFM9mwJMolz87d0XE9StLygqmA=
-19,248,lxSSJ+y3VOCIzcgb8pM9Kzu3hMo=,vPFM9mwJMolz87d0XE9StLygqmA=
-21,248,lxSSJ+y3VOCIzcgb8pM9Kzu3hMo=,vPFM9mwJMolz87d0XE9StLygqmA=
-28,241,lxSSJ+y3VOCIzcgb8pM9Kzu3hMo=,5xVRKSgX/YNtWM99F9FDRVGUXTk=
-20,248,lxSSJ+y3VOCIzcgb8pM9Kzu3hMo=,vPFM9mwJMolz87d0XE9StLygqmA=
-31,240,lxSSJ+y3VOCIzcgb8pM9Kzu3hMo=,5xVRKSgX/YNtWM99F9FDRVGUXTk=
-20,254,lxSSJ+y3VOCIzcgb8pM9Kzu3hMo=,vPFM9mwJMolz87d0XE9StLygqmA=
-32,242,lxSSJ+y3VOCIzcgb8pM9Kzu3hMo=,5xVRKSgX/YNtWM99F9FDRVGUXTk=
-24,248,lxSSJ+y3VOCIzcgb8pM9Kzu3hMo=,vPFM9mwJMolz87d0XE9StLygqmA=
-21,254,lxSSJ+y3VOCIzcgb8pM9Kzu3hMo=,vPFM9mwJMolz87d0XE9StLygqmA=
-22,254,lxSSJ+y3VOCIzcgb8pM9Kzu3hMo=,vPFM9mwJMolz87d0XE9StLygqmA=
-23,254,lxSSJ+y3VOCIzcgb8pM9Kzu3hMo=,vPFM9mwJMolz87d0XE9StLygqmA=
-26,247,lxSSJ+y3VOCIzcgb8pM9Kzu3hMo=,5xVRKSgX/YNtWM99F9FDRVGUXTk=
-24,254,lxSSJ+y3VOCIzcgb8pM9Kzu3hMo=,vPFM9mwJMolz87d0XE9StLygqmA=
-17,253,lxSSJ+y3VOCIzcgb8pM9Kzu3hMo=,vPFM9mwJMolz87d0XE9StLygqmA=
-18,253,lxSSJ+y3VOCIzcgb8pM9Kzu3hMo=,vPFM9mwJMolz87d0XE9StLygqmA=
-25,247,lxSSJ+y3VOCIzcgb8pM9Kzu3hMo=,5xVRKSgX/YNtWM99F9FDRVGUXTk=
-19,253,lxSSJ+y3VOCIzcgb8pM9Kzu3hMo=,vPFM9mwJMolz87d0XE9StLygqmA=
-28,247,lxSSJ+y3VOCIzcgb8pM9Kzu3hMo=,5xVRKSgX/YNtWM99F9FDRVGUXTk=
-20,253,lxSSJ+y3VOCIzcgb8pM9Kzu3hMo=,vPFM9mwJMolz87d0XE9StLygqmA=
-24,244,lxSSJ+y3VOCIzcgb8pM9Kzu3hMo=,2mgsxw1KqnjY5R0MX+xQxH7n6u8=
-21,253,lxSSJ+y3VOCIzcgb8pM9Kzu3hMo=,vPFM9mwJMolz87d0XE9StLygqmA=
-22,253,lxSSJ+y3VOCIzcgb8pM9Kzu3hMo=,vPFM9mwJMolz87d0XE9StLygqmA=
-29,247,lxSSJ+y3VOCIzcgb8pM9Kzu3hMo=,5xVRKSgX/YNtWM99F9FDRVGUXTk=
-23,253,lxSSJ+y3VOCIzcgb8pM9Kzu3hMo=,vPFM9mwJMolz87d0XE9StLygqmA=
-24,253,lxSSJ+y3VOCIzcgb8pM9Kzu3hMo=,vPFM9mwJMolz87d0XE9StLygqmA=
-17,252,lxSSJ+y3VOCIzcgb8pM9Kzu3hMo=,vPFM9mwJMolz87d0XE9StLygqmA=
-30,247,lxSSJ+y3VOCIzcgb8pM9Kzu3hMo=,5xVRKSgX/YNtWM99F9FDRVGUXTk=
-18,252,lxSSJ+y3VOCIzcgb8pM9Kzu3hMo=,vPFM9mwJMolz87d0XE9StLygqmA=
-27,247,lxSSJ+y3VOCIzcgb8pM9Kzu3hMo=,5xVRKSgX/YNtWM99F9FDRVGUXTk=
-21,252,lxSSJ+y3VOCIzcgb8pM9Kzu3hMo=,vPFM9mwJMolz87d0XE9StLygqmA=
-22,252,lxSSJ+y3VOCIzcgb8pM9Kzu3hMo=,vPFM9mwJMolz87d0XE9StLygqmA=
-20,252,lxSSJ+y3VOCIzcgb8pM9Kzu3hMo=,vPFM9mwJMolz87d0XE9StLygqmA=
-17,247,lxSSJ+y3VOCIzcgb8pM9Kzu3hMo=,2mgsxw1KqnjY5R0MX+xQxH7n6u8=
-31,241,lxSSJ+y3VOCIzcgb8pM9Kzu3hMo=,5xVRKSgX/YNtWM99F9FDRVGUXTk=
-23,252,lxSSJ+y3VOCIzcgb8pM9Kzu3hMo=,vPFM9mwJMolz87d0XE9StLygqmA=
-17,251,lxSSJ+y3VOCIzcgb8pM9Kzu3hMo=,vPFM9mwJMolz87d0XE9StLygqmA=
-19,251,lxSSJ+y3VOCIzcgb8pM9Kzu3hMo=,vPFM9mwJMolz87d0XE9StLygqmA=
-18,251,lxSSJ+y3VOCIzcgb8pM9Kzu3hMo=,vPFM9mwJMolz87d0XE9StLygqmA=
-24,252,lxSSJ+y3VOCIzcgb8pM9Kzu3hMo=,vPFM9mwJMolz87d0XE9StLygqmA=
-21,251,lxSSJ+y3VOCIzcgb8pM9Kzu3hMo=,vPFM9mwJMolz87d0XE9StLygqmA=
-22,251,lxSSJ+y3VOCIzcgb8pM9Kzu3hMo=,vPFM9mwJMolz87d0XE9StLygqmA=
-18,247,lxSSJ+y3VOCIzcgb8pM9Kzu3hMo=,2mgsxw1KqnjY5R0MX+xQxH7n6u8=
-19,252,lxSSJ+y3VOCIzcgb8pM9Kzu3hMo=,vPFM9mwJMolz87d0XE9StLygqmA=
-23,251,lxSSJ+y3VOCIzcgb8pM9Kzu3hMo=,vPFM9mwJMolz87d0XE9StLygqmA=
-20,251,lxSSJ+y3VOCIzcgb8pM9Kzu3hMo=,vPFM9mwJMolz87d0XE9StLygqmA=
-19,247,lxSSJ+y3VOCIzcgb8pM9Kzu3hMo=,2mgsxw1KqnjY5R0MX+xQxH7n6u8=
-20,247,lxSSJ+y3VOCIzcgb8pM9Kzu3hMo=,2mgsxw1KqnjY5R0MX+xQxH7n6u8=
-21,247,lxSSJ+y3VOCIzcgb8pM9Kzu3hMo=,2mgsxw1KqnjY5R0MX+xQxH7n6u8=
-32,247,lxSSJ+y3VOCIzcgb8pM9Kzu3hMo=,5xVRKSgX/YNtWM99F9FDRVGUXTk=
-24,251,lxSSJ+y3VOCIzcgb8pM9Kzu3hMo=,vPFM9mwJMolz87d0XE9StLygqmA=
-25,246,lxSSJ+y3VOCIzcgb8pM9Kzu3hMo=,5xVRKSgX/YNtWM99F9FDRVGUXTk=
-31,247,lxSSJ+y3VOCIzcgb8pM9Kzu3hMo=,5xVRKSgX/YNtWM99F9FDRVGUXTk=
-26,246,lxSSJ+y3VOCIzcgb8pM9Kzu3hMo=,5xVRKSgX/YNtWM99F9FDRVGUXTk=
-27,246,lxSSJ+y3VOCIzcgb8pM9Kzu3hMo=,5xVRKSgX/YNtWM99F9FDRVGUXTk=
-23,247,lxSSJ+y3VOCIzcgb8pM9Kzu3hMo=,2mgsxw1KqnjY5R0MX+xQxH7n6u8=
-24,247,lxSSJ+y3VOCIzcgb8pM9Kzu3hMo=,2mgsxw1KqnjY5R0MX+xQxH7n6u8=
-17,250,lxSSJ+y3VOCIzcgb8pM9Kzu3hMo=,vPFM9mwJMolz87d0XE9StLygqmA=
-28,246,lxSSJ+y3VOCIzcgb8pM9Kzu3hMo=,5xVRKSgX/YNtWM99F9FDRVGUXTk=
-18,250,lxSSJ+y3VOCIzcgb8pM9Kzu3hMo=,vPFM9mwJMolz87d0XE9StLygqmA=
-29,246,lxSSJ+y3VOCIzcgb8pM9Kzu3hMo=,5xVRKSgX/YNtWM99F9FDRVGUXTk=
-19,250,lxSSJ+y3VOCIzcgb8pM9Kzu3hMo=,vPFM9mwJMolz87d0XE9StLygqmA=
-30,240,lxSSJ+y3VOCIzcgb8pM9Kzu3hMo=,5xVRKSgX/YNtWM99F9FDRVGUXTk=
-24,243,lxSSJ+y3VOCIzcgb8pM9Kzu3hMo=,2mgsxw1KqnjY5R0MX+xQxH7n6u8=
-25,241,lxSSJ+y3VOCIzcgb8pM9Kzu3hMo=,5xVRKSgX/YNtWM99F9FDRVGUXTk=
-30,246,lxSSJ+y3VOCIzcgb8pM9Kzu3hMo=,5xVRKSgX/YNtWM99F9FDRVGUXTk=
-31,243,lxSSJ+y3VOCIzcgb8pM9Kzu3hMo=,5xVRKSgX/YNtWM99F9FDRVGUXTk=
-31,246,lxSSJ+y3VOCIzcgb8pM9Kzu3hMo=,5xVRKSgX/YNtWM99F9FDRVGUXTk=
-32,246,lxSSJ+y3VOCIzcgb8pM9Kzu3hMo=,5xVRKSgX/YNtWM99F9FDRVGUXTk=
-25,245,lxSSJ+y3VOCIzcgb8pM9Kzu3hMo=,5xVRKSgX/YNtWM99F9FDRVGUXTk=
-26,245,lxSSJ+y3VOCIzcgb8pM9Kzu3hMo=,5xVRKSgX/YNtWM99F9FDRVGUXTk=
-27,245,lxSSJ+y3VOCIzcgb8pM9Kzu3hMo=,5xVRKSgX/YNtWM99F9FDRVGUXTk=
-28,245,lxSSJ+y3VOCIzcgb8pM9Kzu3hMo=,5xVRKSgX/YNtWM99F9FDRVGUXTk=
-18,248,lxSSJ+y3VOCIzcgb8pM9Kzu3hMo=,vPFM9mwJMolz87d0XE9StLygqmA=
-30,245,lxSSJ+y3VOCIzcgb8pM9Kzu3hMo=,5xVRKSgX/YNtWM99F9FDRVGUXTk=
-31,245,lxSSJ+y3VOCIzcgb8pM9Kzu3hMo=,5xVRKSgX/YNtWM99F9FDRVGUXTk=
-32,245,lxSSJ+y3VOCIzcgb8pM9Kzu3hMo=,5xVRKSgX/YNtWM99F9FDRVGUXTk=
-25,244,lxSSJ+y3VOCIzcgb8pM9Kzu3hMo=,5xVRKSgX/YNtWM99F9FDRVGUXTk=
-29,241,lxSSJ+y3VOCIzcgb8pM9Kzu3hMo=,5xVRKSgX/YNtWM99F9FDRVGUXTk=
-30,241,lxSSJ+y3VOCIzcgb8pM9Kzu3hMo=,5xVRKSgX/YNtWM99F9FDRVGUXTk=
-24,242,lxSSJ+y3VOCIzcgb8pM9Kzu3hMo=,2mgsxw1KqnjY5R0MX+xQxH7n6u8=
-29,245,lxSSJ+y3VOCIzcgb8pM9Kzu3hMo=,5xVRKSgX/YNtWM99F9FDRVGUXTk=
-22,248,lxSSJ+y3VOCIzcgb8pM9Kzu3hMo=,vPFM9mwJMolz87d0XE9StLygqmA=
-26,244,lxSSJ+y3VOCIzcgb8pM9Kzu3hMo=,5xVRKSgX/YNtWM99F9FDRVGUXTk=
-22,245,lxSSJ+y3VOCIzcgb8pM9Kzu3hMo=,2mgsxw1KqnjY5R0MX+xQxH7n6u8=
-22,247,lxSSJ+y3VOCIzcgb8pM9Kzu3hMo=,2mgsxw1KqnjY5R0MX+xQxH7n6u8=
-26,241,lxSSJ+y3VOCIzcgb8pM9Kzu3hMo=,5xVRKSgX/YNtWM99F9FDRVGUXTk=
-22,249,lxSSJ+y3VOCIzcgb8pM9Kzu3hMo=,vPFM9mwJMolz87d0XE9StLygqmA=
-23,248,lxSSJ+y3VOCIzcgb8pM9Kzu3hMo=,vPFM9mwJMolz87d0XE9StLygqmA=
-26,243,lxSSJ+y3VOCIzcgb8pM9Kzu3hMo=,5xVRKSgX/YNtWM99F9FDRVGUXTk=
-17,240,lxSSJ+y3VOCIzcgb8pM9Kzu3hMo=,2mgsxw1KqnjY5R0MX+xQxH7n6u8=
-19,249,lxSSJ+y3VOCIzcgb8pM9Kzu3hMo=,vPFM9mwJMolz87d0XE9StLygqmA=
-12,245,jH16f47dR3M9nCmh0mkXoJ0OFS0=,0w396XrNgp0W8to/XayytqOSBJE=
-10,246,jH16f47dR3M9nCmh0mkXoJ0OFS0=,0w396XrNgp0W8to/XayytqOSBJE=
-14,243,jH16f47dR3M9nCmh0mkXoJ0OFS0=,0w396XrNgp0W8to/XayytqOSBJE=
-10,241,jH16f47dR3M9nCmh0mkXoJ0OFS0=,0w396XrNgp0W8to/XayytqOSBJE=
-11,241,jH16f47dR3M9nCmh0mkXoJ0OFS0=,0w396XrNgp0W8to/XayytqOSBJE=
-13,244,jH16f47dR3M9nCmh0mkXoJ0OFS0=,0w396XrNgp0W8to/XayytqOSBJE=
-12,241,jH16f47dR3M9nCmh0mkXoJ0OFS0=,0w396XrNgp0W8to/XayytqOSBJE=
-13,241,jH16f47dR3M9nCmh0mkXoJ0OFS0=,0w396XrNgp0W8to/XayytqOSBJE=
-14,241,jH16f47dR3M9nCmh0mkXoJ0OFS0=,0w396XrNgp0W8to/XayytqOSBJE=
-15,241,jH16f47dR3M9nCmh0mkXoJ0OFS0=,0w396XrNgp0W8to/XayytqOSBJE=
-15,243,jH16f47dR3M9nCmh0mkXoJ0OFS0=,0w396XrNgp0W8to/XayytqOSBJE=
-15,242,jH16f47dR3M9nCmh0mkXoJ0OFS0=,0w396XrNgp0W8to/XayytqOSBJE=
-14,244,jH16f47dR3M9nCmh0mkXoJ0OFS0=,0w396XrNgp0W8to/XayytqOSBJE=
-13,245,jH16f47dR3M9nCmh0mkXoJ0OFS0=,0w396XrNgp0W8to/XayytqOSBJE=
-14,245,jH16f47dR3M9nCmh0mkXoJ0OFS0=,0w396XrNgp0W8to/XayytqOSBJE=
-15,249,jH16f47dR3M9nCmh0mkXoJ0OFS0=,F1Ae3rRksxZrhL+vAbZNqLNAmrk=
-14,249,jH16f47dR3M9nCmh0mkXoJ0OFS0=,F1Ae3rRksxZrhL+vAbZNqLNAmrk=
-13,249,jH16f47dR3M9nCmh0mkXoJ0OFS0=,F1Ae3rRksxZrhL+vAbZNqLNAmrk=
-12,249,jH16f47dR3M9nCmh0mkXoJ0OFS0=,F1Ae3rRksxZrhL+vAbZNqLNAmrk=
-11,249,jH16f47dR3M9nCmh0mkXoJ0OFS0=,F1Ae3rRksxZrhL+vAbZNqLNAmrk=
-10,249,jH16f47dR3M9nCmh0mkXoJ0OFS0=,F1Ae3rRksxZrhL+vAbZNqLNAmrk=
-15,250,jH16f47dR3M9nCmh0mkXoJ0OFS0=,F1Ae3rRksxZrhL+vAbZNqLNAmrk=
-15,247,jH16f47dR3M9nCmh0mkXoJ0OFS0=,0w396XrNgp0W8to/XayytqOSBJE=
-14,250,jH16f47dR3M9nCmh0mkXoJ0OFS0=,F1Ae3rRksxZrhL+vAbZNqLNAmrk=
-13,250,jH16f47dR3M9nCmh0mkXoJ0OFS0=,F1Ae3rRksxZrhL+vAbZNqLNAmrk=
-12,250,jH16f47dR3M9nCmh0mkXoJ0OFS0=,F1Ae3rRksxZrhL+vAbZNqLNAmrk=
-11,250,jH16f47dR3M9nCmh0mkXoJ0OFS0=,F1Ae3rRksxZrhL+vAbZNqLNAmrk=
-14,247,jH16f47dR3M9nCmh0mkXoJ0OFS0=,0w396XrNgp0W8to/XayytqOSBJE=
-10,250,jH16f47dR3M9nCmh0mkXoJ0OFS0=,F1Ae3rRksxZrhL+vAbZNqLNAmrk=
-13,247,jH16f47dR3M9nCmh0mkXoJ0OFS0=,0w396XrNgp0W8to/XayytqOSBJE=
-15,251,jH16f47dR3M9nCmh0mkXoJ0OFS0=,F1Ae3rRksxZrhL+vAbZNqLNAmrk=
-14,251,jH16f47dR3M9nCmh0mkXoJ0OFS0=,F1Ae3rRksxZrhL+vAbZNqLNAmrk=
-13,251,jH16f47dR3M9nCmh0mkXoJ0OFS0=,F1Ae3rRksxZrhL+vAbZNqLNAmrk=
-10,251,jH16f47dR3M9nCmh0mkXoJ0OFS0=,F1Ae3rRksxZrhL+vAbZNqLNAmrk=
-14,252,jH16f47dR3M9nCmh0mkXoJ0OFS0=,F1Ae3rRksxZrhL+vAbZNqLNAmrk=
-12,251,jH16f47dR3M9nCmh0mkXoJ0OFS0=,F1Ae3rRksxZrhL+vAbZNqLNAmrk=
-13,252,jH16f47dR3M9nCmh0mkXoJ0OFS0=,F1Ae3rRksxZrhL+vAbZNqLNAmrk=
-15,252,jH16f47dR3M9nCmh0mkXoJ0OFS0=,F1Ae3rRksxZrhL+vAbZNqLNAmrk=
-10,247,jH16f47dR3M9nCmh0mkXoJ0OFS0=,0w396XrNgp0W8to/XayytqOSBJE=
-12,252,jH16f47dR3M9nCmh0mkXoJ0OFS0=,F1Ae3rRksxZrhL+vAbZNqLNAmrk=
-11,252,jH16f47dR3M9nCmh0mkXoJ0OFS0=,F1Ae3rRksxZrhL+vAbZNqLNAmrk=
-10,252,jH16f47dR3M9nCmh0mkXoJ0OFS0=,F1Ae3rRksxZrhL+vAbZNqLNAmrk=
-15,253,jH16f47dR3M9nCmh0mkXoJ0OFS0=,F1Ae3rRksxZrhL+vAbZNqLNAmrk=
-14,253,jH16f47dR3M9nCmh0mkXoJ0OFS0=,F1Ae3rRksxZrhL+vAbZNqLNAmrk=
-13,253,jH16f47dR3M9nCmh0mkXoJ0OFS0=,F1Ae3rRksxZrhL+vAbZNqLNAmrk=
-12,253,jH16f47dR3M9nCmh0mkXoJ0OFS0=,F1Ae3rRksxZrhL+vAbZNqLNAmrk=
-11,253,jH16f47dR3M9nCmh0mkXoJ0OFS0=,F1Ae3rRksxZrhL+vAbZNqLNAmrk=
-10,253,jH16f47dR3M9nCmh0mkXoJ0OFS0=,F1Ae3rRksxZrhL+vAbZNqLNAmrk=
-15,254,jH16f47dR3M9nCmh0mkXoJ0OFS0=,F1Ae3rRksxZrhL+vAbZNqLNAmrk=
-15,248,jH16f47dR3M9nCmh0mkXoJ0OFS0=,F1Ae3rRksxZrhL+vAbZNqLNAmrk=
-14,254,jH16f47dR3M9nCmh0mkXoJ0OFS0=,F1Ae3rRksxZrhL+vAbZNqLNAmrk=
-13,254,jH16f47dR3M9nCmh0mkXoJ0OFS0=,F1Ae3rRksxZrhL+vAbZNqLNAmrk=
-12,254,jH16f47dR3M9nCmh0mkXoJ0OFS0=,F1Ae3rRksxZrhL+vAbZNqLNAmrk=
-11,254,jH16f47dR3M9nCmh0mkXoJ0OFS0=,F1Ae3rRksxZrhL+vAbZNqLNAmrk=
-10,254,jH16f47dR3M9nCmh0mkXoJ0OFS0=,F1Ae3rRksxZrhL+vAbZNqLNAmrk=
-14,248,jH16f47dR3M9nCmh0mkXoJ0OFS0=,F1Ae3rRksxZrhL+vAbZNqLNAmrk=
-12,247,jH16f47dR3M9nCmh0mkXoJ0OFS0=,0w396XrNgp0W8to/XayytqOSBJE=
-13,248,jH16f47dR3M9nCmh0mkXoJ0OFS0=,F1Ae3rRksxZrhL+vAbZNqLNAmrk=
-12,248,jH16f47dR3M9nCmh0mkXoJ0OFS0=,F1Ae3rRksxZrhL+vAbZNqLNAmrk=
-11,248,jH16f47dR3M9nCmh0mkXoJ0OFS0=,F1Ae3rRksxZrhL+vAbZNqLNAmrk=
-10,248,jH16f47dR3M9nCmh0mkXoJ0OFS0=,F1Ae3rRksxZrhL+vAbZNqLNAmrk=
-11,247,jH16f47dR3M9nCmh0mkXoJ0OFS0=,0w396XrNgp0W8to/XayytqOSBJE=
-3,246,jH16f47dR3M9nCmh0mkXoJ0OFS0=,oB6SqKVYtCmwPKjboJnByIpuXxA=
-4,246,jH16f47dR3M9nCmh0mkXoJ0OFS0=,oB6SqKVYtCmwPKjboJnByIpuXxA=
-2,246,jH16f47dR3M9nCmh0mkXoJ0OFS0=,oB6SqKVYtCmwPKjboJnByIpuXxA=
-9,246,jH16f47dR3M9nCmh0mkXoJ0OFS0=,0w396XrNgp0W8to/XayytqOSBJE=
-1,246,jH16f47dR3M9nCmh0mkXoJ0OFS0=,oB6SqKVYtCmwPKjboJnByIpuXxA=
-8,241,jH16f47dR3M9nCmh0mkXoJ0OFS0=,oB6SqKVYtCmwPKjboJnByIpuXxA=
-6,241,jH16f47dR3M9nCmh0mkXoJ0OFS0=,oB6SqKVYtCmwPKjboJnByIpuXxA=
-7,241,jH16f47dR3M9nCmh0mkXoJ0OFS0=,oB6SqKVYtCmwPKjboJnByIpuXxA=
-5,241,jH16f47dR3M9nCmh0mkXoJ0OFS0=,oB6SqKVYtCmwPKjboJnByIpuXxA=
-4,241,jH16f47dR3M9nCmh0mkXoJ0OFS0=,oB6SqKVYtCmwPKjboJnByIpuXxA=
-3,241,jH16f47dR3M9nCmh0mkXoJ0OFS0=,oB6SqKVYtCmwPKjboJnByIpuXxA=
-2,241,jH16f47dR3M9nCmh0mkXoJ0OFS0=,oB6SqKVYtCmwPKjboJnByIpuXxA=
-1,241,jH16f47dR3M9nCmh0mkXoJ0OFS0=,oB6SqKVYtCmwPKjboJnByIpuXxA=
-8,242,jH16f47dR3M9nCmh0mkXoJ0OFS0=,oB6SqKVYtCmwPKjboJnByIpuXxA=
-7,242,jH16f47dR3M9nCmh0mkXoJ0OFS0=,oB6SqKVYtCmwPKjboJnByIpuXxA=
-6,242,jH16f47dR3M9nCmh0mkXoJ0OFS0=,oB6SqKVYtCmwPKjboJnByIpuXxA=
-5,242,jH16f47dR3M9nCmh0mkXoJ0OFS0=,oB6SqKVYtCmwPKjboJnByIpuXxA=
-4,242,jH16f47dR3M9nCmh0mkXoJ0OFS0=,oB6SqKVYtCmwPKjboJnByIpuXxA=
-9,242,jH16f47dR3M9nCmh0mkXoJ0OFS0=,0w396XrNgp0W8to/XayytqOSBJE=
-3,242,jH16f47dR3M9nCmh0mkXoJ0OFS0=,oB6SqKVYtCmwPKjboJnByIpuXxA=
-1,242,jH16f47dR3M9nCmh0mkXoJ0OFS0=,oB6SqKVYtCmwPKjboJnByIpuXxA=
-2,242,jH16f47dR3M9nCmh0mkXoJ0OFS0=,oB6SqKVYtCmwPKjboJnByIpuXxA=
-8,243,jH16f47dR3M9nCmh0mkXoJ0OFS0=,oB6SqKVYtCmwPKjboJnByIpuXxA=
-7,243,jH16f47dR3M9nCmh0mkXoJ0OFS0=,oB6SqKVYtCmwPKjboJnByIpuXxA=
-9,245,jH16f47dR3M9nCmh0mkXoJ0OFS0=,0w396XrNgp0W8to/XayytqOSBJE=
-6,243,jH16f47dR3M9nCmh0mkXoJ0OFS0=,oB6SqKVYtCmwPKjboJnByIpuXxA=
-5,243,jH16f47dR3M9nCmh0mkXoJ0OFS0=,oB6SqKVYtCmwPKjboJnByIpuXxA=
-4,243,jH16f47dR3M9nCmh0mkXoJ0OFS0=,oB6SqKVYtCmwPKjboJnByIpuXxA=
-3,243,jH16f47dR3M9nCmh0mkXoJ0OFS0=,oB6SqKVYtCmwPKjboJnByIpuXxA=
-2,243,jH16f47dR3M9nCmh0mkXoJ0OFS0=,oB6SqKVYtCmwPKjboJnByIpuXxA=
-9,244,jH16f47dR3M9nCmh0mkXoJ0OFS0=,0w396XrNgp0W8to/XayytqOSBJE=
-9,241,jH16f47dR3M9nCmh0mkXoJ0OFS0=,0w396XrNgp0W8to/XayytqOSBJE=
-8,244,jH16f47dR3M9nCmh0mkXoJ0OFS0=,oB6SqKVYtCmwPKjboJnByIpuXxA=
-1,243,jH16f47dR3M9nCmh0mkXoJ0OFS0=,oB6SqKVYtCmwPKjboJnByIpuXxA=
-7,244,jH16f47dR3M9nCmh0mkXoJ0OFS0=,oB6SqKVYtCmwPKjboJnByIpuXxA=
-5,244,jH16f47dR3M9nCmh0mkXoJ0OFS0=,oB6SqKVYtCmwPKjboJnByIpuXxA=
-4,244,jH16f47dR3M9nCmh0mkXoJ0OFS0=,oB6SqKVYtCmwPKjboJnByIpuXxA=
-3,244,jH16f47dR3M9nCmh0mkXoJ0OFS0=,oB6SqKVYtCmwPKjboJnByIpuXxA=
-6,244,jH16f47dR3M9nCmh0mkXoJ0OFS0=,oB6SqKVYtCmwPKjboJnByIpuXxA=
-2,244,jH16f47dR3M9nCmh0mkXoJ0OFS0=,oB6SqKVYtCmwPKjboJnByIpuXxA=
-9,243,jH16f47dR3M9nCmh0mkXoJ0OFS0=,0w396XrNgp0W8to/XayytqOSBJE=
-8,245,jH16f47dR3M9nCmh0mkXoJ0OFS0=,oB6SqKVYtCmwPKjboJnByIpuXxA=
-1,244,jH16f47dR3M9nCmh0mkXoJ0OFS0=,oB6SqKVYtCmwPKjboJnByIpuXxA=
-6,245,jH16f47dR3M9nCmh0mkXoJ0OFS0=,oB6SqKVYtCmwPKjboJnByIpuXxA=
-5,245,jH16f47dR3M9nCmh0mkXoJ0OFS0=,oB6SqKVYtCmwPKjboJnByIpuXxA=
-3,245,jH16f47dR3M9nCmh0mkXoJ0OFS0=,oB6SqKVYtCmwPKjboJnByIpuXxA=
-1,245,jH16f47dR3M9nCmh0mkXoJ0OFS0=,oB6SqKVYtCmwPKjboJnByIpuXxA=
-5,246,jH16f47dR3M9nCmh0mkXoJ0OFS0=,oB6SqKVYtCmwPKjboJnByIpuXxA=
-6,240,jH16f47dR3M9nCmh0mkXoJ0OFS0=,oB6SqKVYtCmwPKjboJnByIpuXxA=
-7,240,jH16f47dR3M9nCmh0mkXoJ0OFS0=,oB6SqKVYtCmwPKjboJnByIpuXxA=
-5,240,jH16f47dR3M9nCmh0mkXoJ0OFS0=,oB6SqKVYtCmwPKjboJnByIpuXxA=
-4,240,jH16f47dR3M9nCmh0mkXoJ0OFS0=,oB6SqKVYtCmwPKjboJnByIpuXxA=
-2,240,jH16f47dR3M9nCmh0mkXoJ0OFS0=,oB6SqKVYtCmwPKjboJnByIpuXxA=
-15,244,jH16f47dR3M9nCmh0mkXoJ0OFS0=,0w396XrNgp0W8to/XayytqOSBJE=
-12,246,jH16f47dR3M9nCmh0mkXoJ0OFS0=,0w396XrNgp0W8to/XayytqOSBJE=
-11,246,jH16f47dR3M9nCmh0mkXoJ0OFS0=,0w396XrNgp0W8to/XayytqOSBJE=
-15,245,jH16f47dR3M9nCmh0mkXoJ0OFS0=,0w396XrNgp0W8to/XayytqOSBJE=
-2,245,jH16f47dR3M9nCmh0mkXoJ0OFS0=,oB6SqKVYtCmwPKjboJnByIpuXxA=
-13,246,jH16f47dR3M9nCmh0mkXoJ0OFS0=,0w396XrNgp0W8to/XayytqOSBJE=
-3,240,jH16f47dR3M9nCmh0mkXoJ0OFS0=,oB6SqKVYtCmwPKjboJnByIpuXxA=
-14,246,jH16f47dR3M9nCmh0mkXoJ0OFS0=,0w396XrNgp0W8to/XayytqOSBJE=
-7,246,jH16f47dR3M9nCmh0mkXoJ0OFS0=,oB6SqKVYtCmwPKjboJnByIpuXxA=
-15,246,jH16f47dR3M9nCmh0mkXoJ0OFS0=,0w396XrNgp0W8to/XayytqOSBJE=
-11,243,jH16f47dR3M9nCmh0mkXoJ0OFS0=,0w396XrNgp0W8to/XayytqOSBJE=
-12,243,jH16f47dR3M9nCmh0mkXoJ0OFS0=,0w396XrNgp0W8to/XayytqOSBJE=
-10,245,jH16f47dR3M9nCmh0mkXoJ0OFS0=,0w396XrNgp0W8to/XayytqOSBJE=
-13,243,jH16f47dR3M9nCmh0mkXoJ0OFS0=,0w396XrNgp0W8to/XayytqOSBJE=
-10,242,jH16f47dR3M9nCmh0mkXoJ0OFS0=,0w396XrNgp0W8to/XayytqOSBJE=
-11,242,jH16f47dR3M9nCmh0mkXoJ0OFS0=,0w396XrNgp0W8to/XayytqOSBJE=
-12,244,jH16f47dR3M9nCmh0mkXoJ0OFS0=,0w396XrNgp0W8to/XayytqOSBJE=
-13,242,jH16f47dR3M9nCmh0mkXoJ0OFS0=,0w396XrNgp0W8to/XayytqOSBJE=
-11,245,jH16f47dR3M9nCmh0mkXoJ0OFS0=,0w396XrNgp0W8to/XayytqOSBJE=
-14,242,jH16f47dR3M9nCmh0mkXoJ0OFS0=,0w396XrNgp0W8to/XayytqOSBJE=
-15,255,jH16f47dR3M9nCmh0mkXoJ0OFS0=,F1Ae3rRksxZrhL+vAbZNqLNAmrk=
-14,255,jH16f47dR3M9nCmh0mkXoJ0OFS0=,F1Ae3rRksxZrhL+vAbZNqLNAmrk=
-12,255,jH16f47dR3M9nCmh0mkXoJ0OFS0=,F1Ae3rRksxZrhL+vAbZNqLNAmrk=
-13,255,jH16f47dR3M9nCmh0mkXoJ0OFS0=,F1Ae3rRksxZrhL+vAbZNqLNAmrk=
-10,255,jH16f47dR3M9nCmh0mkXoJ0OFS0=,F1Ae3rRksxZrhL+vAbZNqLNAmrk=
-8,240,jH16f47dR3M9nCmh0mkXoJ0OFS0=,oB6SqKVYtCmwPKjboJnByIpuXxA=
-11,255,jH16f47dR3M9nCmh0mkXoJ0OFS0=,F1Ae3rRksxZrhL+vAbZNqLNAmrk=
-12,242,jH16f47dR3M9nCmh0mkXoJ0OFS0=,0w396XrNgp0W8to/XayytqOSBJE=
-12,240,jH16f47dR3M9nCmh0mkXoJ0OFS0=,0w396XrNgp0W8to/XayytqOSBJE=
-10,243,jH16f47dR3M9nCmh0mkXoJ0OFS0=,0w396XrNgp0W8to/XayytqOSBJE=
-11,240,jH16f47dR3M9nCmh0mkXoJ0OFS0=,0w396XrNgp0W8to/XayytqOSBJE=
-9,240,jH16f47dR3M9nCmh0mkXoJ0OFS0=,0w396XrNgp0W8to/XayytqOSBJE=
-10,240,jH16f47dR3M9nCmh0mkXoJ0OFS0=,0w396XrNgp0W8to/XayytqOSBJE=
-13,240,jH16f47dR3M9nCmh0mkXoJ0OFS0=,0w396XrNgp0W8to/XayytqOSBJE=
-14,240,jH16f47dR3M9nCmh0mkXoJ0OFS0=,0w396XrNgp0W8to/XayytqOSBJE=
-16,246,jH16f47dR3M9nCmh0mkXoJ0OFS0=,0w396XrNgp0W8to/XayytqOSBJE=
-16,245,jH16f47dR3M9nCmh0mkXoJ0OFS0=,0w396XrNgp0W8to/XayytqOSBJE=
-16,244,jH16f47dR3M9nCmh0mkXoJ0OFS0=,0w396XrNgp0W8to/XayytqOSBJE=
-16,243,jH16f47dR3M9nCmh0mkXoJ0OFS0=,0w396XrNgp0W8to/XayytqOSBJE=
-1,240,jH16f47dR3M9nCmh0mkXoJ0OFS0=,oB6SqKVYtCmwPKjboJnByIpuXxA=
-16,241,jH16f47dR3M9nCmh0mkXoJ0OFS0=,0w396XrNgp0W8to/XayytqOSBJE=
-16,249,jH16f47dR3M9nCmh0mkXoJ0OFS0=,F1Ae3rRksxZrhL+vAbZNqLNAmrk=
-16,247,jH16f47dR3M9nCmh0mkXoJ0OFS0=,0w396XrNgp0W8to/XayytqOSBJE=
-16,250,jH16f47dR3M9nCmh0mkXoJ0OFS0=,F1Ae3rRksxZrhL+vAbZNqLNAmrk=
-16,251,jH16f47dR3M9nCmh0mkXoJ0OFS0=,F1Ae3rRksxZrhL+vAbZNqLNAmrk=
-16,252,jH16f47dR3M9nCmh0mkXoJ0OFS0=,F1Ae3rRksxZrhL+vAbZNqLNAmrk=
-16,253,jH16f47dR3M9nCmh0mkXoJ0OFS0=,F1Ae3rRksxZrhL+vAbZNqLNAmrk=
-16,248,jH16f47dR3M9nCmh0mkXoJ0OFS0=,F1Ae3rRksxZrhL+vAbZNqLNAmrk=
-16,254,jH16f47dR3M9nCmh0mkXoJ0OFS0=,F1Ae3rRksxZrhL+vAbZNqLNAmrk=
-16,255,jH16f47dR3M9nCmh0mkXoJ0OFS0=,F1Ae3rRksxZrhL+vAbZNqLNAmrk=
-16,240,jH16f47dR3M9nCmh0mkXoJ0OFS0=,0w396XrNgp0W8to/XayytqOSBJE=
-16,242,jH16f47dR3M9nCmh0mkXoJ0OFS0=,0w396XrNgp0W8to/XayytqOSBJE=
-15,240,jH16f47dR3M9nCmh0mkXoJ0OFS0=,0w396XrNgp0W8to/XayytqOSBJE=
-1,255,jH16f47dR3M9nCmh0mkXoJ0OFS0=,1T+5VipjZoeHvB5HenuECL7Dwww=
-9,248,jH16f47dR3M9nCmh0mkXoJ0OFS0=,F1Ae3rRksxZrhL+vAbZNqLNAmrk=
-3,255,jH16f47dR3M9nCmh0mkXoJ0OFS0=,1T+5VipjZoeHvB5HenuECL7Dwww=
-1,248,jH16f47dR3M9nCmh0mkXoJ0OFS0=,1T+5VipjZoeHvB5HenuECL7Dwww=
-9,249,jH16f47dR3M9nCmh0mkXoJ0OFS0=,F1Ae3rRksxZrhL+vAbZNqLNAmrk=
-6,248,jH16f47dR3M9nCmh0mkXoJ0OFS0=,1T+5VipjZoeHvB5HenuECL7Dwww=
-5,248,jH16f47dR3M9nCmh0mkXoJ0OFS0=,1T+5VipjZoeHvB5HenuECL7Dwww=
-7,255,jH16f47dR3M9nCmh0mkXoJ0OFS0=,1T+5VipjZoeHvB5HenuECL7Dwww=
-7,248,jH16f47dR3M9nCmh0mkXoJ0OFS0=,1T+5VipjZoeHvB5HenuECL7Dwww=
-2,255,jH16f47dR3M9nCmh0mkXoJ0OFS0=,1T+5VipjZoeHvB5HenuECL7Dwww=
-2,254,jH16f47dR3M9nCmh0mkXoJ0OFS0=,1T+5VipjZoeHvB5HenuECL7Dwww=
-1,254,jH16f47dR3M9nCmh0mkXoJ0OFS0=,1T+5VipjZoeHvB5HenuECL7Dwww=
-7,254,jH16f47dR3M9nCmh0mkXoJ0OFS0=,1T+5VipjZoeHvB5HenuECL7Dwww=
-8,254,jH16f47dR3M9nCmh0mkXoJ0OFS0=,1T+5VipjZoeHvB5HenuECL7Dwww=
-9,255,jH16f47dR3M9nCmh0mkXoJ0OFS0=,F1Ae3rRksxZrhL+vAbZNqLNAmrk=
-2,253,jH16f47dR3M9nCmh0mkXoJ0OFS0=,1T+5VipjZoeHvB5HenuECL7Dwww=
-9,250,jH16f47dR3M9nCmh0mkXoJ0OFS0=,F1Ae3rRksxZrhL+vAbZNqLNAmrk=
-2,252,jH16f47dR3M9nCmh0mkXoJ0OFS0=,1T+5VipjZoeHvB5HenuECL7Dwww=
-9,252,jH16f47dR3M9nCmh0mkXoJ0OFS0=,F1Ae3rRksxZrhL+vAbZNqLNAmrk=
-8,252,jH16f47dR3M9nCmh0mkXoJ0OFS0=,1T+5VipjZoeHvB5HenuECL7Dwww=
-9,247,jH16f47dR3M9nCmh0mkXoJ0OFS0=,0w396XrNgp0W8to/XayytqOSBJE=
-9,254,jH16f47dR3M9nCmh0mkXoJ0OFS0=,F1Ae3rRksxZrhL+vAbZNqLNAmrk=
-7,250,jH16f47dR3M9nCmh0mkXoJ0OFS0=,1T+5VipjZoeHvB5HenuECL7Dwww=
-9,251,jH16f47dR3M9nCmh0mkXoJ0OFS0=,F1Ae3rRksxZrhL+vAbZNqLNAmrk=
-4,247,jH16f47dR3M9nCmh0mkXoJ0OFS0=,oB6SqKVYtCmwPKjboJnByIpuXxA=
-6,250,jH16f47dR3M9nCmh0mkXoJ0OFS0=,1T+5VipjZoeHvB5HenuECL7Dwww=
-3,247,jH16f47dR3M9nCmh0mkXoJ0OFS0=,oB6SqKVYtCmwPKjboJnByIpuXxA=
-2,247,jH16f47dR3M9nCmh0mkXoJ0OFS0=,oB6SqKVYtCmwPKjboJnByIpuXxA=
-8,253,jH16f47dR3M9nCmh0mkXoJ0OFS0=,1T+5VipjZoeHvB5HenuECL7Dwww=
-1,247,jH16f47dR3M9nCmh0mkXoJ0OFS0=,oB6SqKVYtCmwPKjboJnByIpuXxA=
-4,245,jH16f47dR3M9nCmh0mkXoJ0OFS0=,oB6SqKVYtCmwPKjboJnByIpuXxA=
-11,251,jH16f47dR3M9nCmh0mkXoJ0OFS0=,F1Ae3rRksxZrhL+vAbZNqLNAmrk=
-1,249,jH16f47dR3M9nCmh0mkXoJ0OFS0=,1T+5VipjZoeHvB5HenuECL7Dwww=
-10,244,jH16f47dR3M9nCmh0mkXoJ0OFS0=,0w396XrNgp0W8to/XayytqOSBJE=
-11,244,jH16f47dR3M9nCmh0mkXoJ0OFS0=,0w396XrNgp0W8to/XayytqOSBJE=
-8,250,jH16f47dR3M9nCmh0mkXoJ0OFS0=,1T+5VipjZoeHvB5HenuECL7Dwww=
-6,249,jH16f47dR3M9nCmh0mkXoJ0OFS0=,1T+5VipjZoeHvB5HenuECL7Dwww=
-5,249,jH16f47dR3M9nCmh0mkXoJ0OFS0=,1T+5VipjZoeHvB5HenuECL7Dwww=
-8,249,jH16f47dR3M9nCmh0mkXoJ0OFS0=,1T+5VipjZoeHvB5HenuECL7Dwww=
-7,249,jH16f47dR3M9nCmh0mkXoJ0OFS0=,1T+5VipjZoeHvB5HenuECL7Dwww=
-7,245,jH16f47dR3M9nCmh0mkXoJ0OFS0=,oB6SqKVYtCmwPKjboJnByIpuXxA=
-6,246,jH16f47dR3M9nCmh0mkXoJ0OFS0=,oB6SqKVYtCmwPKjboJnByIpuXxA=
-2,248,jH16f47dR3M9nCmh0mkXoJ0OFS0=,1T+5VipjZoeHvB5HenuECL7Dwww=
-8,255,jH16f47dR3M9nCmh0mkXoJ0OFS0=,1T+5VipjZoeHvB5HenuECL7Dwww=
-4,248,jH16f47dR3M9nCmh0mkXoJ0OFS0=,1T+5VipjZoeHvB5HenuECL7Dwww=
-6,255,jH16f47dR3M9nCmh0mkXoJ0OFS0=,1T+5VipjZoeHvB5HenuECL7Dwww=
-3,254,jH16f47dR3M9nCmh0mkXoJ0OFS0=,1T+5VipjZoeHvB5HenuECL7Dwww=
-7,251,jH16f47dR3M9nCmh0mkXoJ0OFS0=,1T+5VipjZoeHvB5HenuECL7Dwww=
-3,248,jH16f47dR3M9nCmh0mkXoJ0OFS0=,1T+5VipjZoeHvB5HenuECL7Dwww=
-4,254,jH16f47dR3M9nCmh0mkXoJ0OFS0=,1T+5VipjZoeHvB5HenuECL7Dwww=
-2,249,jH16f47dR3M9nCmh0mkXoJ0OFS0=,1T+5VipjZoeHvB5HenuECL7Dwww=
-5,247,jH16f47dR3M9nCmh0mkXoJ0OFS0=,oB6SqKVYtCmwPKjboJnByIpuXxA=
-8,248,jH16f47dR3M9nCmh0mkXoJ0OFS0=,1T+5VipjZoeHvB5HenuECL7Dwww=
-1,253,jH16f47dR3M9nCmh0mkXoJ0OFS0=,1T+5VipjZoeHvB5HenuECL7Dwww=
-2,250,jH16f47dR3M9nCmh0mkXoJ0OFS0=,1T+5VipjZoeHvB5HenuECL7Dwww=
-8,246,jH16f47dR3M9nCmh0mkXoJ0OFS0=,oB6SqKVYtCmwPKjboJnByIpuXxA=
-3,253,jH16f47dR3M9nCmh0mkXoJ0OFS0=,1T+5VipjZoeHvB5HenuECL7Dwww=
-5,255,jH16f47dR3M9nCmh0mkXoJ0OFS0=,1T+5VipjZoeHvB5HenuECL7Dwww=
-7,253,jH16f47dR3M9nCmh0mkXoJ0OFS0=,1T+5VipjZoeHvB5HenuECL7Dwww=
-4,249,jH16f47dR3M9nCmh0mkXoJ0OFS0=,1T+5VipjZoeHvB5HenuECL7Dwww=
-9,253,jH16f47dR3M9nCmh0mkXoJ0OFS0=,F1Ae3rRksxZrhL+vAbZNqLNAmrk=
-6,254,jH16f47dR3M9nCmh0mkXoJ0OFS0=,1T+5VipjZoeHvB5HenuECL7Dwww=
-5,254,jH16f47dR3M9nCmh0mkXoJ0OFS0=,1T+5VipjZoeHvB5HenuECL7Dwww=
-1,252,jH16f47dR3M9nCmh0mkXoJ0OFS0=,1T+5VipjZoeHvB5HenuECL7Dwww=
-3,249,jH16f47dR3M9nCmh0mkXoJ0OFS0=,1T+5VipjZoeHvB5HenuECL7Dwww=
-7,252,jH16f47dR3M9nCmh0mkXoJ0OFS0=,1T+5VipjZoeHvB5HenuECL7Dwww=
-4,255,jH16f47dR3M9nCmh0mkXoJ0OFS0=,1T+5VipjZoeHvB5HenuECL7Dwww=
-3,252,jH16f47dR3M9nCmh0mkXoJ0OFS0=,1T+5VipjZoeHvB5HenuECL7Dwww=
-4,252,jH16f47dR3M9nCmh0mkXoJ0OFS0=,1T+5VipjZoeHvB5HenuECL7Dwww=
-6,253,jH16f47dR3M9nCmh0mkXoJ0OFS0=,1T+5VipjZoeHvB5HenuECL7Dwww=
-5,253,jH16f47dR3M9nCmh0mkXoJ0OFS0=,1T+5VipjZoeHvB5HenuECL7Dwww=
-8,247,jH16f47dR3M9nCmh0mkXoJ0OFS0=,oB6SqKVYtCmwPKjboJnByIpuXxA=
-4,253,jH16f47dR3M9nCmh0mkXoJ0OFS0=,1T+5VipjZoeHvB5HenuECL7Dwww=
-6,252,jH16f47dR3M9nCmh0mkXoJ0OFS0=,1T+5VipjZoeHvB5HenuECL7Dwww=
-2,251,jH16f47dR3M9nCmh0mkXoJ0OFS0=,1T+5VipjZoeHvB5HenuECL7Dwww=
-5,250,jH16f47dR3M9nCmh0mkXoJ0OFS0=,1T+5VipjZoeHvB5HenuECL7Dwww=
-8,251,jH16f47dR3M9nCmh0mkXoJ0OFS0=,1T+5VipjZoeHvB5HenuECL7Dwww=
-7,247,jH16f47dR3M9nCmh0mkXoJ0OFS0=,oB6SqKVYtCmwPKjboJnByIpuXxA=
-6,247,jH16f47dR3M9nCmh0mkXoJ0OFS0=,oB6SqKVYtCmwPKjboJnByIpuXxA=
-6,251,jH16f47dR3M9nCmh0mkXoJ0OFS0=,1T+5VipjZoeHvB5HenuECL7Dwww=
-5,252,jH16f47dR3M9nCmh0mkXoJ0OFS0=,1T+5VipjZoeHvB5HenuECL7Dwww=
-3,251,jH16f47dR3M9nCmh0mkXoJ0OFS0=,1T+5VipjZoeHvB5HenuECL7Dwww=
-1,250,jH16f47dR3M9nCmh0mkXoJ0OFS0=,1T+5VipjZoeHvB5HenuECL7Dwww=
-4,251,jH16f47dR3M9nCmh0mkXoJ0OFS0=,1T+5VipjZoeHvB5HenuECL7Dwww=
-1,251,jH16f47dR3M9nCmh0mkXoJ0OFS0=,1T+5VipjZoeHvB5HenuECL7Dwww=
-3,250,jH16f47dR3M9nCmh0mkXoJ0OFS0=,1T+5VipjZoeHvB5HenuECL7Dwww=
-4,250,jH16f47dR3M9nCmh0mkXoJ0OFS0=,1T+5VipjZoeHvB5HenuECL7Dwww=
-5,251,jH16f47dR3M9nCmh0mkXoJ0OFS0=,1T+5VipjZoeHvB5HenuECL7Dwww=
-13,236,yt4BbqSJaOKrUi+h5gd025UI0MY=,WhAKFnug7rM9HR1x0dsS4au/51Q=
-12,232,yt4BbqSJaOKrUi+h5gd025UI0MY=,WhAKFnug7rM9HR1x0dsS4au/51Q=
-16,236,yt4BbqSJaOKrUi+h5gd025UI0MY=,WhAKFnug7rM9HR1x0dsS4au/51Q=
-11,238,yt4BbqSJaOKrUi+h5gd025UI0MY=,WhAKFnug7rM9HR1x0dsS4au/51Q=
-12,238,yt4BbqSJaOKrUi+h5gd025UI0MY=,WhAKFnug7rM9HR1x0dsS4au/51Q=
-14,236,yt4BbqSJaOKrUi+h5gd025UI0MY=,WhAKFnug7rM9HR1x0dsS4au/51Q=
-14,238,yt4BbqSJaOKrUi+h5gd025UI0MY=,WhAKFnug7rM9HR1x0dsS4au/51Q=
-15,236,yt4BbqSJaOKrUi+h5gd025UI0MY=,WhAKFnug7rM9HR1x0dsS4au/51Q=
-13,238,yt4BbqSJaOKrUi+h5gd025UI0MY=,WhAKFnug7rM9HR1x0dsS4au/51Q=
-15,238,yt4BbqSJaOKrUi+h5gd025UI0MY=,WhAKFnug7rM9HR1x0dsS4au/51Q=
-10,239,yt4BbqSJaOKrUi+h5gd025UI0MY=,WhAKFnug7rM9HR1x0dsS4au/51Q=
-10,235,yt4BbqSJaOKrUi+h5gd025UI0MY=,WhAKFnug7rM9HR1x0dsS4au/51Q=
-11,235,yt4BbqSJaOKrUi+h5gd025UI0MY=,WhAKFnug7rM9HR1x0dsS4au/51Q=
-10,234,yt4BbqSJaOKrUi+h5gd025UI0MY=,WhAKFnug7rM9HR1x0dsS4au/51Q=
-16,238,yt4BbqSJaOKrUi+h5gd025UI0MY=,WhAKFnug7rM9HR1x0dsS4au/51Q=
-11,239,yt4BbqSJaOKrUi+h5gd025UI0MY=,WhAKFnug7rM9HR1x0dsS4au/51Q=
-12,239,yt4BbqSJaOKrUi+h5gd025UI0MY=,WhAKFnug7rM9HR1x0dsS4au/51Q=
-11,237,yt4BbqSJaOKrUi+h5gd025UI0MY=,WhAKFnug7rM9HR1x0dsS4au/51Q=
-13,237,yt4BbqSJaOKrUi+h5gd025UI0MY=,WhAKFnug7rM9HR1x0dsS4au/51Q=
-15,237,yt4BbqSJaOKrUi+h5gd025UI0MY=,WhAKFnug7rM9HR1x0dsS4au/51Q=
-12,237,yt4BbqSJaOKrUi+h5gd025UI0MY=,WhAKFnug7rM9HR1x0dsS4au/51Q=
-16,237,yt4BbqSJaOKrUi+h5gd025UI0MY=,WhAKFnug7rM9HR1x0dsS4au/51Q=
-10,236,yt4BbqSJaOKrUi+h5gd025UI0MY=,WhAKFnug7rM9HR1x0dsS4au/51Q=
-13,239,yt4BbqSJaOKrUi+h5gd025UI0MY=,WhAKFnug7rM9HR1x0dsS4au/51Q=
-11,234,yt4BbqSJaOKrUi+h5gd025UI0MY=,WhAKFnug7rM9HR1x0dsS4au/51Q=
-13,232,yt4BbqSJaOKrUi+h5gd025UI0MY=,WhAKFnug7rM9HR1x0dsS4au/51Q=
-10,237,yt4BbqSJaOKrUi+h5gd025UI0MY=,WhAKFnug7rM9HR1x0dsS4au/51Q=
-11,236,yt4BbqSJaOKrUi+h5gd025UI0MY=,WhAKFnug7rM9HR1x0dsS4au/51Q=
-14,239,yt4BbqSJaOKrUi+h5gd025UI0MY=,WhAKFnug7rM9HR1x0dsS4au/51Q=
-12,234,yt4BbqSJaOKrUi+h5gd025UI0MY=,WhAKFnug7rM9HR1x0dsS4au/51Q=
-12,233,yt4BbqSJaOKrUi+h5gd025UI0MY=,WhAKFnug7rM9HR1x0dsS4au/51Q=
-11,233,yt4BbqSJaOKrUi+h5gd025UI0MY=,WhAKFnug7rM9HR1x0dsS4au/51Q=
-12,236,yt4BbqSJaOKrUi+h5gd025UI0MY=,WhAKFnug7rM9HR1x0dsS4au/51Q=
-14,232,yt4BbqSJaOKrUi+h5gd025UI0MY=,WhAKFnug7rM9HR1x0dsS4au/51Q=
-13,233,yt4BbqSJaOKrUi+h5gd025UI0MY=,WhAKFnug7rM9HR1x0dsS4au/51Q=
-15,239,yt4BbqSJaOKrUi+h5gd025UI0MY=,WhAKFnug7rM9HR1x0dsS4au/51Q=
-12,235,yt4BbqSJaOKrUi+h5gd025UI0MY=,WhAKFnug7rM9HR1x0dsS4au/51Q=
-16,239,yt4BbqSJaOKrUi+h5gd025UI0MY=,WhAKFnug7rM9HR1x0dsS4au/51Q=
-14,233,yt4BbqSJaOKrUi+h5gd025UI0MY=,WhAKFnug7rM9HR1x0dsS4au/51Q=
-13,235,yt4BbqSJaOKrUi+h5gd025UI0MY=,WhAKFnug7rM9HR1x0dsS4au/51Q=
-15,233,yt4BbqSJaOKrUi+h5gd025UI0MY=,WhAKFnug7rM9HR1x0dsS4au/51Q=
-16,233,yt4BbqSJaOKrUi+h5gd025UI0MY=,WhAKFnug7rM9HR1x0dsS4au/51Q=
-13,234,yt4BbqSJaOKrUi+h5gd025UI0MY=,WhAKFnug7rM9HR1x0dsS4au/51Q=
-15,235,yt4BbqSJaOKrUi+h5gd025UI0MY=,WhAKFnug7rM9HR1x0dsS4au/51Q=
-14,234,yt4BbqSJaOKrUi+h5gd025UI0MY=,WhAKFnug7rM9HR1x0dsS4au/51Q=
-14,235,yt4BbqSJaOKrUi+h5gd025UI0MY=,WhAKFnug7rM9HR1x0dsS4au/51Q=
-15,234,yt4BbqSJaOKrUi+h5gd025UI0MY=,WhAKFnug7rM9HR1x0dsS4au/51Q=
-15,232,yt4BbqSJaOKrUi+h5gd025UI0MY=,WhAKFnug7rM9HR1x0dsS4au/51Q=
-10,238,yt4BbqSJaOKrUi+h5gd025UI0MY=,WhAKFnug7rM9HR1x0dsS4au/51Q=
-10,233,yt4BbqSJaOKrUi+h5gd025UI0MY=,WhAKFnug7rM9HR1x0dsS4au/51Q=
-16,234,yt4BbqSJaOKrUi+h5gd025UI0MY=,WhAKFnug7rM9HR1x0dsS4au/51Q=
-10,232,yt4BbqSJaOKrUi+h5gd025UI0MY=,WhAKFnug7rM9HR1x0dsS4au/51Q=
-11,232,yt4BbqSJaOKrUi+h5gd025UI0MY=,WhAKFnug7rM9HR1x0dsS4au/51Q=
-16,235,yt4BbqSJaOKrUi+h5gd025UI0MY=,WhAKFnug7rM9HR1x0dsS4au/51Q=
-16,232,yt4BbqSJaOKrUi+h5gd025UI0MY=,WhAKFnug7rM9HR1x0dsS4au/51Q=
-14,237,yt4BbqSJaOKrUi+h5gd025UI0MY=,WhAKFnug7rM9HR1x0dsS4au/51Q=
-1,232,yt4BbqSJaOKrUi+h5gd025UI0MY=,6SyCt17zJfWirMr5ESQmMzLb30Q=
-9,233,yt4BbqSJaOKrUi+h5gd025UI0MY=,WhAKFnug7rM9HR1x0dsS4au/51Q=
-9,234,yt4BbqSJaOKrUi+h5gd025UI0MY=,WhAKFnug7rM9HR1x0dsS4au/51Q=
-9,237,yt4BbqSJaOKrUi+h5gd025UI0MY=,WhAKFnug7rM9HR1x0dsS4au/51Q=
-9,235,yt4BbqSJaOKrUi+h5gd025UI0MY=,WhAKFnug7rM9HR1x0dsS4au/51Q=
-9,239,yt4BbqSJaOKrUi+h5gd025UI0MY=,WhAKFnug7rM9HR1x0dsS4au/51Q=
-8,233,yt4BbqSJaOKrUi+h5gd025UI0MY=,6SyCt17zJfWirMr5ESQmMzLb30Q=
-9,236,yt4BbqSJaOKrUi+h5gd025UI0MY=,WhAKFnug7rM9HR1x0dsS4au/51Q=
-1,239,yt4BbqSJaOKrUi+h5gd025UI0MY=,6SyCt17zJfWirMr5ESQmMzLb30Q=
-7,233,yt4BbqSJaOKrUi+h5gd025UI0MY=,6SyCt17zJfWirMr5ESQmMzLb30Q=
-2,239,yt4BbqSJaOKrUi+h5gd025UI0MY=,6SyCt17zJfWirMr5ESQmMzLb30Q=
-3,239,yt4BbqSJaOKrUi+h5gd025UI0MY=,6SyCt17zJfWirMr5ESQmMzLb30Q=
-4,239,yt4BbqSJaOKrUi+h5gd025UI0MY=,6SyCt17zJfWirMr5ESQmMzLb30Q=
-6,233,yt4BbqSJaOKrUi+h5gd025UI0MY=,6SyCt17zJfWirMr5ESQmMzLb30Q=
-5,239,yt4BbqSJaOKrUi+h5gd025UI0MY=,6SyCt17zJfWirMr5ESQmMzLb30Q=
-6,239,yt4BbqSJaOKrUi+h5gd025UI0MY=,6SyCt17zJfWirMr5ESQmMzLb30Q=
-5,233,yt4BbqSJaOKrUi+h5gd025UI0MY=,6SyCt17zJfWirMr5ESQmMzLb30Q=
-8,239,yt4BbqSJaOKrUi+h5gd025UI0MY=,6SyCt17zJfWirMr5ESQmMzLb30Q=
-1,238,yt4BbqSJaOKrUi+h5gd025UI0MY=,6SyCt17zJfWirMr5ESQmMzLb30Q=
-4,233,yt4BbqSJaOKrUi+h5gd025UI0MY=,6SyCt17zJfWirMr5ESQmMzLb30Q=
-2,238,yt4BbqSJaOKrUi+h5gd025UI0MY=,6SyCt17zJfWirMr5ESQmMzLb30Q=
-3,238,yt4BbqSJaOKrUi+h5gd025UI0MY=,6SyCt17zJfWirMr5ESQmMzLb30Q=
-7,239,yt4BbqSJaOKrUi+h5gd025UI0MY=,6SyCt17zJfWirMr5ESQmMzLb30Q=
-8,232,yt4BbqSJaOKrUi+h5gd025UI0MY=,6SyCt17zJfWirMr5ESQmMzLb30Q=
-4,238,yt4BbqSJaOKrUi+h5gd025UI0MY=,6SyCt17zJfWirMr5ESQmMzLb30Q=
-5,238,yt4BbqSJaOKrUi+h5gd025UI0MY=,6SyCt17zJfWirMr5ESQmMzLb30Q=
-6,238,yt4BbqSJaOKrUi+h5gd025UI0MY=,6SyCt17zJfWirMr5ESQmMzLb30Q=
-3,233,yt4BbqSJaOKrUi+h5gd025UI0MY=,6SyCt17zJfWirMr5ESQmMzLb30Q=
-8,238,yt4BbqSJaOKrUi+h5gd025UI0MY=,6SyCt17zJfWirMr5ESQmMzLb30Q=
-2,237,yt4BbqSJaOKrUi+h5gd025UI0MY=,6SyCt17zJfWirMr5ESQmMzLb30Q=
-7,238,yt4BbqSJaOKrUi+h5gd025UI0MY=,6SyCt17zJfWirMr5ESQmMzLb30Q=
-7,232,yt4BbqSJaOKrUi+h5gd025UI0MY=,6SyCt17zJfWirMr5ESQmMzLb30Q=
-3,237,yt4BbqSJaOKrUi+h5gd025UI0MY=,6SyCt17zJfWirMr5ESQmMzLb30Q=
-5,237,yt4BbqSJaOKrUi+h5gd025UI0MY=,6SyCt17zJfWirMr5ESQmMzLb30Q=
-6,237,yt4BbqSJaOKrUi+h5gd025UI0MY=,6SyCt17zJfWirMr5ESQmMzLb30Q=
-2,233,yt4BbqSJaOKrUi+h5gd025UI0MY=,6SyCt17zJfWirMr5ESQmMzLb30Q=
-7,237,yt4BbqSJaOKrUi+h5gd025UI0MY=,6SyCt17zJfWirMr5ESQmMzLb30Q=
-1,236,yt4BbqSJaOKrUi+h5gd025UI0MY=,6SyCt17zJfWirMr5ESQmMzLb30Q=
-8,237,yt4BbqSJaOKrUi+h5gd025UI0MY=,6SyCt17zJfWirMr5ESQmMzLb30Q=
-2,236,yt4BbqSJaOKrUi+h5gd025UI0MY=,6SyCt17zJfWirMr5ESQmMzLb30Q=
-1,233,yt4BbqSJaOKrUi+h5gd025UI0MY=,6SyCt17zJfWirMr5ESQmMzLb30Q=
-4,236,yt4BbqSJaOKrUi+h5gd025UI0MY=,6SyCt17zJfWirMr5ESQmMzLb30Q=
-5,236,yt4BbqSJaOKrUi+h5gd025UI0MY=,6SyCt17zJfWirMr5ESQmMzLb30Q=
-6,236,yt4BbqSJaOKrUi+h5gd025UI0MY=,6SyCt17zJfWirMr5ESQmMzLb30Q=
-3,236,yt4BbqSJaOKrUi+h5gd025UI0MY=,6SyCt17zJfWirMr5ESQmMzLb30Q=
-8,234,yt4BbqSJaOKrUi+h5gd025UI0MY=,6SyCt17zJfWirMr5ESQmMzLb30Q=
-4,237,yt4BbqSJaOKrUi+h5gd025UI0MY=,6SyCt17zJfWirMr5ESQmMzLb30Q=
-1,235,yt4BbqSJaOKrUi+h5gd025UI0MY=,6SyCt17zJfWirMr5ESQmMzLb30Q=
-3,235,yt4BbqSJaOKrUi+h5gd025UI0MY=,6SyCt17zJfWirMr5ESQmMzLb30Q=
-7,234,yt4BbqSJaOKrUi+h5gd025UI0MY=,6SyCt17zJfWirMr5ESQmMzLb30Q=
-2,235,yt4BbqSJaOKrUi+h5gd025UI0MY=,6SyCt17zJfWirMr5ESQmMzLb30Q=
-7,236,yt4BbqSJaOKrUi+h5gd025UI0MY=,6SyCt17zJfWirMr5ESQmMzLb30Q=
-8,236,yt4BbqSJaOKrUi+h5gd025UI0MY=,6SyCt17zJfWirMr5ESQmMzLb30Q=
-4,235,yt4BbqSJaOKrUi+h5gd025UI0MY=,6SyCt17zJfWirMr5ESQmMzLb30Q=
-6,234,yt4BbqSJaOKrUi+h5gd025UI0MY=,6SyCt17zJfWirMr5ESQmMzLb30Q=
-2,232,yt4BbqSJaOKrUi+h5gd025UI0MY=,6SyCt17zJfWirMr5ESQmMzLb30Q=
-5,235,yt4BbqSJaOKrUi+h5gd025UI0MY=,6SyCt17zJfWirMr5ESQmMzLb30Q=
-3,232,yt4BbqSJaOKrUi+h5gd025UI0MY=,6SyCt17zJfWirMr5ESQmMzLb30Q=
-5,234,yt4BbqSJaOKrUi+h5gd025UI0MY=,6SyCt17zJfWirMr5ESQmMzLb30Q=
-6,235,yt4BbqSJaOKrUi+h5gd025UI0MY=,6SyCt17zJfWirMr5ESQmMzLb30Q=
-9,232,yt4BbqSJaOKrUi+h5gd025UI0MY=,WhAKFnug7rM9HR1x0dsS4au/51Q=
-4,232,yt4BbqSJaOKrUi+h5gd025UI0MY=,6SyCt17zJfWirMr5ESQmMzLb30Q=
-5,232,yt4BbqSJaOKrUi+h5gd025UI0MY=,6SyCt17zJfWirMr5ESQmMzLb30Q=
-4,234,yt4BbqSJaOKrUi+h5gd025UI0MY=,6SyCt17zJfWirMr5ESQmMzLb30Q=
-7,235,yt4BbqSJaOKrUi+h5gd025UI0MY=,6SyCt17zJfWirMr5ESQmMzLb30Q=
-8,235,yt4BbqSJaOKrUi+h5gd025UI0MY=,6SyCt17zJfWirMr5ESQmMzLb30Q=
-6,232,yt4BbqSJaOKrUi+h5gd025UI0MY=,6SyCt17zJfWirMr5ESQmMzLb30Q=
-3,234,yt4BbqSJaOKrUi+h5gd025UI0MY=,6SyCt17zJfWirMr5ESQmMzLb30Q=
-2,234,yt4BbqSJaOKrUi+h5gd025UI0MY=,6SyCt17zJfWirMr5ESQmMzLb30Q=
-1,237,yt4BbqSJaOKrUi+h5gd025UI0MY=,6SyCt17zJfWirMr5ESQmMzLb30Q=
-9,238,yt4BbqSJaOKrUi+h5gd025UI0MY=,WhAKFnug7rM9HR1x0dsS4au/51Q=
-1,234,yt4BbqSJaOKrUi+h5gd025UI0MY=,6SyCt17zJfWirMr5ESQmMzLb30Q=
