-134,-227,SoKmS+rbQq0l25Eiy8QoN0s4A8A=,lkub7q+Lr9tSibZDnUCAg6XfgWc=
-130,-231,SoKmS+rbQq0l25Eiy8QoN0s4A8A=,lkub7q+Lr9tSibZDnUCAg6XfgWc=
-135,-227,SoKmS+rbQq0l25Eiy8QoN0s4A8A=,lkub7q+Lr9tSibZDnUCAg6XfgWc=
-131,-231,SoKmS+rbQq0l25Eiy8QoN0s4A8A=,lkub7q+Lr9tSibZDnUCAg6XfgWc=
-130,-229,SoKmS+rbQq0l25Eiy8QoN0s4A8A=,lkub7q+Lr9tSibZDnUCAg6XfgWc=
-131,-229,SoKmS+rbQq0l25Eiy8QoN0s4A8A=,lkub7q+Lr9tSibZDnUCAg6XfgWc=
-132,-229,SoKmS+rbQq0l25Eiy8QoN0s4A8A=,lkub7q+Lr9tSibZDnUCAg6XfgWc=
-130,-227,SoKmS+rbQq0l25Eiy8QoN0s4A8A=,lkub7q+Lr9tSibZDnUCAg6XfgWc=
-132,-231,SoKmS+rbQq0l25Eiy8QoN0s4A8A=,lkub7q+Lr9tSibZDnUCAg6XfgWc=
-133,-231,SoKmS+rbQq0l25Eiy8QoN0s4A8A=,lkub7q+Lr9tSibZDnUCAg6XfgWc=
-131,-227,SoKmS+rbQq0l25Eiy8QoN0s4A8A=,lkub7q+Lr9tSibZDnUCAg6XfgWc=
-130,-228,SoKmS+rbQq0l25Eiy8QoN0s4A8A=,lkub7q+Lr9tSibZDnUCAg6XfgWc=
-131,-228,SoKmS+rbQq0l25Eiy8QoN0s4A8A=,lkub7q+Lr9tSibZDnUCAg6XfgWc=
-130,-230,SoKmS+rbQq0l25Eiy8QoN0s4A8A=,lkub7q+Lr9tSibZDnUCAg6XfgWc=
-133,-226,SoKmS+rbQq0l25Eiy8QoN0s4A8A=,lkub7q+Lr9tSibZDnUCAg6XfgWc=
-134,-231,SoKmS+rbQq0l25Eiy8QoN0s4A8A=,lkub7q+Lr9tSibZDnUCAg6XfgWc=
-132,-228,SoKmS+rbQq0l25Eiy8QoN0s4A8A=,lkub7q+Lr9tSibZDnUCAg6XfgWc=
-135,-231,SoKmS+rbQq0l25Eiy8QoN0s4A8A=,lkub7q+Lr9tSibZDnUCAg6XfgWc=
-132,-227,SoKmS+rbQq0l25Eiy8QoN0s4A8A=,lkub7q+Lr9tSibZDnUCAg6XfgWc=
-131,-230,SoKmS+rbQq0l25Eiy8QoN0s4A8A=,lkub7q+Lr9tSibZDnUCAg6XfgWc=
-133,-227,SoKmS+rbQq0l25Eiy8QoN0s4A8A=,lkub7q+Lr9tSibZDnUCAg6XfgWc=
-134,-229,SoKmS+rbQq0l25Eiy8QoN0s4A8A=,lkub7q+Lr9tSibZDnUCAg6XfgWc=
-132,-230,SoKmS+rbQq0l25Eiy8QoN0s4A8A=,lkub7q+Lr9tSibZDnUCAg6XfgWc=
-133,-230,SoKmS+rbQq0l25Eiy8QoN0s4A8A=,lkub7q+Lr9tSibZDnUCAg6XfgWc=
-134,-230,SoKmS+rbQq0l25Eiy8QoN0s4A8A=,lkub7q+Lr9tSibZDnUCAg6XfgWc=
-135,-229,SoKmS+rbQq0l25Eiy8QoN0s4A8A=,lkub7q+Lr9tSibZDnUCAg6XfgWc=
-130,-226,SoKmS+rbQq0l25Eiy8QoN0s4A8A=,lkub7q+Lr9tSibZDnUCAg6XfgWc=
-135,-230,SoKmS+rbQq0l25Eiy8QoN0s4A8A=,lkub7q+Lr9tSibZDnUCAg6XfgWc=
-131,-226,SoKmS+rbQq0l25Eiy8QoN0s4A8A=,lkub7q+Lr9tSibZDnUCAg6XfgWc=
-133,-228,SoKmS+rbQq0l25Eiy8QoN0s4A8A=,lkub7q+Lr9tSibZDnUCAg6XfgWc=
-140,-226,xtnoCUUGVsWX+eZTxnYdW/LvdZU=,4xa7e7Qnzg3CZYq8sEFH3XECGjw=
-139,-226,xtnoCUUGVsWX+eZTxnYdW/LvdZU=,4xa7e7Qnzg3CZYq8sEFH3XECGjw=
-136,-231,xtnoCUUGVsWX+eZTxnYdW/LvdZU=,lkub7q+Lr9tSibZDnUCAg6XfgWc=
-138,-226,xtnoCUUGVsWX+eZTxnYdW/LvdZU=,4xa7e7Qnzg3CZYq8sEFH3XECGjw=
-137,-226,xtnoCUUGVsWX+eZTxnYdW/LvdZU=,4xa7e7Qnzg3CZYq8sEFH3XECGjw=
-143,-225,xtnoCUUGVsWX+eZTxnYdW/LvdZU=,4xa7e7Qnzg3CZYq8sEFH3XECGjw=
-142,-225,xtnoCUUGVsWX+eZTxnYdW/LvdZU=,4xa7e7Qnzg3CZYq8sEFH3XECGjw=
-141,-225,xtnoCUUGVsWX+eZTxnYdW/LvdZU=,4xa7e7Qnzg3CZYq8sEFH3XECGjw=
-140,-225,xtnoCUUGVsWX+eZTxnYdW/LvdZU=,4xa7e7Qnzg3CZYq8sEFH3XECGjw=
-139,-225,xtnoCUUGVsWX+eZTxnYdW/LvdZU=,4xa7e7Qnzg3CZYq8sEFH3XECGjw=
-138,-225,xtnoCUUGVsWX+eZTxnYdW/LvdZU=,4xa7e7Qnzg3CZYq8sEFH3XECGjw=
-137,-231,xtnoCUUGVsWX+eZTxnYdW/LvdZU=,4xa7e7Qnzg3CZYq8sEFH3XECGjw=
-139,-230,xtnoCUUGVsWX+eZTxnYdW/LvdZU=,4xa7e7Qnzg3CZYq8sEFH3XECGjw=
-138,-230,xtnoCUUGVsWX+eZTxnYdW/LvdZU=,4xa7e7Qnzg3CZYq8sEFH3XECGjw=
-140,-229,xtnoCUUGVsWX+eZTxnYdW/LvdZU=,4xa7e7Qnzg3CZYq8sEFH3XECGjw=
-139,-229,xtnoCUUGVsWX+eZTxnYdW/LvdZU=,4xa7e7Qnzg3CZYq8sEFH3XECGjw=
-142,-228,xtnoCUUGVsWX+eZTxnYdW/LvdZU=,4xa7e7Qnzg3CZYq8sEFH3XECGjw=
-141,-228,xtnoCUUGVsWX+eZTxnYdW/LvdZU=,4xa7e7Qnzg3CZYq8sEFH3XECGjw=
-141,-226,xtnoCUUGVsWX+eZTxnYdW/LvdZU=,4xa7e7Qnzg3CZYq8sEFH3XECGjw=
-140,-228,xtnoCUUGVsWX+eZTxnYdW/LvdZU=,4xa7e7Qnzg3CZYq8sEFH3XECGjw=
-139,-228,xtnoCUUGVsWX+eZTxnYdW/LvdZU=,4xa7e7Qnzg3CZYq8sEFH3XECGjw=
-142,-226,xtnoCUUGVsWX+eZTxnYdW/LvdZU=,4xa7e7Qnzg3CZYq8sEFH3XECGjw=
-143,-226,xtnoCUUGVsWX+eZTxnYdW/LvdZU=,4xa7e7Qnzg3CZYq8sEFH3XECGjw=
-137,-227,xtnoCUUGVsWX+eZTxnYdW/LvdZU=,4xa7e7Qnzg3CZYq8sEFH3XECGjw=
-140,-227,xtnoCUUGVsWX+eZTxnYdW/LvdZU=,4xa7e7Qnzg3CZYq8sEFH3XECGjw=
-141,-227,xtnoCUUGVsWX+eZTxnYdW/LvdZU=,4xa7e7Qnzg3CZYq8sEFH3XECGjw=
-142,-227,xtnoCUUGVsWX+eZTxnYdW/LvdZU=,4xa7e7Qnzg3CZYq8sEFH3XECGjw=
-143,-227,xtnoCUUGVsWX+eZTxnYdW/LvdZU=,4xa7e7Qnzg3CZYq8sEFH3XECGjw=
-137,-228,xtnoCUUGVsWX+eZTxnYdW/LvdZU=,4xa7e7Qnzg3CZYq8sEFH3XECGjw=
-138,-228,xtnoCUUGVsWX+eZTxnYdW/LvdZU=,4xa7e7Qnzg3CZYq8sEFH3XECGjw=
-144,-231,xtnoCUUGVsWX+eZTxnYdW/LvdZU=,4xa7e7Qnzg3CZYq8sEFH3XECGjw=
-144,-230,xtnoCUUGVsWX+eZTxnYdW/LvdZU=,4xa7e7Qnzg3CZYq8sEFH3XECGjw=
-144,-229,xtnoCUUGVsWX+eZTxnYdW/LvdZU=,4xa7e7Qnzg3CZYq8sEFH3XECGjw=
-144,-228,xtnoCUUGVsWX+eZTxnYdW/LvdZU=,4xa7e7Qnzg3CZYq8sEFH3XECGjw=
-144,-226,xtnoCUUGVsWX+eZTxnYdW/LvdZU=,4xa7e7Qnzg3CZYq8sEFH3XECGjw=
-134,-235,xtnoCUUGVsWX+eZTxnYdW/LvdZU=,HMDYQjyaZqbM27fIuLnfWBSfJhY=
-130,-236,xtnoCUUGVsWX+eZTxnYdW/LvdZU=,HMDYQjyaZqbM27fIuLnfWBSfJhY=
-131,-232,xtnoCUUGVsWX+eZTxnYdW/LvdZU=,lkub7q+Lr9tSibZDnUCAg6XfgWc=
-132,-236,xtnoCUUGVsWX+eZTxnYdW/LvdZU=,HMDYQjyaZqbM27fIuLnfWBSfJhY=
-131,-236,xtnoCUUGVsWX+eZTxnYdW/LvdZU=,HMDYQjyaZqbM27fIuLnfWBSfJhY=
-134,-236,xtnoCUUGVsWX+eZTxnYdW/LvdZU=,HMDYQjyaZqbM27fIuLnfWBSfJhY=
-129,-237,xtnoCUUGVsWX+eZTxnYdW/LvdZU=,HMDYQjyaZqbM27fIuLnfWBSfJhY=
-130,-237,xtnoCUUGVsWX+eZTxnYdW/LvdZU=,HMDYQjyaZqbM27fIuLnfWBSfJhY=
-131,-237,xtnoCUUGVsWX+eZTxnYdW/LvdZU=,HMDYQjyaZqbM27fIuLnfWBSfJhY=
-132,-237,xtnoCUUGVsWX+eZTxnYdW/LvdZU=,HMDYQjyaZqbM27fIuLnfWBSfJhY=
-133,-232,xtnoCUUGVsWX+eZTxnYdW/LvdZU=,lkub7q+Lr9tSibZDnUCAg6XfgWc=
-132,-232,xtnoCUUGVsWX+eZTxnYdW/LvdZU=,lkub7q+Lr9tSibZDnUCAg6XfgWc=
-130,-233,xtnoCUUGVsWX+eZTxnYdW/LvdZU=,HMDYQjyaZqbM27fIuLnfWBSfJhY=
-131,-233,xtnoCUUGVsWX+eZTxnYdW/LvdZU=,HMDYQjyaZqbM27fIuLnfWBSfJhY=
-135,-232,xtnoCUUGVsWX+eZTxnYdW/LvdZU=,lkub7q+Lr9tSibZDnUCAg6XfgWc=
-133,-233,xtnoCUUGVsWX+eZTxnYdW/LvdZU=,HMDYQjyaZqbM27fIuLnfWBSfJhY=
-135,-233,xtnoCUUGVsWX+eZTxnYdW/LvdZU=,HMDYQjyaZqbM27fIuLnfWBSfJhY=
-134,-232,xtnoCUUGVsWX+eZTxnYdW/LvdZU=,lkub7q+Lr9tSibZDnUCAg6XfgWc=
-130,-234,xtnoCUUGVsWX+eZTxnYdW/LvdZU=,HMDYQjyaZqbM27fIuLnfWBSfJhY=
-131,-234,xtnoCUUGVsWX+eZTxnYdW/LvdZU=,HMDYQjyaZqbM27fIuLnfWBSfJhY=
-132,-234,xtnoCUUGVsWX+eZTxnYdW/LvdZU=,HMDYQjyaZqbM27fIuLnfWBSfJhY=
-134,-234,xtnoCUUGVsWX+eZTxnYdW/LvdZU=,HMDYQjyaZqbM27fIuLnfWBSfJhY=
-135,-234,xtnoCUUGVsWX+eZTxnYdW/LvdZU=,HMDYQjyaZqbM27fIuLnfWBSfJhY=
-129,-235,xtnoCUUGVsWX+eZTxnYdW/LvdZU=,HMDYQjyaZqbM27fIuLnfWBSfJhY=
-130,-232,xtnoCUUGVsWX+eZTxnYdW/LvdZU=,lkub7q+Lr9tSibZDnUCAg6XfgWc=
-130,-235,xtnoCUUGVsWX+eZTxnYdW/LvdZU=,HMDYQjyaZqbM27fIuLnfWBSfJhY=
-131,-235,xtnoCUUGVsWX+eZTxnYdW/LvdZU=,HMDYQjyaZqbM27fIuLnfWBSfJhY=
-132,-235,xtnoCUUGVsWX+eZTxnYdW/LvdZU=,HMDYQjyaZqbM27fIuLnfWBSfJhY=
-133,-235,xtnoCUUGVsWX+eZTxnYdW/LvdZU=,HMDYQjyaZqbM27fIuLnfWBSfJhY=
-129,-226,DRjdw+rRAYLvNI6nJDzfnLnnH60=,lkub7q+Lr9tSibZDnUCAg6XfgWc=
-129,-231,DRjdw+rRAYLvNI6nJDzfnLnnH60=,lkub7q+Lr9tSibZDnUCAg6XfgWc=
-129,-232,DRjdw+rRAYLvNI6nJDzfnLnnH60=,lkub7q+Lr9tSibZDnUCAg6XfgWc=
-129,-227,DRjdw+rRAYLvNI6nJDzfnLnnH60=,lkub7q+Lr9tSibZDnUCAg6XfgWc=
-129,-233,DRjdw+rRAYLvNI6nJDzfnLnnH60=,HMDYQjyaZqbM27fIuLnfWBSfJhY=
-129,-236,DRjdw+rRAYLvNI6nJDzfnLnnH60=,HMDYQjyaZqbM27fIuLnfWBSfJhY=
-129,-234,DRjdw+rRAYLvNI6nJDzfnLnnH60=,HMDYQjyaZqbM27fIuLnfWBSfJhY=
-132,-233,DRjdw+rRAYLvNI6nJDzfnLnnH60=,HMDYQjyaZqbM27fIuLnfWBSfJhY=
-136,-225,DRjdw+rRAYLvNI6nJDzfnLnnH60=,lkub7q+Lr9tSibZDnUCAg6XfgWc=
-135,-225,DRjdw+rRAYLvNI6nJDzfnLnnH60=,lkub7q+Lr9tSibZDnUCAg6XfgWc=
-134,-225,DRjdw+rRAYLvNI6nJDzfnLnnH60=,lkub7q+Lr9tSibZDnUCAg6XfgWc=
-133,-225,DRjdw+rRAYLvNI6nJDzfnLnnH60=,lkub7q+Lr9tSibZDnUCAg6XfgWc=
-132,-225,DRjdw+rRAYLvNI6nJDzfnLnnH60=,lkub7q+Lr9tSibZDnUCAg6XfgWc=
-137,-225,DRjdw+rRAYLvNI6nJDzfnLnnH60=,4xa7e7Qnzg3CZYq8sEFH3XECGjw=
-131,-225,DRjdw+rRAYLvNI6nJDzfnLnnH60=,lkub7q+Lr9tSibZDnUCAg6XfgWc=
-130,-225,DRjdw+rRAYLvNI6nJDzfnLnnH60=,lkub7q+Lr9tSibZDnUCAg6XfgWc=
-129,-225,DRjdw+rRAYLvNI6nJDzfnLnnH60=,lkub7q+Lr9tSibZDnUCAg6XfgWc=
-144,-225,DRjdw+rRAYLvNI6nJDzfnLnnH60=,4xa7e7Qnzg3CZYq8sEFH3XECGjw=
-132,-226,DRjdw+rRAYLvNI6nJDzfnLnnH60=,lkub7q+Lr9tSibZDnUCAg6XfgWc=
-139,-227,DRjdw+rRAYLvNI6nJDzfnLnnH60=,4xa7e7Qnzg3CZYq8sEFH3XECGjw=
-134,-226,DRjdw+rRAYLvNI6nJDzfnLnnH60=,lkub7q+Lr9tSibZDnUCAg6XfgWc=
-138,-227,DRjdw+rRAYLvNI6nJDzfnLnnH60=,4xa7e7Qnzg3CZYq8sEFH3XECGjw=
-135,-228,DRjdw+rRAYLvNI6nJDzfnLnnH60=,lkub7q+Lr9tSibZDnUCAg6XfgWc=
-143,-228,DRjdw+rRAYLvNI6nJDzfnLnnH60=,4xa7e7Qnzg3CZYq8sEFH3XECGjw=
-129,-228,DRjdw+rRAYLvNI6nJDzfnLnnH60=,lkub7q+Lr9tSibZDnUCAg6XfgWc=
-136,-228,DRjdw+rRAYLvNI6nJDzfnLnnH60=,lkub7q+Lr9tSibZDnUCAg6XfgWc=
-144,-227,DRjdw+rRAYLvNI6nJDzfnLnnH60=,4xa7e7Qnzg3CZYq8sEFH3XECGjw=
-134,-228,DRjdw+rRAYLvNI6nJDzfnLnnH60=,lkub7q+Lr9tSibZDnUCAg6XfgWc=
-136,-226,DRjdw+rRAYLvNI6nJDzfnLnnH60=,lkub7q+Lr9tSibZDnUCAg6XfgWc=
-136,-227,DRjdw+rRAYLvNI6nJDzfnLnnH60=,lkub7q+Lr9tSibZDnUCAg6XfgWc=
-135,-226,DRjdw+rRAYLvNI6nJDzfnLnnH60=,lkub7q+Lr9tSibZDnUCAg6XfgWc=
-144,-232,DRjdw+rRAYLvNI6nJDzfnLnnH60=,4xa7e7Qnzg3CZYq8sEFH3XECGjw=
-136,-232,DRjdw+rRAYLvNI6nJDzfnLnnH60=,lkub7q+Lr9tSibZDnUCAg6XfgWc=
-136,-229,DRjdw+rRAYLvNI6nJDzfnLnnH60=,lkub7q+Lr9tSibZDnUCAg6XfgWc=
-136,-230,DRjdw+rRAYLvNI6nJDzfnLnnH60=,lkub7q+Lr9tSibZDnUCAg6XfgWc=
-143,-231,DRjdw+rRAYLvNI6nJDzfnLnnH60=,4xa7e7Qnzg3CZYq8sEFH3XECGjw=
-143,-230,DRjdw+rRAYLvNI6nJDzfnLnnH60=,4xa7e7Qnzg3CZYq8sEFH3XECGjw=
-140,-230,DRjdw+rRAYLvNI6nJDzfnLnnH60=,4xa7e7Qnzg3CZYq8sEFH3XECGjw=
-141,-231,DRjdw+rRAYLvNI6nJDzfnLnnH60=,4xa7e7Qnzg3CZYq8sEFH3XECGjw=
-138,-229,DRjdw+rRAYLvNI6nJDzfnLnnH60=,4xa7e7Qnzg3CZYq8sEFH3XECGjw=
-143,-232,DRjdw+rRAYLvNI6nJDzfnLnnH60=,4xa7e7Qnzg3CZYq8sEFH3XECGjw=
-133,-229,DRjdw+rRAYLvNI6nJDzfnLnnH60=,lkub7q+Lr9tSibZDnUCAg6XfgWc=
-138,-231,DRjdw+rRAYLvNI6nJDzfnLnnH60=,4xa7e7Qnzg3CZYq8sEFH3XECGjw=
-129,-229,DRjdw+rRAYLvNI6nJDzfnLnnH60=,lkub7q+Lr9tSibZDnUCAg6XfgWc=
-137,-229,DRjdw+rRAYLvNI6nJDzfnLnnH60=,4xa7e7Qnzg3CZYq8sEFH3XECGjw=
-142,-231,DRjdw+rRAYLvNI6nJDzfnLnnH60=,4xa7e7Qnzg3CZYq8sEFH3XECGjw=
-137,-230,DRjdw+rRAYLvNI6nJDzfnLnnH60=,4xa7e7Qnzg3CZYq8sEFH3XECGjw=
-137,-232,DRjdw+rRAYLvNI6nJDzfnLnnH60=,4xa7e7Qnzg3CZYq8sEFH3XECGjw=
-135,-235,DRjdw+rRAYLvNI6nJDzfnLnnH60=,HMDYQjyaZqbM27fIuLnfWBSfJhY=
-143,-229,DRjdw+rRAYLvNI6nJDzfnLnnH60=,4xa7e7Qnzg3CZYq8sEFH3XECGjw=
-133,-236,DRjdw+rRAYLvNI6nJDzfnLnnH60=,HMDYQjyaZqbM27fIuLnfWBSfJhY=
-141,-229,DRjdw+rRAYLvNI6nJDzfnLnnH60=,4xa7e7Qnzg3CZYq8sEFH3XECGjw=
-139,-231,DRjdw+rRAYLvNI6nJDzfnLnnH60=,4xa7e7Qnzg3CZYq8sEFH3XECGjw=
-142,-232,DRjdw+rRAYLvNI6nJDzfnLnnH60=,4xa7e7Qnzg3CZYq8sEFH3XECGjw=
-129,-230,DRjdw+rRAYLvNI6nJDzfnLnnH60=,lkub7q+Lr9tSibZDnUCAg6XfgWc=
-141,-230,DRjdw+rRAYLvNI6nJDzfnLnnH60=,4xa7e7Qnzg3CZYq8sEFH3XECGjw=
-142,-229,DRjdw+rRAYLvNI6nJDzfnLnnH60=,4xa7e7Qnzg3CZYq8sEFH3XECGjw=
-137,-237,DRjdw+rRAYLvNI6nJDzfnLnnH60=,a1cNT9Y1LMXEBiDwYQR5Nv0UnfE=
-136,-236,DRjdw+rRAYLvNI6nJDzfnLnnH60=,HMDYQjyaZqbM27fIuLnfWBSfJhY=
-144,-238,DRjdw+rRAYLvNI6nJDzfnLnnH60=,a1cNT9Y1LMXEBiDwYQR5Nv0UnfE=
-140,-231,DRjdw+rRAYLvNI6nJDzfnLnnH60=,4xa7e7Qnzg3CZYq8sEFH3XECGjw=
-136,-237,DRjdw+rRAYLvNI6nJDzfnLnnH60=,HMDYQjyaZqbM27fIuLnfWBSfJhY=
-142,-230,DRjdw+rRAYLvNI6nJDzfnLnnH60=,4xa7e7Qnzg3CZYq8sEFH3XECGjw=
-141,-233,DRjdw+rRAYLvNI6nJDzfnLnnH60=,a1cNT9Y1LMXEBiDwYQR5Nv0UnfE=
-139,-233,DRjdw+rRAYLvNI6nJDzfnLnnH60=,a1cNT9Y1LMXEBiDwYQR5Nv0UnfE=
-135,-237,DRjdw+rRAYLvNI6nJDzfnLnnH60=,HMDYQjyaZqbM27fIuLnfWBSfJhY=
-142,-233,DRjdw+rRAYLvNI6nJDzfnLnnH60=,a1cNT9Y1LMXEBiDwYQR5Nv0UnfE=
-136,-238,DRjdw+rRAYLvNI6nJDzfnLnnH60=,HMDYQjyaZqbM27fIuLnfWBSfJhY=
-137,-238,DRjdw+rRAYLvNI6nJDzfnLnnH60=,a1cNT9Y1LMXEBiDwYQR5Nv0UnfE=
-135,-236,DRjdw+rRAYLvNI6nJDzfnLnnH60=,HMDYQjyaZqbM27fIuLnfWBSfJhY=
-133,-237,DRjdw+rRAYLvNI6nJDzfnLnnH60=,HMDYQjyaZqbM27fIuLnfWBSfJhY=
-144,-240,DRjdw+rRAYLvNI6nJDzfnLnnH60=,a1cNT9Y1LMXEBiDwYQR5Nv0UnfE=
-141,-232,DRjdw+rRAYLvNI6nJDzfnLnnH60=,4xa7e7Qnzg3CZYq8sEFH3XECGjw=
-138,-232,DRjdw+rRAYLvNI6nJDzfnLnnH60=,4xa7e7Qnzg3CZYq8sEFH3XECGjw=
-140,-232,DRjdw+rRAYLvNI6nJDzfnLnnH60=,4xa7e7Qnzg3CZYq8sEFH3XECGjw=
-135,-238,DRjdw+rRAYLvNI6nJDzfnLnnH60=,HMDYQjyaZqbM27fIuLnfWBSfJhY=
-134,-238,DRjdw+rRAYLvNI6nJDzfnLnnH60=,HMDYQjyaZqbM27fIuLnfWBSfJhY=
-140,-233,DRjdw+rRAYLvNI6nJDzfnLnnH60=,a1cNT9Y1LMXEBiDwYQR5Nv0UnfE=
-137,-239,DRjdw+rRAYLvNI6nJDzfnLnnH60=,a1cNT9Y1LMXEBiDwYQR5Nv0UnfE=
-133,-238,DRjdw+rRAYLvNI6nJDzfnLnnH60=,HMDYQjyaZqbM27fIuLnfWBSfJhY=
-141,-238,DRjdw+rRAYLvNI6nJDzfnLnnH60=,a1cNT9Y1LMXEBiDwYQR5Nv0UnfE=
-142,-238,DRjdw+rRAYLvNI6nJDzfnLnnH60=,a1cNT9Y1LMXEBiDwYQR5Nv0UnfE=
-140,-238,DRjdw+rRAYLvNI6nJDzfnLnnH60=,a1cNT9Y1LMXEBiDwYQR5Nv0UnfE=
-129,-240,DRjdw+rRAYLvNI6nJDzfnLnnH60=,HMDYQjyaZqbM27fIuLnfWBSfJhY=
-139,-237,DRjdw+rRAYLvNI6nJDzfnLnnH60=,a1cNT9Y1LMXEBiDwYQR5Nv0UnfE=
-143,-238,DRjdw+rRAYLvNI6nJDzfnLnnH60=,a1cNT9Y1LMXEBiDwYQR5Nv0UnfE=
-141,-237,DRjdw+rRAYLvNI6nJDzfnLnnH60=,a1cNT9Y1LMXEBiDwYQR5Nv0UnfE=
-140,-237,DRjdw+rRAYLvNI6nJDzfnLnnH60=,a1cNT9Y1LMXEBiDwYQR5Nv0UnfE=
-136,-233,DRjdw+rRAYLvNI6nJDzfnLnnH60=,HMDYQjyaZqbM27fIuLnfWBSfJhY=
-139,-232,DRjdw+rRAYLvNI6nJDzfnLnnH60=,4xa7e7Qnzg3CZYq8sEFH3XECGjw=
-138,-237,DRjdw+rRAYLvNI6nJDzfnLnnH60=,a1cNT9Y1LMXEBiDwYQR5Nv0UnfE=
-142,-237,DRjdw+rRAYLvNI6nJDzfnLnnH60=,a1cNT9Y1LMXEBiDwYQR5Nv0UnfE=
-144,-236,DRjdw+rRAYLvNI6nJDzfnLnnH60=,a1cNT9Y1LMXEBiDwYQR5Nv0UnfE=
-138,-233,DRjdw+rRAYLvNI6nJDzfnLnnH60=,a1cNT9Y1LMXEBiDwYQR5Nv0UnfE=
-144,-237,DRjdw+rRAYLvNI6nJDzfnLnnH60=,a1cNT9Y1LMXEBiDwYQR5Nv0UnfE=
-138,-238,DRjdw+rRAYLvNI6nJDzfnLnnH60=,a1cNT9Y1LMXEBiDwYQR5Nv0UnfE=
-133,-234,DRjdw+rRAYLvNI6nJDzfnLnnH60=,HMDYQjyaZqbM27fIuLnfWBSfJhY=
-134,-233,DRjdw+rRAYLvNI6nJDzfnLnnH60=,HMDYQjyaZqbM27fIuLnfWBSfJhY=
-137,-233,DRjdw+rRAYLvNI6nJDzfnLnnH60=,a1cNT9Y1LMXEBiDwYQR5Nv0UnfE=
-139,-238,DRjdw+rRAYLvNI6nJDzfnLnnH60=,a1cNT9Y1LMXEBiDwYQR5Nv0UnfE=
-130,-240,DRjdw+rRAYLvNI6nJDzfnLnnH60=,HMDYQjyaZqbM27fIuLnfWBSfJhY=
-133,-240,DRjdw+rRAYLvNI6nJDzfnLnnH60=,HMDYQjyaZqbM27fIuLnfWBSfJhY=
-135,-240,DRjdw+rRAYLvNI6nJDzfnLnnH60=,HMDYQjyaZqbM27fIuLnfWBSfJhY=
-136,-234,DRjdw+rRAYLvNI6nJDzfnLnnH60=,HMDYQjyaZqbM27fIuLnfWBSfJhY=
-143,-237,DRjdw+rRAYLvNI6nJDzfnLnnH60=,a1cNT9Y1LMXEBiDwYQR5Nv0UnfE=
-135,-239,DRjdw+rRAYLvNI6nJDzfnLnnH60=,HMDYQjyaZqbM27fIuLnfWBSfJhY=
-134,-237,DRjdw+rRAYLvNI6nJDzfnLnnH60=,HMDYQjyaZqbM27fIuLnfWBSfJhY=
-136,-235,DRjdw+rRAYLvNI6nJDzfnLnnH60=,HMDYQjyaZqbM27fIuLnfWBSfJhY=
-129,-238,DRjdw+rRAYLvNI6nJDzfnLnnH60=,HMDYQjyaZqbM27fIuLnfWBSfJhY=
-144,-233,DRjdw+rRAYLvNI6nJDzfnLnnH60=,a1cNT9Y1LMXEBiDwYQR5Nv0UnfE=
-143,-233,DRjdw+rRAYLvNI6nJDzfnLnnH60=,a1cNT9Y1LMXEBiDwYQR5Nv0UnfE=
-131,-238,DRjdw+rRAYLvNI6nJDzfnLnnH60=,HMDYQjyaZqbM27fIuLnfWBSfJhY=
-138,-239,DRjdw+rRAYLvNI6nJDzfnLnnH60=,a1cNT9Y1LMXEBiDwYQR5Nv0UnfE=
-134,-239,DRjdw+rRAYLvNI6nJDzfnLnnH60=,HMDYQjyaZqbM27fIuLnfWBSfJhY=
-130,-238,DRjdw+rRAYLvNI6nJDzfnLnnH60=,HMDYQjyaZqbM27fIuLnfWBSfJhY=
-143,-236,DRjdw+rRAYLvNI6nJDzfnLnnH60=,a1cNT9Y1LMXEBiDwYQR5Nv0UnfE=
-137,-234,DRjdw+rRAYLvNI6nJDzfnLnnH60=,a1cNT9Y1LMXEBiDwYQR5Nv0UnfE=
-134,-240,DRjdw+rRAYLvNI6nJDzfnLnnH60=,HMDYQjyaZqbM27fIuLnfWBSfJhY=
-129,-239,DRjdw+rRAYLvNI6nJDzfnLnnH60=,HMDYQjyaZqbM27fIuLnfWBSfJhY=
-130,-239,DRjdw+rRAYLvNI6nJDzfnLnnH60=,HMDYQjyaZqbM27fIuLnfWBSfJhY=
-131,-239,DRjdw+rRAYLvNI6nJDzfnLnnH60=,HMDYQjyaZqbM27fIuLnfWBSfJhY=
-144,-234,DRjdw+rRAYLvNI6nJDzfnLnnH60=,a1cNT9Y1LMXEBiDwYQR5Nv0UnfE=
-132,-240,DRjdw+rRAYLvNI6nJDzfnLnnH60=,HMDYQjyaZqbM27fIuLnfWBSfJhY=
-131,-240,DRjdw+rRAYLvNI6nJDzfnLnnH60=,HMDYQjyaZqbM27fIuLnfWBSfJhY=
-133,-239,DRjdw+rRAYLvNI6nJDzfnLnnH60=,HMDYQjyaZqbM27fIuLnfWBSfJhY=
-141,-234,DRjdw+rRAYLvNI6nJDzfnLnnH60=,a1cNT9Y1LMXEBiDwYQR5Nv0UnfE=
-138,-234,DRjdw+rRAYLvNI6nJDzfnLnnH60=,a1cNT9Y1LMXEBiDwYQR5Nv0UnfE=
-142,-236,DRjdw+rRAYLvNI6nJDzfnLnnH60=,a1cNT9Y1LMXEBiDwYQR5Nv0UnfE=
-132,-238,DRjdw+rRAYLvNI6nJDzfnLnnH60=,HMDYQjyaZqbM27fIuLnfWBSfJhY=
-140,-239,DRjdw+rRAYLvNI6nJDzfnLnnH60=,a1cNT9Y1LMXEBiDwYQR5Nv0UnfE=
-144,-239,DRjdw+rRAYLvNI6nJDzfnLnnH60=,a1cNT9Y1LMXEBiDwYQR5Nv0UnfE=
-143,-239,DRjdw+rRAYLvNI6nJDzfnLnnH60=,a1cNT9Y1LMXEBiDwYQR5Nv0UnfE=
-137,-235,DRjdw+rRAYLvNI6nJDzfnLnnH60=,a1cNT9Y1LMXEBiDwYQR5Nv0UnfE=
-139,-239,DRjdw+rRAYLvNI6nJDzfnLnnH60=,a1cNT9Y1LMXEBiDwYQR5Nv0UnfE=
-142,-239,DRjdw+rRAYLvNI6nJDzfnLnnH60=,a1cNT9Y1LMXEBiDwYQR5Nv0UnfE=
-138,-240,DRjdw+rRAYLvNI6nJDzfnLnnH60=,a1cNT9Y1LMXEBiDwYQR5Nv0UnfE=
-143,-234,DRjdw+rRAYLvNI6nJDzfnLnnH60=,a1cNT9Y1LMXEBiDwYQR5Nv0UnfE=
-139,-234,DRjdw+rRAYLvNI6nJDzfnLnnH60=,a1cNT9Y1LMXEBiDwYQR5Nv0UnfE=
-132,-239,DRjdw+rRAYLvNI6nJDzfnLnnH60=,HMDYQjyaZqbM27fIuLnfWBSfJhY=
-141,-239,DRjdw+rRAYLvNI6nJDzfnLnnH60=,a1cNT9Y1LMXEBiDwYQR5Nv0UnfE=
-141,-235,DRjdw+rRAYLvNI6nJDzfnLnnH60=,a1cNT9Y1LMXEBiDwYQR5Nv0UnfE=
-140,-240,DRjdw+rRAYLvNI6nJDzfnLnnH60=,a1cNT9Y1LMXEBiDwYQR5Nv0UnfE=
-139,-235,DRjdw+rRAYLvNI6nJDzfnLnnH60=,a1cNT9Y1LMXEBiDwYQR5Nv0UnfE=
-141,-240,DRjdw+rRAYLvNI6nJDzfnLnnH60=,a1cNT9Y1LMXEBiDwYQR5Nv0UnfE=
-139,-240,DRjdw+rRAYLvNI6nJDzfnLnnH60=,a1cNT9Y1LMXEBiDwYQR5Nv0UnfE=
-136,-239,DRjdw+rRAYLvNI6nJDzfnLnnH60=,HMDYQjyaZqbM27fIuLnfWBSfJhY=
-143,-235,DRjdw+rRAYLvNI6nJDzfnLnnH60=,a1cNT9Y1LMXEBiDwYQR5Nv0UnfE=
-141,-236,DRjdw+rRAYLvNI6nJDzfnLnnH60=,a1cNT9Y1LMXEBiDwYQR5Nv0UnfE=
-144,-235,DRjdw+rRAYLvNI6nJDzfnLnnH60=,a1cNT9Y1LMXEBiDwYQR5Nv0UnfE=
-138,-235,DRjdw+rRAYLvNI6nJDzfnLnnH60=,a1cNT9Y1LMXEBiDwYQR5Nv0UnfE=
-140,-235,DRjdw+rRAYLvNI6nJDzfnLnnH60=,a1cNT9Y1LMXEBiDwYQR5Nv0UnfE=
-137,-240,DRjdw+rRAYLvNI6nJDzfnLnnH60=,a1cNT9Y1LMXEBiDwYQR5Nv0UnfE=
-139,-236,DRjdw+rRAYLvNI6nJDzfnLnnH60=,a1cNT9Y1LMXEBiDwYQR5Nv0UnfE=
-140,-234,DRjdw+rRAYLvNI6nJDzfnLnnH60=,a1cNT9Y1LMXEBiDwYQR5Nv0UnfE=
-142,-234,DRjdw+rRAYLvNI6nJDzfnLnnH60=,a1cNT9Y1LMXEBiDwYQR5Nv0UnfE=
-142,-235,DRjdw+rRAYLvNI6nJDzfnLnnH60=,a1cNT9Y1LMXEBiDwYQR5Nv0UnfE=
-136,-240,DRjdw+rRAYLvNI6nJDzfnLnnH60=,HMDYQjyaZqbM27fIuLnfWBSfJhY=
-142,-240,DRjdw+rRAYLvNI6nJDzfnLnnH60=,a1cNT9Y1LMXEBiDwYQR5Nv0UnfE=
-137,-236,DRjdw+rRAYLvNI6nJDzfnLnnH60=,a1cNT9Y1LMXEBiDwYQR5Nv0UnfE=
-138,-236,DRjdw+rRAYLvNI6nJDzfnLnnH60=,a1cNT9Y1LMXEBiDwYQR5Nv0UnfE=
-143,-240,DRjdw+rRAYLvNI6nJDzfnLnnH60=,a1cNT9Y1LMXEBiDwYQR5Nv0UnfE=
-140,-236,DRjdw+rRAYLvNI6nJDzfnLnnH60=,a1cNT9Y1LMXEBiDwYQR5Nv0UnfE=
-135,-255,RHshs6PxE1vZWLVyEITdnD1I8mo=,9Y14+MruqvQrS72SmSPXKp6iP/g=
-134,-255,RHshs6PxE1vZWLVyEITdnD1I8mo=,9Y14+MruqvQrS72SmSPXKp6iP/g=
-133,-255,RHshs6PxE1vZWLVyEITdnD1I8mo=,9Y14+MruqvQrS72SmSPXKp6iP/g=
-135,-254,RHshs6PxE1vZWLVyEITdnD1I8mo=,9Y14+MruqvQrS72SmSPXKp6iP/g=
-133,-254,RHshs6PxE1vZWLVyEITdnD1I8mo=,9Y14+MruqvQrS72SmSPXKp6iP/g=
-132,-254,RHshs6PxE1vZWLVyEITdnD1I8mo=,9Y14+MruqvQrS72SmSPXKp6iP/g=
-130,-254,RHshs6PxE1vZWLVyEITdnD1I8mo=,9Y14+MruqvQrS72SmSPXKp6iP/g=
-130,-250,RHshs6PxE1vZWLVyEITdnD1I8mo=,9Y14+MruqvQrS72SmSPXKp6iP/g=
-130,-251,RHshs6PxE1vZWLVyEITdnD1I8mo=,9Y14+MruqvQrS72SmSPXKp6iP/g=
-131,-251,RHshs6PxE1vZWLVyEITdnD1I8mo=,9Y14+MruqvQrS72SmSPXKp6iP/g=
-132,-251,RHshs6PxE1vZWLVyEITdnD1I8mo=,9Y14+MruqvQrS72SmSPXKp6iP/g=
-133,-251,RHshs6PxE1vZWLVyEITdnD1I8mo=,9Y14+MruqvQrS72SmSPXKp6iP/g=
-135,-252,RHshs6PxE1vZWLVyEITdnD1I8mo=,9Y14+MruqvQrS72SmSPXKp6iP/g=
-130,-253,RHshs6PxE1vZWLVyEITdnD1I8mo=,9Y14+MruqvQrS72SmSPXKp6iP/g=
-133,-253,RHshs6PxE1vZWLVyEITdnD1I8mo=,9Y14+MruqvQrS72SmSPXKp6iP/g=
-135,-253,RHshs6PxE1vZWLVyEITdnD1I8mo=,9Y14+MruqvQrS72SmSPXKp6iP/g=
-136,-255,CppuQos1k5kJQ5M8Z41QOfGnqaY=,9Y14+MruqvQrS72SmSPXKp6iP/g=
-141,-255,CppuQos1k5kJQ5M8Z41QOfGnqaY=,CE6BnAPFDIUE8knof99G9enu+1Q=
-142,-255,CppuQos1k5kJQ5M8Z41QOfGnqaY=,CE6BnAPFDIUE8knof99G9enu+1Q=
-143,-255,CppuQos1k5kJQ5M8Z41QOfGnqaY=,CE6BnAPFDIUE8knof99G9enu+1Q=
-143,-250,CppuQos1k5kJQ5M8Z41QOfGnqaY=,CE6BnAPFDIUE8knof99G9enu+1Q=
-137,-251,CppuQos1k5kJQ5M8Z41QOfGnqaY=,CE6BnAPFDIUE8knof99G9enu+1Q=
-143,-251,CppuQos1k5kJQ5M8Z41QOfGnqaY=,CE6BnAPFDIUE8knof99G9enu+1Q=
-137,-252,CppuQos1k5kJQ5M8Z41QOfGnqaY=,CE6BnAPFDIUE8knof99G9enu+1Q=
-138,-252,CppuQos1k5kJQ5M8Z41QOfGnqaY=,CE6BnAPFDIUE8knof99G9enu+1Q=
-139,-252,CppuQos1k5kJQ5M8Z41QOfGnqaY=,CE6BnAPFDIUE8knof99G9enu+1Q=
-136,-250,CppuQos1k5kJQ5M8Z41QOfGnqaY=,9Y14+MruqvQrS72SmSPXKp6iP/g=
-136,-251,CppuQos1k5kJQ5M8Z41QOfGnqaY=,9Y14+MruqvQrS72SmSPXKp6iP/g=
-142,-252,CppuQos1k5kJQ5M8Z41QOfGnqaY=,CE6BnAPFDIUE8knof99G9enu+1Q=
-136,-252,CppuQos1k5kJQ5M8Z41QOfGnqaY=,9Y14+MruqvQrS72SmSPXKp6iP/g=
-136,-253,CppuQos1k5kJQ5M8Z41QOfGnqaY=,9Y14+MruqvQrS72SmSPXKp6iP/g=
-138,-253,CppuQos1k5kJQ5M8Z41QOfGnqaY=,CE6BnAPFDIUE8knof99G9enu+1Q=
-139,-253,CppuQos1k5kJQ5M8Z41QOfGnqaY=,CE6BnAPFDIUE8knof99G9enu+1Q=
-140,-253,CppuQos1k5kJQ5M8Z41QOfGnqaY=,CE6BnAPFDIUE8knof99G9enu+1Q=
-141,-253,CppuQos1k5kJQ5M8Z41QOfGnqaY=,CE6BnAPFDIUE8knof99G9enu+1Q=
-136,-254,CppuQos1k5kJQ5M8Z41QOfGnqaY=,9Y14+MruqvQrS72SmSPXKp6iP/g=
-143,-253,CppuQos1k5kJQ5M8Z41QOfGnqaY=,CE6BnAPFDIUE8knof99G9enu+1Q=
-137,-254,CppuQos1k5kJQ5M8Z41QOfGnqaY=,CE6BnAPFDIUE8knof99G9enu+1Q=
-138,-254,CppuQos1k5kJQ5M8Z41QOfGnqaY=,CE6BnAPFDIUE8knof99G9enu+1Q=
-140,-254,CppuQos1k5kJQ5M8Z41QOfGnqaY=,CE6BnAPFDIUE8knof99G9enu+1Q=
-141,-254,CppuQos1k5kJQ5M8Z41QOfGnqaY=,CE6BnAPFDIUE8knof99G9enu+1Q=
-142,-254,CppuQos1k5kJQ5M8Z41QOfGnqaY=,CE6BnAPFDIUE8knof99G9enu+1Q=
-143,-254,CppuQos1k5kJQ5M8Z41QOfGnqaY=,CE6BnAPFDIUE8knof99G9enu+1Q=
-137,-255,CppuQos1k5kJQ5M8Z41QOfGnqaY=,CE6BnAPFDIUE8knof99G9enu+1Q=
-138,-255,CppuQos1k5kJQ5M8Z41QOfGnqaY=,CE6BnAPFDIUE8knof99G9enu+1Q=
-139,-255,CppuQos1k5kJQ5M8Z41QOfGnqaY=,CE6BnAPFDIUE8knof99G9enu+1Q=
-140,-255,CppuQos1k5kJQ5M8Z41QOfGnqaY=,CE6BnAPFDIUE8knof99G9enu+1Q=
-132,-248,vFck61/k3OGtH9cIJEKV6dILH/o=,sAXumC9T0sDDakoQeII8zcUgdX8=
-131,-249,vFck61/k3OGtH9cIJEKV6dILH/o=,9Y14+MruqvQrS72SmSPXKp6iP/g=
-130,-249,vFck61/k3OGtH9cIJEKV6dILH/o=,9Y14+MruqvQrS72SmSPXKp6iP/g=
-131,-247,vFck61/k3OGtH9cIJEKV6dILH/o=,sAXumC9T0sDDakoQeII8zcUgdX8=
-133,-249,vFck61/k3OGtH9cIJEKV6dILH/o=,9Y14+MruqvQrS72SmSPXKp6iP/g=
-131,-248,vFck61/k3OGtH9cIJEKV6dILH/o=,sAXumC9T0sDDakoQeII8zcUgdX8=
-135,-256,vFck61/k3OGtH9cIJEKV6dILH/o=,9Y14+MruqvQrS72SmSPXKp6iP/g=
-134,-256,vFck61/k3OGtH9cIJEKV6dILH/o=,9Y14+MruqvQrS72SmSPXKp6iP/g=
-133,-256,vFck61/k3OGtH9cIJEKV6dILH/o=,9Y14+MruqvQrS72SmSPXKp6iP/g=
-132,-256,vFck61/k3OGtH9cIJEKV6dILH/o=,9Y14+MruqvQrS72SmSPXKp6iP/g=
-131,-256,vFck61/k3OGtH9cIJEKV6dILH/o=,9Y14+MruqvQrS72SmSPXKp6iP/g=
-136,-256,vFck61/k3OGtH9cIJEKV6dILH/o=,9Y14+MruqvQrS72SmSPXKp6iP/g=
-137,-256,vFck61/k3OGtH9cIJEKV6dILH/o=,CE6BnAPFDIUE8knof99G9enu+1Q=
-138,-256,6wiYB7DWGGJzC1D0W4BJOY1GTKs=,CE6BnAPFDIUE8knof99G9enu+1Q=
-139,-256,6wiYB7DWGGJzC1D0W4BJOY1GTKs=,CE6BnAPFDIUE8knof99G9enu+1Q=
-140,-256,6wiYB7DWGGJzC1D0W4BJOY1GTKs=,CE6BnAPFDIUE8knof99G9enu+1Q=
-141,-256,6wiYB7DWGGJzC1D0W4BJOY1GTKs=,CE6BnAPFDIUE8knof99G9enu+1Q=
-142,-256,6wiYB7DWGGJzC1D0W4BJOY1GTKs=,CE6BnAPFDIUE8knof99G9enu+1Q=
-143,-256,6wiYB7DWGGJzC1D0W4BJOY1GTKs=,CE6BnAPFDIUE8knof99G9enu+1Q=
-139,-254,6wiYB7DWGGJzC1D0W4BJOY1GTKs=,CE6BnAPFDIUE8knof99G9enu+1Q=
-137,-253,6wiYB7DWGGJzC1D0W4BJOY1GTKs=,CE6BnAPFDIUE8knof99G9enu+1Q=
-134,-254,6wiYB7DWGGJzC1D0W4BJOY1GTKs=,9Y14+MruqvQrS72SmSPXKp6iP/g=
-134,-253,6wiYB7DWGGJzC1D0W4BJOY1GTKs=,9Y14+MruqvQrS72SmSPXKp6iP/g=
-129,-254,6wiYB7DWGGJzC1D0W4BJOY1GTKs=,9Y14+MruqvQrS72SmSPXKp6iP/g=
-129,-249,6wiYB7DWGGJzC1D0W4BJOY1GTKs=,9Y14+MruqvQrS72SmSPXKp6iP/g=
-129,-250,6wiYB7DWGGJzC1D0W4BJOY1GTKs=,9Y14+MruqvQrS72SmSPXKp6iP/g=
-129,-251,6wiYB7DWGGJzC1D0W4BJOY1GTKs=,9Y14+MruqvQrS72SmSPXKp6iP/g=
-130,-248,6wiYB7DWGGJzC1D0W4BJOY1GTKs=,sAXumC9T0sDDakoQeII8zcUgdX8=
-131,-250,6wiYB7DWGGJzC1D0W4BJOY1GTKs=,9Y14+MruqvQrS72SmSPXKp6iP/g=
-132,-250,6wiYB7DWGGJzC1D0W4BJOY1GTKs=,9Y14+MruqvQrS72SmSPXKp6iP/g=
-130,-252,6wiYB7DWGGJzC1D0W4BJOY1GTKs=,9Y14+MruqvQrS72SmSPXKp6iP/g=
-132,-252,6wiYB7DWGGJzC1D0W4BJOY1GTKs=,9Y14+MruqvQrS72SmSPXKp6iP/g=
-129,-252,6wiYB7DWGGJzC1D0W4BJOY1GTKs=,9Y14+MruqvQrS72SmSPXKp6iP/g=
-130,-247,6wiYB7DWGGJzC1D0W4BJOY1GTKs=,sAXumC9T0sDDakoQeII8zcUgdX8=
-131,-252,6wiYB7DWGGJzC1D0W4BJOY1GTKs=,9Y14+MruqvQrS72SmSPXKp6iP/g=
-129,-247,6wiYB7DWGGJzC1D0W4BJOY1GTKs=,sAXumC9T0sDDakoQeII8zcUgdX8=
-132,-247,6wiYB7DWGGJzC1D0W4BJOY1GTKs=,sAXumC9T0sDDakoQeII8zcUgdX8=
-129,-253,6wiYB7DWGGJzC1D0W4BJOY1GTKs=,9Y14+MruqvQrS72SmSPXKp6iP/g=
-129,-248,6wiYB7DWGGJzC1D0W4BJOY1GTKs=,sAXumC9T0sDDakoQeII8zcUgdX8=
-132,-246,6wiYB7DWGGJzC1D0W4BJOY1GTKs=,sAXumC9T0sDDakoQeII8zcUgdX8=
-129,-246,6wiYB7DWGGJzC1D0W4BJOY1GTKs=,sAXumC9T0sDDakoQeII8zcUgdX8=
-132,-249,6wiYB7DWGGJzC1D0W4BJOY1GTKs=,9Y14+MruqvQrS72SmSPXKp6iP/g=
-144,-254,6wiYB7DWGGJzC1D0W4BJOY1GTKs=,CE6BnAPFDIUE8knof99G9enu+1Q=
-144,-253,6wiYB7DWGGJzC1D0W4BJOY1GTKs=,CE6BnAPFDIUE8knof99G9enu+1Q=
-144,-251,6wiYB7DWGGJzC1D0W4BJOY1GTKs=,CE6BnAPFDIUE8knof99G9enu+1Q=
-144,-250,6wiYB7DWGGJzC1D0W4BJOY1GTKs=,CE6BnAPFDIUE8knof99G9enu+1Q=
-144,-256,6wiYB7DWGGJzC1D0W4BJOY1GTKs=,CE6BnAPFDIUE8knof99G9enu+1Q=
-144,-255,6wiYB7DWGGJzC1D0W4BJOY1GTKs=,CE6BnAPFDIUE8knof99G9enu+1Q=
-142,-253,6wiYB7DWGGJzC1D0W4BJOY1GTKs=,CE6BnAPFDIUE8knof99G9enu+1Q=
-129,-255,6wiYB7DWGGJzC1D0W4BJOY1GTKs=,9Y14+MruqvQrS72SmSPXKp6iP/g=
-130,-256,6wiYB7DWGGJzC1D0W4BJOY1GTKs=,9Y14+MruqvQrS72SmSPXKp6iP/g=
-132,-253,6wiYB7DWGGJzC1D0W4BJOY1GTKs=,9Y14+MruqvQrS72SmSPXKp6iP/g=
-131,-253,6wiYB7DWGGJzC1D0W4BJOY1GTKs=,9Y14+MruqvQrS72SmSPXKp6iP/g=
-131,-254,6wiYB7DWGGJzC1D0W4BJOY1GTKs=,9Y14+MruqvQrS72SmSPXKp6iP/g=
-130,-255,6wiYB7DWGGJzC1D0W4BJOY1GTKs=,9Y14+MruqvQrS72SmSPXKp6iP/g=
-131,-255,6wiYB7DWGGJzC1D0W4BJOY1GTKs=,9Y14+MruqvQrS72SmSPXKp6iP/g=
-131,-246,6wiYB7DWGGJzC1D0W4BJOY1GTKs=,sAXumC9T0sDDakoQeII8zcUgdX8=
-131,-245,6wiYB7DWGGJzC1D0W4BJOY1GTKs=,sAXumC9T0sDDakoQeII8zcUgdX8=
-132,-255,6wiYB7DWGGJzC1D0W4BJOY1GTKs=,9Y14+MruqvQrS72SmSPXKp6iP/g=
-129,-256,6wiYB7DWGGJzC1D0W4BJOY1GTKs=,9Y14+MruqvQrS72SmSPXKp6iP/g=
-135,-249,6wiYB7DWGGJzC1D0W4BJOY1GTKs=,9Y14+MruqvQrS72SmSPXKp6iP/g=
-130,-246,6wiYB7DWGGJzC1D0W4BJOY1GTKs=,sAXumC9T0sDDakoQeII8zcUgdX8=
-144,-252,6wiYB7DWGGJzC1D0W4BJOY1GTKs=,CE6BnAPFDIUE8knof99G9enu+1Q=
-143,-252,6wiYB7DWGGJzC1D0W4BJOY1GTKs=,CE6BnAPFDIUE8knof99G9enu+1Q=
-137,-250,6wiYB7DWGGJzC1D0W4BJOY1GTKs=,CE6BnAPFDIUE8knof99G9enu+1Q=
-134,-249,6wiYB7DWGGJzC1D0W4BJOY1GTKs=,9Y14+MruqvQrS72SmSPXKp6iP/g=
-132,-245,6wiYB7DWGGJzC1D0W4BJOY1GTKs=,sAXumC9T0sDDakoQeII8zcUgdX8=
-141,-252,6wiYB7DWGGJzC1D0W4BJOY1GTKs=,CE6BnAPFDIUE8knof99G9enu+1Q=
-140,-252,6wiYB7DWGGJzC1D0W4BJOY1GTKs=,CE6BnAPFDIUE8knof99G9enu+1Q=
-142,-251,6wiYB7DWGGJzC1D0W4BJOY1GTKs=,CE6BnAPFDIUE8knof99G9enu+1Q=
-141,-251,6wiYB7DWGGJzC1D0W4BJOY1GTKs=,CE6BnAPFDIUE8knof99G9enu+1Q=
-129,-245,6wiYB7DWGGJzC1D0W4BJOY1GTKs=,sAXumC9T0sDDakoQeII8zcUgdX8=
-130,-245,6wiYB7DWGGJzC1D0W4BJOY1GTKs=,sAXumC9T0sDDakoQeII8zcUgdX8=
-138,-250,6wiYB7DWGGJzC1D0W4BJOY1GTKs=,CE6BnAPFDIUE8knof99G9enu+1Q=
-139,-249,6wiYB7DWGGJzC1D0W4BJOY1GTKs=,CE6BnAPFDIUE8knof99G9enu+1Q=
-134,-252,6wiYB7DWGGJzC1D0W4BJOY1GTKs=,9Y14+MruqvQrS72SmSPXKp6iP/g=
-133,-252,6wiYB7DWGGJzC1D0W4BJOY1GTKs=,9Y14+MruqvQrS72SmSPXKp6iP/g=
-140,-249,6wiYB7DWGGJzC1D0W4BJOY1GTKs=,CE6BnAPFDIUE8knof99G9enu+1Q=
-142,-249,6wiYB7DWGGJzC1D0W4BJOY1GTKs=,CE6BnAPFDIUE8knof99G9enu+1Q=
-142,-250,6wiYB7DWGGJzC1D0W4BJOY1GTKs=,CE6BnAPFDIUE8knof99G9enu+1Q=
-141,-250,6wiYB7DWGGJzC1D0W4BJOY1GTKs=,CE6BnAPFDIUE8knof99G9enu+1Q=
-144,-249,6wiYB7DWGGJzC1D0W4BJOY1GTKs=,CE6BnAPFDIUE8knof99G9enu+1Q=
-143,-249,6wiYB7DWGGJzC1D0W4BJOY1GTKs=,CE6BnAPFDIUE8knof99G9enu+1Q=
-141,-249,6wiYB7DWGGJzC1D0W4BJOY1GTKs=,CE6BnAPFDIUE8knof99G9enu+1Q=
-135,-251,6wiYB7DWGGJzC1D0W4BJOY1GTKs=,9Y14+MruqvQrS72SmSPXKp6iP/g=
-138,-251,6wiYB7DWGGJzC1D0W4BJOY1GTKs=,CE6BnAPFDIUE8knof99G9enu+1Q=
-134,-251,6wiYB7DWGGJzC1D0W4BJOY1GTKs=,9Y14+MruqvQrS72SmSPXKp6iP/g=
-135,-250,6wiYB7DWGGJzC1D0W4BJOY1GTKs=,9Y14+MruqvQrS72SmSPXKp6iP/g=
-137,-249,6wiYB7DWGGJzC1D0W4BJOY1GTKs=,CE6BnAPFDIUE8knof99G9enu+1Q=
-134,-250,6wiYB7DWGGJzC1D0W4BJOY1GTKs=,9Y14+MruqvQrS72SmSPXKp6iP/g=
-136,-249,6wiYB7DWGGJzC1D0W4BJOY1GTKs=,9Y14+MruqvQrS72SmSPXKp6iP/g=
-133,-250,6wiYB7DWGGJzC1D0W4BJOY1GTKs=,9Y14+MruqvQrS72SmSPXKp6iP/g=
-140,-250,6wiYB7DWGGJzC1D0W4BJOY1GTKs=,CE6BnAPFDIUE8knof99G9enu+1Q=
-138,-249,6wiYB7DWGGJzC1D0W4BJOY1GTKs=,CE6BnAPFDIUE8knof99G9enu+1Q=
-139,-250,6wiYB7DWGGJzC1D0W4BJOY1GTKs=,CE6BnAPFDIUE8knof99G9enu+1Q=
-139,-251,6wiYB7DWGGJzC1D0W4BJOY1GTKs=,CE6BnAPFDIUE8knof99G9enu+1Q=
-140,-251,6wiYB7DWGGJzC1D0W4BJOY1GTKs=,CE6BnAPFDIUE8knof99G9enu+1Q=
-136,-242,6wiYB7DWGGJzC1D0W4BJOY1GTKs=,sAXumC9T0sDDakoQeII8zcUgdX8=
-133,-248,6wiYB7DWGGJzC1D0W4BJOY1GTKs=,sAXumC9T0sDDakoQeII8zcUgdX8=
-135,-248,6wiYB7DWGGJzC1D0W4BJOY1GTKs=,sAXumC9T0sDDakoQeII8zcUgdX8=
-140,-246,6wiYB7DWGGJzC1D0W4BJOY1GTKs=,RV6eWzMGKpDBgBzszXHikLi+NDE=
-133,-247,6wiYB7DWGGJzC1D0W4BJOY1GTKs=,sAXumC9T0sDDakoQeII8zcUgdX8=
-135,-245,6wiYB7DWGGJzC1D0W4BJOY1GTKs=,sAXumC9T0sDDakoQeII8zcUgdX8=
-136,-247,6wiYB7DWGGJzC1D0W4BJOY1GTKs=,sAXumC9T0sDDakoQeII8zcUgdX8=
-134,-246,6wiYB7DWGGJzC1D0W4BJOY1GTKs=,sAXumC9T0sDDakoQeII8zcUgdX8=
-133,-246,6wiYB7DWGGJzC1D0W4BJOY1GTKs=,sAXumC9T0sDDakoQeII8zcUgdX8=
-135,-246,6wiYB7DWGGJzC1D0W4BJOY1GTKs=,sAXumC9T0sDDakoQeII8zcUgdX8=
-133,-244,6wiYB7DWGGJzC1D0W4BJOY1GTKs=,sAXumC9T0sDDakoQeII8zcUgdX8=
-139,-246,6wiYB7DWGGJzC1D0W4BJOY1GTKs=,RV6eWzMGKpDBgBzszXHikLi+NDE=
-135,-247,6wiYB7DWGGJzC1D0W4BJOY1GTKs=,sAXumC9T0sDDakoQeII8zcUgdX8=
-133,-245,6wiYB7DWGGJzC1D0W4BJOY1GTKs=,sAXumC9T0sDDakoQeII8zcUgdX8=
-134,-247,6wiYB7DWGGJzC1D0W4BJOY1GTKs=,sAXumC9T0sDDakoQeII8zcUgdX8=
-134,-244,6wiYB7DWGGJzC1D0W4BJOY1GTKs=,sAXumC9T0sDDakoQeII8zcUgdX8=
-134,-242,6wiYB7DWGGJzC1D0W4BJOY1GTKs=,sAXumC9T0sDDakoQeII8zcUgdX8=
-135,-244,6wiYB7DWGGJzC1D0W4BJOY1GTKs=,sAXumC9T0sDDakoQeII8zcUgdX8=
-134,-245,6wiYB7DWGGJzC1D0W4BJOY1GTKs=,sAXumC9T0sDDakoQeII8zcUgdX8=
-134,-248,6wiYB7DWGGJzC1D0W4BJOY1GTKs=,sAXumC9T0sDDakoQeII8zcUgdX8=
-134,-243,6wiYB7DWGGJzC1D0W4BJOY1GTKs=,sAXumC9T0sDDakoQeII8zcUgdX8=
-133,-243,6wiYB7DWGGJzC1D0W4BJOY1GTKs=,sAXumC9T0sDDakoQeII8zcUgdX8=
-134,-241,6wiYB7DWGGJzC1D0W4BJOY1GTKs=,sAXumC9T0sDDakoQeII8zcUgdX8=
-133,-242,6wiYB7DWGGJzC1D0W4BJOY1GTKs=,sAXumC9T0sDDakoQeII8zcUgdX8=
-138,-246,6wiYB7DWGGJzC1D0W4BJOY1GTKs=,RV6eWzMGKpDBgBzszXHikLi+NDE=
-135,-242,6wiYB7DWGGJzC1D0W4BJOY1GTKs=,sAXumC9T0sDDakoQeII8zcUgdX8=
-144,-245,6wiYB7DWGGJzC1D0W4BJOY1GTKs=,RV6eWzMGKpDBgBzszXHikLi+NDE=
-142,-245,6wiYB7DWGGJzC1D0W4BJOY1GTKs=,RV6eWzMGKpDBgBzszXHikLi+NDE=
-143,-245,6wiYB7DWGGJzC1D0W4BJOY1GTKs=,RV6eWzMGKpDBgBzszXHikLi+NDE=
-137,-246,6wiYB7DWGGJzC1D0W4BJOY1GTKs=,RV6eWzMGKpDBgBzszXHikLi+NDE=
-136,-244,6wiYB7DWGGJzC1D0W4BJOY1GTKs=,sAXumC9T0sDDakoQeII8zcUgdX8=
-140,-245,6wiYB7DWGGJzC1D0W4BJOY1GTKs=,RV6eWzMGKpDBgBzszXHikLi+NDE=
-139,-245,6wiYB7DWGGJzC1D0W4BJOY1GTKs=,RV6eWzMGKpDBgBzszXHikLi+NDE=
-136,-246,6wiYB7DWGGJzC1D0W4BJOY1GTKs=,sAXumC9T0sDDakoQeII8zcUgdX8=
-138,-245,6wiYB7DWGGJzC1D0W4BJOY1GTKs=,RV6eWzMGKpDBgBzszXHikLi+NDE=
-138,-244,6wiYB7DWGGJzC1D0W4BJOY1GTKs=,RV6eWzMGKpDBgBzszXHikLi+NDE=
-137,-245,6wiYB7DWGGJzC1D0W4BJOY1GTKs=,RV6eWzMGKpDBgBzszXHikLi+NDE=
-139,-244,6wiYB7DWGGJzC1D0W4BJOY1GTKs=,RV6eWzMGKpDBgBzszXHikLi+NDE=
-135,-243,6wiYB7DWGGJzC1D0W4BJOY1GTKs=,sAXumC9T0sDDakoQeII8zcUgdX8=
-140,-243,6wiYB7DWGGJzC1D0W4BJOY1GTKs=,RV6eWzMGKpDBgBzszXHikLi+NDE=
-136,-245,6wiYB7DWGGJzC1D0W4BJOY1GTKs=,sAXumC9T0sDDakoQeII8zcUgdX8=
-139,-243,6wiYB7DWGGJzC1D0W4BJOY1GTKs=,RV6eWzMGKpDBgBzszXHikLi+NDE=
-140,-244,6wiYB7DWGGJzC1D0W4BJOY1GTKs=,RV6eWzMGKpDBgBzszXHikLi+NDE=
-138,-243,6wiYB7DWGGJzC1D0W4BJOY1GTKs=,RV6eWzMGKpDBgBzszXHikLi+NDE=
-137,-241,6wiYB7DWGGJzC1D0W4BJOY1GTKs=,RV6eWzMGKpDBgBzszXHikLi+NDE=
-137,-244,6wiYB7DWGGJzC1D0W4BJOY1GTKs=,RV6eWzMGKpDBgBzszXHikLi+NDE=
-135,-241,6wiYB7DWGGJzC1D0W4BJOY1GTKs=,sAXumC9T0sDDakoQeII8zcUgdX8=
-140,-241,6wiYB7DWGGJzC1D0W4BJOY1GTKs=,RV6eWzMGKpDBgBzszXHikLi+NDE=
-136,-243,6wiYB7DWGGJzC1D0W4BJOY1GTKs=,sAXumC9T0sDDakoQeII8zcUgdX8=
-138,-247,6wiYB7DWGGJzC1D0W4BJOY1GTKs=,RV6eWzMGKpDBgBzszXHikLi+NDE=
-137,-242,6wiYB7DWGGJzC1D0W4BJOY1GTKs=,RV6eWzMGKpDBgBzszXHikLi+NDE=
-137,-247,6wiYB7DWGGJzC1D0W4BJOY1GTKs=,RV6eWzMGKpDBgBzszXHikLi+NDE=
-143,-247,6wiYB7DWGGJzC1D0W4BJOY1GTKs=,RV6eWzMGKpDBgBzszXHikLi+NDE=
-141,-245,6wiYB7DWGGJzC1D0W4BJOY1GTKs=,RV6eWzMGKpDBgBzszXHikLi+NDE=
-141,-246,6wiYB7DWGGJzC1D0W4BJOY1GTKs=,RV6eWzMGKpDBgBzszXHikLi+NDE=
-137,-243,6wiYB7DWGGJzC1D0W4BJOY1GTKs=,RV6eWzMGKpDBgBzszXHikLi+NDE=
-136,-241,6wiYB7DWGGJzC1D0W4BJOY1GTKs=,sAXumC9T0sDDakoQeII8zcUgdX8=
-139,-241,6wiYB7DWGGJzC1D0W4BJOY1GTKs=,RV6eWzMGKpDBgBzszXHikLi+NDE=
-143,-246,6wiYB7DWGGJzC1D0W4BJOY1GTKs=,RV6eWzMGKpDBgBzszXHikLi+NDE=
-144,-247,6wiYB7DWGGJzC1D0W4BJOY1GTKs=,RV6eWzMGKpDBgBzszXHikLi+NDE=
-138,-241,6wiYB7DWGGJzC1D0W4BJOY1GTKs=,RV6eWzMGKpDBgBzszXHikLi+NDE=
-142,-246,6wiYB7DWGGJzC1D0W4BJOY1GTKs=,RV6eWzMGKpDBgBzszXHikLi+NDE=
-144,-246,6wiYB7DWGGJzC1D0W4BJOY1GTKs=,RV6eWzMGKpDBgBzszXHikLi+NDE=
-137,-248,6wiYB7DWGGJzC1D0W4BJOY1GTKs=,RV6eWzMGKpDBgBzszXHikLi+NDE=
-136,-248,6wiYB7DWGGJzC1D0W4BJOY1GTKs=,sAXumC9T0sDDakoQeII8zcUgdX8=
-138,-248,6wiYB7DWGGJzC1D0W4BJOY1GTKs=,RV6eWzMGKpDBgBzszXHikLi+NDE=
-139,-248,6wiYB7DWGGJzC1D0W4BJOY1GTKs=,RV6eWzMGKpDBgBzszXHikLi+NDE=
-140,-242,6wiYB7DWGGJzC1D0W4BJOY1GTKs=,RV6eWzMGKpDBgBzszXHikLi+NDE=
-142,-248,6wiYB7DWGGJzC1D0W4BJOY1GTKs=,RV6eWzMGKpDBgBzszXHikLi+NDE=
-141,-247,6wiYB7DWGGJzC1D0W4BJOY1GTKs=,RV6eWzMGKpDBgBzszXHikLi+NDE=
-142,-247,6wiYB7DWGGJzC1D0W4BJOY1GTKs=,RV6eWzMGKpDBgBzszXHikLi+NDE=
-139,-247,6wiYB7DWGGJzC1D0W4BJOY1GTKs=,RV6eWzMGKpDBgBzszXHikLi+NDE=
-143,-248,6wiYB7DWGGJzC1D0W4BJOY1GTKs=,RV6eWzMGKpDBgBzszXHikLi+NDE=
-139,-242,6wiYB7DWGGJzC1D0W4BJOY1GTKs=,RV6eWzMGKpDBgBzszXHikLi+NDE=
-129,-241,6wiYB7DWGGJzC1D0W4BJOY1GTKs=,sAXumC9T0sDDakoQeII8zcUgdX8=
-130,-241,6wiYB7DWGGJzC1D0W4BJOY1GTKs=,sAXumC9T0sDDakoQeII8zcUgdX8=
-141,-248,6wiYB7DWGGJzC1D0W4BJOY1GTKs=,RV6eWzMGKpDBgBzszXHikLi+NDE=
-129,-244,6wiYB7DWGGJzC1D0W4BJOY1GTKs=,sAXumC9T0sDDakoQeII8zcUgdX8=
-140,-248,6wiYB7DWGGJzC1D0W4BJOY1GTKs=,RV6eWzMGKpDBgBzszXHikLi+NDE=
-131,-241,6wiYB7DWGGJzC1D0W4BJOY1GTKs=,sAXumC9T0sDDakoQeII8zcUgdX8=
-130,-242,6wiYB7DWGGJzC1D0W4BJOY1GTKs=,sAXumC9T0sDDakoQeII8zcUgdX8=
-129,-243,6wiYB7DWGGJzC1D0W4BJOY1GTKs=,sAXumC9T0sDDakoQeII8zcUgdX8=
-130,-243,6wiYB7DWGGJzC1D0W4BJOY1GTKs=,sAXumC9T0sDDakoQeII8zcUgdX8=
-131,-242,6wiYB7DWGGJzC1D0W4BJOY1GTKs=,sAXumC9T0sDDakoQeII8zcUgdX8=
-132,-242,6wiYB7DWGGJzC1D0W4BJOY1GTKs=,sAXumC9T0sDDakoQeII8zcUgdX8=
-132,-241,6wiYB7DWGGJzC1D0W4BJOY1GTKs=,sAXumC9T0sDDakoQeII8zcUgdX8=
-131,-243,6wiYB7DWGGJzC1D0W4BJOY1GTKs=,sAXumC9T0sDDakoQeII8zcUgdX8=
-144,-248,6wiYB7DWGGJzC1D0W4BJOY1GTKs=,RV6eWzMGKpDBgBzszXHikLi+NDE=
-132,-244,6wiYB7DWGGJzC1D0W4BJOY1GTKs=,sAXumC9T0sDDakoQeII8zcUgdX8=
-140,-247,6wiYB7DWGGJzC1D0W4BJOY1GTKs=,RV6eWzMGKpDBgBzszXHikLi+NDE=
-131,-244,6wiYB7DWGGJzC1D0W4BJOY1GTKs=,sAXumC9T0sDDakoQeII8zcUgdX8=
-133,-241,6wiYB7DWGGJzC1D0W4BJOY1GTKs=,sAXumC9T0sDDakoQeII8zcUgdX8=
-132,-243,6wiYB7DWGGJzC1D0W4BJOY1GTKs=,sAXumC9T0sDDakoQeII8zcUgdX8=
-144,-241,6wiYB7DWGGJzC1D0W4BJOY1GTKs=,RV6eWzMGKpDBgBzszXHikLi+NDE=
-130,-244,6wiYB7DWGGJzC1D0W4BJOY1GTKs=,sAXumC9T0sDDakoQeII8zcUgdX8=
-142,-241,6wiYB7DWGGJzC1D0W4BJOY1GTKs=,RV6eWzMGKpDBgBzszXHikLi+NDE=
-142,-243,6wiYB7DWGGJzC1D0W4BJOY1GTKs=,RV6eWzMGKpDBgBzszXHikLi+NDE=
-141,-242,6wiYB7DWGGJzC1D0W4BJOY1GTKs=,RV6eWzMGKpDBgBzszXHikLi+NDE=
-144,-244,6wiYB7DWGGJzC1D0W4BJOY1GTKs=,RV6eWzMGKpDBgBzszXHikLi+NDE=
-143,-244,6wiYB7DWGGJzC1D0W4BJOY1GTKs=,RV6eWzMGKpDBgBzszXHikLi+NDE=
-142,-244,6wiYB7DWGGJzC1D0W4BJOY1GTKs=,RV6eWzMGKpDBgBzszXHikLi+NDE=
-144,-242,6wiYB7DWGGJzC1D0W4BJOY1GTKs=,RV6eWzMGKpDBgBzszXHikLi+NDE=
-142,-242,6wiYB7DWGGJzC1D0W4BJOY1GTKs=,RV6eWzMGKpDBgBzszXHikLi+NDE=
-143,-242,6wiYB7DWGGJzC1D0W4BJOY1GTKs=,RV6eWzMGKpDBgBzszXHikLi+NDE=
-141,-241,6wiYB7DWGGJzC1D0W4BJOY1GTKs=,RV6eWzMGKpDBgBzszXHikLi+NDE=
-138,-242,6wiYB7DWGGJzC1D0W4BJOY1GTKs=,RV6eWzMGKpDBgBzszXHikLi+NDE=
-143,-243,6wiYB7DWGGJzC1D0W4BJOY1GTKs=,RV6eWzMGKpDBgBzszXHikLi+NDE=
-141,-243,6wiYB7DWGGJzC1D0W4BJOY1GTKs=,RV6eWzMGKpDBgBzszXHikLi+NDE=
-143,-241,6wiYB7DWGGJzC1D0W4BJOY1GTKs=,RV6eWzMGKpDBgBzszXHikLi+NDE=
-141,-244,6wiYB7DWGGJzC1D0W4BJOY1GTKs=,RV6eWzMGKpDBgBzszXHikLi+NDE=
-129,-242,6wiYB7DWGGJzC1D0W4BJOY1GTKs=,sAXumC9T0sDDakoQeII8zcUgdX8=
-144,-243,6wiYB7DWGGJzC1D0W4BJOY1GTKs=,RV6eWzMGKpDBgBzszXHikLi+NDE=
-156,-255,O25A+7YSN6GzMpcCwgOQvtQaOGM=,WKPvA6xm20Sq0xjVhWeSfP2tnWA=
-155,-255,O25A+7YSN6GzMpcCwgOQvtQaOGM=,WKPvA6xm20Sq0xjVhWeSfP2tnWA=
-154,-255,ch01ClFwi8y2ontg42Lyckay0kE=,WKPvA6xm20Sq0xjVhWeSfP2tnWA=
-157,-255,ch01ClFwi8y2ontg42Lyckay0kE=,WKPvA6xm20Sq0xjVhWeSfP2tnWA=
-158,-255,ch01ClFwi8y2ontg42Lyckay0kE=,WKPvA6xm20Sq0xjVhWeSfP2tnWA=
-159,-255,ch01ClFwi8y2ontg42Lyckay0kE=,WKPvA6xm20Sq0xjVhWeSfP2tnWA=
-156,-250,ch01ClFwi8y2ontg42Lyckay0kE=,WKPvA6xm20Sq0xjVhWeSfP2tnWA=
-157,-250,ch01ClFwi8y2ontg42Lyckay0kE=,WKPvA6xm20Sq0xjVhWeSfP2tnWA=
-158,-250,ch01ClFwi8y2ontg42Lyckay0kE=,WKPvA6xm20Sq0xjVhWeSfP2tnWA=
-159,-250,ch01ClFwi8y2ontg42Lyckay0kE=,WKPvA6xm20Sq0xjVhWeSfP2tnWA=
-154,-251,ch01ClFwi8y2ontg42Lyckay0kE=,WKPvA6xm20Sq0xjVhWeSfP2tnWA=
-156,-251,ch01ClFwi8y2ontg42Lyckay0kE=,WKPvA6xm20Sq0xjVhWeSfP2tnWA=
-157,-251,ch01ClFwi8y2ontg42Lyckay0kE=,WKPvA6xm20Sq0xjVhWeSfP2tnWA=
-158,-251,ch01ClFwi8y2ontg42Lyckay0kE=,WKPvA6xm20Sq0xjVhWeSfP2tnWA=
-159,-251,ch01ClFwi8y2ontg42Lyckay0kE=,WKPvA6xm20Sq0xjVhWeSfP2tnWA=
-154,-252,ch01ClFwi8y2ontg42Lyckay0kE=,WKPvA6xm20Sq0xjVhWeSfP2tnWA=
-155,-252,ch01ClFwi8y2ontg42Lyckay0kE=,WKPvA6xm20Sq0xjVhWeSfP2tnWA=
-156,-252,ch01ClFwi8y2ontg42Lyckay0kE=,WKPvA6xm20Sq0xjVhWeSfP2tnWA=
-157,-252,ch01ClFwi8y2ontg42Lyckay0kE=,WKPvA6xm20Sq0xjVhWeSfP2tnWA=
-158,-252,ch01ClFwi8y2ontg42Lyckay0kE=,WKPvA6xm20Sq0xjVhWeSfP2tnWA=
-159,-252,ch01ClFwi8y2ontg42Lyckay0kE=,WKPvA6xm20Sq0xjVhWeSfP2tnWA=
-154,-253,ch01ClFwi8y2ontg42Lyckay0kE=,WKPvA6xm20Sq0xjVhWeSfP2tnWA=
-155,-253,ch01ClFwi8y2ontg42Lyckay0kE=,WKPvA6xm20Sq0xjVhWeSfP2tnWA=
-156,-253,ch01ClFwi8y2ontg42Lyckay0kE=,WKPvA6xm20Sq0xjVhWeSfP2tnWA=
-157,-253,ch01ClFwi8y2ontg42Lyckay0kE=,WKPvA6xm20Sq0xjVhWeSfP2tnWA=
-158,-253,ch01ClFwi8y2ontg42Lyckay0kE=,WKPvA6xm20Sq0xjVhWeSfP2tnWA=
-159,-253,ch01ClFwi8y2ontg42Lyckay0kE=,WKPvA6xm20Sq0xjVhWeSfP2tnWA=
-154,-254,ch01ClFwi8y2ontg42Lyckay0kE=,WKPvA6xm20Sq0xjVhWeSfP2tnWA=
-155,-254,ch01ClFwi8y2ontg42Lyckay0kE=,WKPvA6xm20Sq0xjVhWeSfP2tnWA=
-156,-254,ch01ClFwi8y2ontg42Lyckay0kE=,WKPvA6xm20Sq0xjVhWeSfP2tnWA=
-157,-254,ch01ClFwi8y2ontg42Lyckay0kE=,WKPvA6xm20Sq0xjVhWeSfP2tnWA=
-158,-254,ch01ClFwi8y2ontg42Lyckay0kE=,WKPvA6xm20Sq0xjVhWeSfP2tnWA=
-159,-254,ch01ClFwi8y2ontg42Lyckay0kE=,WKPvA6xm20Sq0xjVhWeSfP2tnWA=
-156,-242,ch01ClFwi8y2ontg42Lyckay0kE=,WS+WSgFNs2KvqqJw3HEEivTCB5M=
-159,-248,ch01ClFwi8y2ontg42Lyckay0kE=,WS+WSgFNs2KvqqJw3HEEivTCB5M=
-154,-242,ch01ClFwi8y2ontg42Lyckay0kE=,WS+WSgFNs2KvqqJw3HEEivTCB5M=
-157,-242,ch01ClFwi8y2ontg42Lyckay0kE=,WS+WSgFNs2KvqqJw3HEEivTCB5M=
-158,-242,ch01ClFwi8y2ontg42Lyckay0kE=,WS+WSgFNs2KvqqJw3HEEivTCB5M=
-160,-242,ch01ClFwi8y2ontg42Lyckay0kE=,WS+WSgFNs2KvqqJw3HEEivTCB5M=
-155,-243,ch01ClFwi8y2ontg42Lyckay0kE=,WS+WSgFNs2KvqqJw3HEEivTCB5M=
-156,-249,ch01ClFwi8y2ontg42Lyckay0kE=,WKPvA6xm20Sq0xjVhWeSfP2tnWA=
-157,-249,ch01ClFwi8y2ontg42Lyckay0kE=,WKPvA6xm20Sq0xjVhWeSfP2tnWA=
-156,-243,ch01ClFwi8y2ontg42Lyckay0kE=,WS+WSgFNs2KvqqJw3HEEivTCB5M=
-158,-249,ch01ClFwi8y2ontg42Lyckay0kE=,WKPvA6xm20Sq0xjVhWeSfP2tnWA=
-159,-249,ch01ClFwi8y2ontg42Lyckay0kE=,WKPvA6xm20Sq0xjVhWeSfP2tnWA=
-159,-243,ch01ClFwi8y2ontg42Lyckay0kE=,WS+WSgFNs2KvqqJw3HEEivTCB5M=
-160,-243,ch01ClFwi8y2ontg42Lyckay0kE=,WS+WSgFNs2KvqqJw3HEEivTCB5M=
-158,-244,ch01ClFwi8y2ontg42Lyckay0kE=,WS+WSgFNs2KvqqJw3HEEivTCB5M=
-159,-244,ch01ClFwi8y2ontg42Lyckay0kE=,WS+WSgFNs2KvqqJw3HEEivTCB5M=
-160,-244,ch01ClFwi8y2ontg42Lyckay0kE=,WS+WSgFNs2KvqqJw3HEEivTCB5M=
-154,-245,ch01ClFwi8y2ontg42Lyckay0kE=,WS+WSgFNs2KvqqJw3HEEivTCB5M=
-156,-245,ch01ClFwi8y2ontg42Lyckay0kE=,WS+WSgFNs2KvqqJw3HEEivTCB5M=
-159,-245,ch01ClFwi8y2ontg42Lyckay0kE=,WS+WSgFNs2KvqqJw3HEEivTCB5M=
-160,-245,ch01ClFwi8y2ontg42Lyckay0kE=,WS+WSgFNs2KvqqJw3HEEivTCB5M=
-154,-246,ch01ClFwi8y2ontg42Lyckay0kE=,WS+WSgFNs2KvqqJw3HEEivTCB5M=
-156,-246,ch01ClFwi8y2ontg42Lyckay0kE=,WS+WSgFNs2KvqqJw3HEEivTCB5M=
-157,-246,ch01ClFwi8y2ontg42Lyckay0kE=,WS+WSgFNs2KvqqJw3HEEivTCB5M=
-158,-246,ch01ClFwi8y2ontg42Lyckay0kE=,WS+WSgFNs2KvqqJw3HEEivTCB5M=
-159,-246,ch01ClFwi8y2ontg42Lyckay0kE=,WS+WSgFNs2KvqqJw3HEEivTCB5M=
-160,-246,ch01ClFwi8y2ontg42Lyckay0kE=,WS+WSgFNs2KvqqJw3HEEivTCB5M=
-154,-247,ch01ClFwi8y2ontg42Lyckay0kE=,WS+WSgFNs2KvqqJw3HEEivTCB5M=
-155,-247,ch01ClFwi8y2ontg42Lyckay0kE=,WS+WSgFNs2KvqqJw3HEEivTCB5M=
-156,-247,ch01ClFwi8y2ontg42Lyckay0kE=,WS+WSgFNs2KvqqJw3HEEivTCB5M=
-159,-247,ch01ClFwi8y2ontg42Lyckay0kE=,WS+WSgFNs2KvqqJw3HEEivTCB5M=
-160,-247,ch01ClFwi8y2ontg42Lyckay0kE=,WS+WSgFNs2KvqqJw3HEEivTCB5M=
-156,-241,ch01ClFwi8y2ontg42Lyckay0kE=,WS+WSgFNs2KvqqJw3HEEivTCB5M=
-157,-241,ch01ClFwi8y2ontg42Lyckay0kE=,WS+WSgFNs2KvqqJw3HEEivTCB5M=
-155,-248,ch01ClFwi8y2ontg42Lyckay0kE=,WS+WSgFNs2KvqqJw3HEEivTCB5M=
-156,-248,ch01ClFwi8y2ontg42Lyckay0kE=,WS+WSgFNs2KvqqJw3HEEivTCB5M=
-158,-241,ch01ClFwi8y2ontg42Lyckay0kE=,WS+WSgFNs2KvqqJw3HEEivTCB5M=
-159,-241,ch01ClFwi8y2ontg42Lyckay0kE=,WS+WSgFNs2KvqqJw3HEEivTCB5M=
-158,-248,ch01ClFwi8y2ontg42Lyckay0kE=,WS+WSgFNs2KvqqJw3HEEivTCB5M=
-153,-255,ch01ClFwi8y2ontg42Lyckay0kE=,WKPvA6xm20Sq0xjVhWeSfP2tnWA=
-151,-255,ch01ClFwi8y2ontg42Lyckay0kE=,VQ6IgjOC4XOmFcAoNz9qRc6EyKU=
-149,-255,ch01ClFwi8y2ontg42Lyckay0kE=,VQ6IgjOC4XOmFcAoNz9qRc6EyKU=
-148,-255,ch01ClFwi8y2ontg42Lyckay0kE=,VQ6IgjOC4XOmFcAoNz9qRc6EyKU=
-146,-255,ch01ClFwi8y2ontg42Lyckay0kE=,VQ6IgjOC4XOmFcAoNz9qRc6EyKU=
-152,-254,ch01ClFwi8y2ontg42Lyckay0kE=,VQ6IgjOC4XOmFcAoNz9qRc6EyKU=
-149,-254,ch01ClFwi8y2ontg42Lyckay0kE=,VQ6IgjOC4XOmFcAoNz9qRc6EyKU=
-148,-254,ch01ClFwi8y2ontg42Lyckay0kE=,VQ6IgjOC4XOmFcAoNz9qRc6EyKU=
-147,-254,ch01ClFwi8y2ontg42Lyckay0kE=,VQ6IgjOC4XOmFcAoNz9qRc6EyKU=
-145,-254,ch01ClFwi8y2ontg42Lyckay0kE=,VQ6IgjOC4XOmFcAoNz9qRc6EyKU=
-153,-254,ch01ClFwi8y2ontg42Lyckay0kE=,WKPvA6xm20Sq0xjVhWeSfP2tnWA=
-152,-253,ch01ClFwi8y2ontg42Lyckay0kE=,VQ6IgjOC4XOmFcAoNz9qRc6EyKU=
-150,-253,ch01ClFwi8y2ontg42Lyckay0kE=,VQ6IgjOC4XOmFcAoNz9qRc6EyKU=
-149,-253,ch01ClFwi8y2ontg42Lyckay0kE=,VQ6IgjOC4XOmFcAoNz9qRc6EyKU=
-148,-253,ch01ClFwi8y2ontg42Lyckay0kE=,VQ6IgjOC4XOmFcAoNz9qRc6EyKU=
-147,-253,ch01ClFwi8y2ontg42Lyckay0kE=,VQ6IgjOC4XOmFcAoNz9qRc6EyKU=
-146,-253,ch01ClFwi8y2ontg42Lyckay0kE=,VQ6IgjOC4XOmFcAoNz9qRc6EyKU=
-153,-253,ch01ClFwi8y2ontg42Lyckay0kE=,WKPvA6xm20Sq0xjVhWeSfP2tnWA=
-151,-252,ch01ClFwi8y2ontg42Lyckay0kE=,VQ6IgjOC4XOmFcAoNz9qRc6EyKU=
-147,-252,ch01ClFwi8y2ontg42Lyckay0kE=,VQ6IgjOC4XOmFcAoNz9qRc6EyKU=
-151,-251,ch01ClFwi8y2ontg42Lyckay0kE=,VQ6IgjOC4XOmFcAoNz9qRc6EyKU=
-146,-252,ch01ClFwi8y2ontg42Lyckay0kE=,VQ6IgjOC4XOmFcAoNz9qRc6EyKU=
-150,-251,ch01ClFwi8y2ontg42Lyckay0kE=,VQ6IgjOC4XOmFcAoNz9qRc6EyKU=
-149,-251,ch01ClFwi8y2ontg42Lyckay0kE=,VQ6IgjOC4XOmFcAoNz9qRc6EyKU=
-148,-251,ch01ClFwi8y2ontg42Lyckay0kE=,VQ6IgjOC4XOmFcAoNz9qRc6EyKU=
-147,-251,ch01ClFwi8y2ontg42Lyckay0kE=,VQ6IgjOC4XOmFcAoNz9qRc6EyKU=
-146,-251,ch01ClFwi8y2ontg42Lyckay0kE=,VQ6IgjOC4XOmFcAoNz9qRc6EyKU=
-145,-251,ch01ClFwi8y2ontg42Lyckay0kE=,VQ6IgjOC4XOmFcAoNz9qRc6EyKU=
-152,-250,ch01ClFwi8y2ontg42Lyckay0kE=,VQ6IgjOC4XOmFcAoNz9qRc6EyKU=
-151,-256,ch01ClFwi8y2ontg42Lyckay0kE=,VQ6IgjOC4XOmFcAoNz9qRc6EyKU=
-150,-250,ch01ClFwi8y2ontg42Lyckay0kE=,VQ6IgjOC4XOmFcAoNz9qRc6EyKU=
-149,-250,ch01ClFwi8y2ontg42Lyckay0kE=,VQ6IgjOC4XOmFcAoNz9qRc6EyKU=
-148,-250,ch01ClFwi8y2ontg42Lyckay0kE=,VQ6IgjOC4XOmFcAoNz9qRc6EyKU=
-147,-250,ch01ClFwi8y2ontg42Lyckay0kE=,VQ6IgjOC4XOmFcAoNz9qRc6EyKU=
-146,-250,ch01ClFwi8y2ontg42Lyckay0kE=,VQ6IgjOC4XOmFcAoNz9qRc6EyKU=
-145,-250,ch01ClFwi8y2ontg42Lyckay0kE=,VQ6IgjOC4XOmFcAoNz9qRc6EyKU=
-150,-256,ch01ClFwi8y2ontg42Lyckay0kE=,VQ6IgjOC4XOmFcAoNz9qRc6EyKU=
-153,-251,ch01ClFwi8y2ontg42Lyckay0kE=,WKPvA6xm20Sq0xjVhWeSfP2tnWA=
-149,-256,ch01ClFwi8y2ontg42Lyckay0kE=,VQ6IgjOC4XOmFcAoNz9qRc6EyKU=
-148,-256,ch01ClFwi8y2ontg42Lyckay0kE=,VQ6IgjOC4XOmFcAoNz9qRc6EyKU=
-146,-256,ch01ClFwi8y2ontg42Lyckay0kE=,VQ6IgjOC4XOmFcAoNz9qRc6EyKU=
-147,-256,ch01ClFwi8y2ontg42Lyckay0kE=,VQ6IgjOC4XOmFcAoNz9qRc6EyKU=
-152,-256,ch01ClFwi8y2ontg42Lyckay0kE=,VQ6IgjOC4XOmFcAoNz9qRc6EyKU=
-159,-256,ch01ClFwi8y2ontg42Lyckay0kE=,WKPvA6xm20Sq0xjVhWeSfP2tnWA=
-158,-256,ch01ClFwi8y2ontg42Lyckay0kE=,WKPvA6xm20Sq0xjVhWeSfP2tnWA=
-157,-256,ch01ClFwi8y2ontg42Lyckay0kE=,WKPvA6xm20Sq0xjVhWeSfP2tnWA=
-151,-253,ch01ClFwi8y2ontg42Lyckay0kE=,VQ6IgjOC4XOmFcAoNz9qRc6EyKU=
-150,-254,ch01ClFwi8y2ontg42Lyckay0kE=,VQ6IgjOC4XOmFcAoNz9qRc6EyKU=
-151,-254,ch01ClFwi8y2ontg42Lyckay0kE=,VQ6IgjOC4XOmFcAoNz9qRc6EyKU=
-150,-255,ch01ClFwi8y2ontg42Lyckay0kE=,VQ6IgjOC4XOmFcAoNz9qRc6EyKU=
-153,-256,ch01ClFwi8y2ontg42Lyckay0kE=,WKPvA6xm20Sq0xjVhWeSfP2tnWA=
-154,-256,ch01ClFwi8y2ontg42Lyckay0kE=,WKPvA6xm20Sq0xjVhWeSfP2tnWA=
-155,-256,ch01ClFwi8y2ontg42Lyckay0kE=,WKPvA6xm20Sq0xjVhWeSfP2tnWA=
-156,-256,ch01ClFwi8y2ontg42Lyckay0kE=,WKPvA6xm20Sq0xjVhWeSfP2tnWA=
-160,-248,ch01ClFwi8y2ontg42Lyckay0kE=,WS+WSgFNs2KvqqJw3HEEivTCB5M=
-160,-254,ch01ClFwi8y2ontg42Lyckay0kE=,WKPvA6xm20Sq0xjVhWeSfP2tnWA=
-160,-253,ch01ClFwi8y2ontg42Lyckay0kE=,WKPvA6xm20Sq0xjVhWeSfP2tnWA=
-160,-252,ch01ClFwi8y2ontg42Lyckay0kE=,WKPvA6xm20Sq0xjVhWeSfP2tnWA=
-160,-251,ch01ClFwi8y2ontg42Lyckay0kE=,WKPvA6xm20Sq0xjVhWeSfP2tnWA=
-160,-250,ch01ClFwi8y2ontg42Lyckay0kE=,WKPvA6xm20Sq0xjVhWeSfP2tnWA=
-160,-249,ch01ClFwi8y2ontg42Lyckay0kE=,WKPvA6xm20Sq0xjVhWeSfP2tnWA=
-160,-255,ch01ClFwi8y2ontg42Lyckay0kE=,WKPvA6xm20Sq0xjVhWeSfP2tnWA=
-152,-255,ch01ClFwi8y2ontg42Lyckay0kE=,VQ6IgjOC4XOmFcAoNz9qRc6EyKU=
-157,-248,ch01ClFwi8y2ontg42Lyckay0kE=,WS+WSgFNs2KvqqJw3HEEivTCB5M=
-157,-245,ch01ClFwi8y2ontg42Lyckay0kE=,WS+WSgFNs2KvqqJw3HEEivTCB5M=
-158,-245,ch01ClFwi8y2ontg42Lyckay0kE=,WS+WSgFNs2KvqqJw3HEEivTCB5M=
-158,-247,ch01ClFwi8y2ontg42Lyckay0kE=,WS+WSgFNs2KvqqJw3HEEivTCB5M=
-157,-247,ch01ClFwi8y2ontg42Lyckay0kE=,WS+WSgFNs2KvqqJw3HEEivTCB5M=
-145,-253,ch01ClFwi8y2ontg42Lyckay0kE=,VQ6IgjOC4XOmFcAoNz9qRc6EyKU=
-146,-254,ch01ClFwi8y2ontg42Lyckay0kE=,VQ6IgjOC4XOmFcAoNz9qRc6EyKU=
-145,-255,ch01ClFwi8y2ontg42Lyckay0kE=,VQ6IgjOC4XOmFcAoNz9qRc6EyKU=
-147,-255,ch01ClFwi8y2ontg42Lyckay0kE=,VQ6IgjOC4XOmFcAoNz9qRc6EyKU=
-145,-256,ch01ClFwi8y2ontg42Lyckay0kE=,VQ6IgjOC4XOmFcAoNz9qRc6EyKU=
-160,-256,ch01ClFwi8y2ontg42Lyckay0kE=,WKPvA6xm20Sq0xjVhWeSfP2tnWA=
-160,-241,ch01ClFwi8y2ontg42Lyckay0kE=,WS+WSgFNs2KvqqJw3HEEivTCB5M=
-157,-244,ch01ClFwi8y2ontg42Lyckay0kE=,WS+WSgFNs2KvqqJw3HEEivTCB5M=
-159,-242,ch01ClFwi8y2ontg42Lyckay0kE=,WS+WSgFNs2KvqqJw3HEEivTCB5M=
-157,-243,ch01ClFwi8y2ontg42Lyckay0kE=,WS+WSgFNs2KvqqJw3HEEivTCB5M=
-158,-243,ch01ClFwi8y2ontg42Lyckay0kE=,WS+WSgFNs2KvqqJw3HEEivTCB5M=
-150,-246,qQgQdLKDrWMEY3D65VVCdLgzsOM=,2SgTVBBD49yqnXQbKWpEJdR9tLY=
-149,-248,qQgQdLKDrWMEY3D65VVCdLgzsOM=,2SgTVBBD49yqnXQbKWpEJdR9tLY=
-150,-248,qQgQdLKDrWMEY3D65VVCdLgzsOM=,2SgTVBBD49yqnXQbKWpEJdR9tLY=
-145,-249,qQgQdLKDrWMEY3D65VVCdLgzsOM=,VQ6IgjOC4XOmFcAoNz9qRc6EyKU=
-146,-249,qQgQdLKDrWMEY3D65VVCdLgzsOM=,VQ6IgjOC4XOmFcAoNz9qRc6EyKU=
-147,-249,qQgQdLKDrWMEY3D65VVCdLgzsOM=,VQ6IgjOC4XOmFcAoNz9qRc6EyKU=
-150,-244,qQgQdLKDrWMEY3D65VVCdLgzsOM=,2SgTVBBD49yqnXQbKWpEJdR9tLY=
-152,-244,qQgQdLKDrWMEY3D65VVCdLgzsOM=,2SgTVBBD49yqnXQbKWpEJdR9tLY=
-151,-244,qQgQdLKDrWMEY3D65VVCdLgzsOM=,2SgTVBBD49yqnXQbKWpEJdR9tLY=
-148,-249,qQgQdLKDrWMEY3D65VVCdLgzsOM=,VQ6IgjOC4XOmFcAoNz9qRc6EyKU=
-150,-249,qQgQdLKDrWMEY3D65VVCdLgzsOM=,VQ6IgjOC4XOmFcAoNz9qRc6EyKU=
-149,-249,qQgQdLKDrWMEY3D65VVCdLgzsOM=,VQ6IgjOC4XOmFcAoNz9qRc6EyKU=
-152,-249,qQgQdLKDrWMEY3D65VVCdLgzsOM=,VQ6IgjOC4XOmFcAoNz9qRc6EyKU=
-152,-245,qQgQdLKDrWMEY3D65VVCdLgzsOM=,2SgTVBBD49yqnXQbKWpEJdR9tLY=
-153,-245,qQgQdLKDrWMEY3D65VVCdLgzsOM=,WS+WSgFNs2KvqqJw3HEEivTCB5M=
-148,-247,qQgQdLKDrWMEY3D65VVCdLgzsOM=,2SgTVBBD49yqnXQbKWpEJdR9tLY=
-149,-247,qQgQdLKDrWMEY3D65VVCdLgzsOM=,2SgTVBBD49yqnXQbKWpEJdR9tLY=
-150,-247,qQgQdLKDrWMEY3D65VVCdLgzsOM=,2SgTVBBD49yqnXQbKWpEJdR9tLY=
-153,-241,qQgQdLKDrWMEY3D65VVCdLgzsOM=,WS+WSgFNs2KvqqJw3HEEivTCB5M=
-153,-246,qQgQdLKDrWMEY3D65VVCdLgzsOM=,WS+WSgFNs2KvqqJw3HEEivTCB5M=
-154,-250,qQgQdLKDrWMEY3D65VVCdLgzsOM=,WKPvA6xm20Sq0xjVhWeSfP2tnWA=
-155,-251,qQgQdLKDrWMEY3D65VVCdLgzsOM=,WKPvA6xm20Sq0xjVhWeSfP2tnWA=
-155,-250,qQgQdLKDrWMEY3D65VVCdLgzsOM=,WKPvA6xm20Sq0xjVhWeSfP2tnWA=
-155,-242,qQgQdLKDrWMEY3D65VVCdLgzsOM=,WS+WSgFNs2KvqqJw3HEEivTCB5M=
-148,-246,qQgQdLKDrWMEY3D65VVCdLgzsOM=,2SgTVBBD49yqnXQbKWpEJdR9tLY=
-151,-247,qQgQdLKDrWMEY3D65VVCdLgzsOM=,2SgTVBBD49yqnXQbKWpEJdR9tLY=
-154,-249,qQgQdLKDrWMEY3D65VVCdLgzsOM=,WKPvA6xm20Sq0xjVhWeSfP2tnWA=
-150,-243,qQgQdLKDrWMEY3D65VVCdLgzsOM=,2SgTVBBD49yqnXQbKWpEJdR9tLY=
-155,-249,qQgQdLKDrWMEY3D65VVCdLgzsOM=,WKPvA6xm20Sq0xjVhWeSfP2tnWA=
-155,-244,qQgQdLKDrWMEY3D65VVCdLgzsOM=,WS+WSgFNs2KvqqJw3HEEivTCB5M=
-153,-247,qQgQdLKDrWMEY3D65VVCdLgzsOM=,WS+WSgFNs2KvqqJw3HEEivTCB5M=
-156,-244,qQgQdLKDrWMEY3D65VVCdLgzsOM=,WS+WSgFNs2KvqqJw3HEEivTCB5M=
-145,-246,qQgQdLKDrWMEY3D65VVCdLgzsOM=,2SgTVBBD49yqnXQbKWpEJdR9tLY=
-150,-242,qQgQdLKDrWMEY3D65VVCdLgzsOM=,2SgTVBBD49yqnXQbKWpEJdR9tLY=
-155,-241,qQgQdLKDrWMEY3D65VVCdLgzsOM=,WS+WSgFNs2KvqqJw3HEEivTCB5M=
-147,-245,qQgQdLKDrWMEY3D65VVCdLgzsOM=,2SgTVBBD49yqnXQbKWpEJdR9tLY=
-155,-246,qQgQdLKDrWMEY3D65VVCdLgzsOM=,WS+WSgFNs2KvqqJw3HEEivTCB5M=
-152,-247,qQgQdLKDrWMEY3D65VVCdLgzsOM=,2SgTVBBD49yqnXQbKWpEJdR9tLY=
-149,-242,qQgQdLKDrWMEY3D65VVCdLgzsOM=,2SgTVBBD49yqnXQbKWpEJdR9tLY=
-154,-241,qQgQdLKDrWMEY3D65VVCdLgzsOM=,WS+WSgFNs2KvqqJw3HEEivTCB5M=
-155,-245,qQgQdLKDrWMEY3D65VVCdLgzsOM=,WS+WSgFNs2KvqqJw3HEEivTCB5M=
-152,-252,qQgQdLKDrWMEY3D65VVCdLgzsOM=,VQ6IgjOC4XOmFcAoNz9qRc6EyKU=
-154,-248,qQgQdLKDrWMEY3D65VVCdLgzsOM=,WS+WSgFNs2KvqqJw3HEEivTCB5M=
-150,-252,qQgQdLKDrWMEY3D65VVCdLgzsOM=,VQ6IgjOC4XOmFcAoNz9qRc6EyKU=
-148,-252,qQgQdLKDrWMEY3D65VVCdLgzsOM=,VQ6IgjOC4XOmFcAoNz9qRc6EyKU=
-146,-246,qQgQdLKDrWMEY3D65VVCdLgzsOM=,2SgTVBBD49yqnXQbKWpEJdR9tLY=
-145,-252,qQgQdLKDrWMEY3D65VVCdLgzsOM=,VQ6IgjOC4XOmFcAoNz9qRc6EyKU=
-152,-251,qQgQdLKDrWMEY3D65VVCdLgzsOM=,VQ6IgjOC4XOmFcAoNz9qRc6EyKU=
-151,-250,qQgQdLKDrWMEY3D65VVCdLgzsOM=,VQ6IgjOC4XOmFcAoNz9qRc6EyKU=
-151,-243,qQgQdLKDrWMEY3D65VVCdLgzsOM=,2SgTVBBD49yqnXQbKWpEJdR9tLY=
-149,-243,qQgQdLKDrWMEY3D65VVCdLgzsOM=,2SgTVBBD49yqnXQbKWpEJdR9tLY=
-153,-252,qQgQdLKDrWMEY3D65VVCdLgzsOM=,WKPvA6xm20Sq0xjVhWeSfP2tnWA=
-154,-244,qQgQdLKDrWMEY3D65VVCdLgzsOM=,WS+WSgFNs2KvqqJw3HEEivTCB5M=
-149,-252,qQgQdLKDrWMEY3D65VVCdLgzsOM=,VQ6IgjOC4XOmFcAoNz9qRc6EyKU=
-151,-248,qQgQdLKDrWMEY3D65VVCdLgzsOM=,2SgTVBBD49yqnXQbKWpEJdR9tLY=
-153,-250,qQgQdLKDrWMEY3D65VVCdLgzsOM=,WKPvA6xm20Sq0xjVhWeSfP2tnWA=
-147,-246,qQgQdLKDrWMEY3D65VVCdLgzsOM=,2SgTVBBD49yqnXQbKWpEJdR9tLY=
-151,-242,qQgQdLKDrWMEY3D65VVCdLgzsOM=,2SgTVBBD49yqnXQbKWpEJdR9tLY=
-151,-246,qQgQdLKDrWMEY3D65VVCdLgzsOM=,2SgTVBBD49yqnXQbKWpEJdR9tLY=
-153,-249,qQgQdLKDrWMEY3D65VVCdLgzsOM=,WKPvA6xm20Sq0xjVhWeSfP2tnWA=
-148,-243,qQgQdLKDrWMEY3D65VVCdLgzsOM=,2SgTVBBD49yqnXQbKWpEJdR9tLY=
-154,-243,qQgQdLKDrWMEY3D65VVCdLgzsOM=,WS+WSgFNs2KvqqJw3HEEivTCB5M=
-152,-242,qQgQdLKDrWMEY3D65VVCdLgzsOM=,2SgTVBBD49yqnXQbKWpEJdR9tLY=
-146,-248,qQgQdLKDrWMEY3D65VVCdLgzsOM=,2SgTVBBD49yqnXQbKWpEJdR9tLY=
-146,-245,qQgQdLKDrWMEY3D65VVCdLgzsOM=,2SgTVBBD49yqnXQbKWpEJdR9tLY=
-153,-243,qQgQdLKDrWMEY3D65VVCdLgzsOM=,WS+WSgFNs2KvqqJw3HEEivTCB5M=
-145,-248,qQgQdLKDrWMEY3D65VVCdLgzsOM=,2SgTVBBD49yqnXQbKWpEJdR9tLY=
-149,-245,qQgQdLKDrWMEY3D65VVCdLgzsOM=,2SgTVBBD49yqnXQbKWpEJdR9tLY=
-153,-244,qQgQdLKDrWMEY3D65VVCdLgzsOM=,WS+WSgFNs2KvqqJw3HEEivTCB5M=
-149,-244,qQgQdLKDrWMEY3D65VVCdLgzsOM=,2SgTVBBD49yqnXQbKWpEJdR9tLY=
-147,-248,qQgQdLKDrWMEY3D65VVCdLgzsOM=,2SgTVBBD49yqnXQbKWpEJdR9tLY=
-148,-244,qQgQdLKDrWMEY3D65VVCdLgzsOM=,2SgTVBBD49yqnXQbKWpEJdR9tLY=
-152,-243,qQgQdLKDrWMEY3D65VVCdLgzsOM=,2SgTVBBD49yqnXQbKWpEJdR9tLY=
-146,-244,qQgQdLKDrWMEY3D65VVCdLgzsOM=,2SgTVBBD49yqnXQbKWpEJdR9tLY=
-150,-245,qQgQdLKDrWMEY3D65VVCdLgzsOM=,2SgTVBBD49yqnXQbKWpEJdR9tLY=
-146,-243,qQgQdLKDrWMEY3D65VVCdLgzsOM=,2SgTVBBD49yqnXQbKWpEJdR9tLY=
-145,-242,qQgQdLKDrWMEY3D65VVCdLgzsOM=,2SgTVBBD49yqnXQbKWpEJdR9tLY=
-145,-243,qQgQdLKDrWMEY3D65VVCdLgzsOM=,2SgTVBBD49yqnXQbKWpEJdR9tLY=
-145,-241,qQgQdLKDrWMEY3D65VVCdLgzsOM=,2SgTVBBD49yqnXQbKWpEJdR9tLY=
-145,-247,qQgQdLKDrWMEY3D65VVCdLgzsOM=,2SgTVBBD49yqnXQbKWpEJdR9tLY=
-151,-249,qQgQdLKDrWMEY3D65VVCdLgzsOM=,VQ6IgjOC4XOmFcAoNz9qRc6EyKU=
-153,-248,qQgQdLKDrWMEY3D65VVCdLgzsOM=,WS+WSgFNs2KvqqJw3HEEivTCB5M=
-147,-247,qQgQdLKDrWMEY3D65VVCdLgzsOM=,2SgTVBBD49yqnXQbKWpEJdR9tLY=
-148,-248,qQgQdLKDrWMEY3D65VVCdLgzsOM=,2SgTVBBD49yqnXQbKWpEJdR9tLY=
-146,-242,qQgQdLKDrWMEY3D65VVCdLgzsOM=,2SgTVBBD49yqnXQbKWpEJdR9tLY=
-153,-242,qQgQdLKDrWMEY3D65VVCdLgzsOM=,WS+WSgFNs2KvqqJw3HEEivTCB5M=
-151,-245,qQgQdLKDrWMEY3D65VVCdLgzsOM=,2SgTVBBD49yqnXQbKWpEJdR9tLY=
-152,-248,qQgQdLKDrWMEY3D65VVCdLgzsOM=,2SgTVBBD49yqnXQbKWpEJdR9tLY=
-149,-246,qQgQdLKDrWMEY3D65VVCdLgzsOM=,2SgTVBBD49yqnXQbKWpEJdR9tLY=
-145,-244,qQgQdLKDrWMEY3D65VVCdLgzsOM=,2SgTVBBD49yqnXQbKWpEJdR9tLY=
-147,-243,qQgQdLKDrWMEY3D65VVCdLgzsOM=,2SgTVBBD49yqnXQbKWpEJdR9tLY=
-151,-241,qQgQdLKDrWMEY3D65VVCdLgzsOM=,2SgTVBBD49yqnXQbKWpEJdR9tLY=
-152,-241,qQgQdLKDrWMEY3D65VVCdLgzsOM=,2SgTVBBD49yqnXQbKWpEJdR9tLY=
-150,-241,qQgQdLKDrWMEY3D65VVCdLgzsOM=,2SgTVBBD49yqnXQbKWpEJdR9tLY=
-146,-247,qQgQdLKDrWMEY3D65VVCdLgzsOM=,2SgTVBBD49yqnXQbKWpEJdR9tLY=
-146,-241,qQgQdLKDrWMEY3D65VVCdLgzsOM=,2SgTVBBD49yqnXQbKWpEJdR9tLY=
-152,-246,qQgQdLKDrWMEY3D65VVCdLgzsOM=,2SgTVBBD49yqnXQbKWpEJdR9tLY=
-145,-245,qQgQdLKDrWMEY3D65VVCdLgzsOM=,2SgTVBBD49yqnXQbKWpEJdR9tLY=
-148,-245,qQgQdLKDrWMEY3D65VVCdLgzsOM=,2SgTVBBD49yqnXQbKWpEJdR9tLY=
-147,-244,qQgQdLKDrWMEY3D65VVCdLgzsOM=,2SgTVBBD49yqnXQbKWpEJdR9tLY=
-148,-241,qQgQdLKDrWMEY3D65VVCdLgzsOM=,2SgTVBBD49yqnXQbKWpEJdR9tLY=
-149,-241,qQgQdLKDrWMEY3D65VVCdLgzsOM=,2SgTVBBD49yqnXQbKWpEJdR9tLY=
-148,-242,qQgQdLKDrWMEY3D65VVCdLgzsOM=,2SgTVBBD49yqnXQbKWpEJdR9tLY=
-147,-242,qQgQdLKDrWMEY3D65VVCdLgzsOM=,2SgTVBBD49yqnXQbKWpEJdR9tLY=
-147,-241,qQgQdLKDrWMEY3D65VVCdLgzsOM=,2SgTVBBD49yqnXQbKWpEJdR9tLY=
-156,-226,qQgQdLKDrWMEY3D65VVCdLgzsOM=,n1iRIuoGKBN/O6AY+X0oGUAZq/g=
-157,-226,qQgQdLKDrWMEY3D65VVCdLgzsOM=,n1iRIuoGKBN/O6AY+X0oGUAZq/g=
-158,-226,qQgQdLKDrWMEY3D65VVCdLgzsOM=,n1iRIuoGKBN/O6AY+X0oGUAZq/g=
-159,-226,qQgQdLKDrWMEY3D65VVCdLgzsOM=,n1iRIuoGKBN/O6AY+X0oGUAZq/g=
-154,-227,qQgQdLKDrWMEY3D65VVCdLgzsOM=,n1iRIuoGKBN/O6AY+X0oGUAZq/g=
-155,-227,qQgQdLKDrWMEY3D65VVCdLgzsOM=,n1iRIuoGKBN/O6AY+X0oGUAZq/g=
-156,-227,qQgQdLKDrWMEY3D65VVCdLgzsOM=,n1iRIuoGKBN/O6AY+X0oGUAZq/g=
-157,-227,qQgQdLKDrWMEY3D65VVCdLgzsOM=,n1iRIuoGKBN/O6AY+X0oGUAZq/g=
-158,-227,qQgQdLKDrWMEY3D65VVCdLgzsOM=,n1iRIuoGKBN/O6AY+X0oGUAZq/g=
-159,-227,qQgQdLKDrWMEY3D65VVCdLgzsOM=,n1iRIuoGKBN/O6AY+X0oGUAZq/g=
-154,-228,qQgQdLKDrWMEY3D65VVCdLgzsOM=,n1iRIuoGKBN/O6AY+X0oGUAZq/g=
-155,-228,qQgQdLKDrWMEY3D65VVCdLgzsOM=,n1iRIuoGKBN/O6AY+X0oGUAZq/g=
-156,-228,qQgQdLKDrWMEY3D65VVCdLgzsOM=,n1iRIuoGKBN/O6AY+X0oGUAZq/g=
-157,-228,qQgQdLKDrWMEY3D65VVCdLgzsOM=,n1iRIuoGKBN/O6AY+X0oGUAZq/g=
-158,-228,qQgQdLKDrWMEY3D65VVCdLgzsOM=,n1iRIuoGKBN/O6AY+X0oGUAZq/g=
-159,-228,qQgQdLKDrWMEY3D65VVCdLgzsOM=,n1iRIuoGKBN/O6AY+X0oGUAZq/g=
-154,-229,qQgQdLKDrWMEY3D65VVCdLgzsOM=,n1iRIuoGKBN/O6AY+X0oGUAZq/g=
-155,-229,qQgQdLKDrWMEY3D65VVCdLgzsOM=,n1iRIuoGKBN/O6AY+X0oGUAZq/g=
-156,-229,qQgQdLKDrWMEY3D65VVCdLgzsOM=,n1iRIuoGKBN/O6AY+X0oGUAZq/g=
-158,-229,qQgQdLKDrWMEY3D65VVCdLgzsOM=,n1iRIuoGKBN/O6AY+X0oGUAZq/g=
-157,-229,qQgQdLKDrWMEY3D65VVCdLgzsOM=,n1iRIuoGKBN/O6AY+X0oGUAZq/g=
-159,-229,qQgQdLKDrWMEY3D65VVCdLgzsOM=,n1iRIuoGKBN/O6AY+X0oGUAZq/g=
-154,-230,qQgQdLKDrWMEY3D65VVCdLgzsOM=,n1iRIuoGKBN/O6AY+X0oGUAZq/g=
-155,-230,qQgQdLKDrWMEY3D65VVCdLgzsOM=,n1iRIuoGKBN/O6AY+X0oGUAZq/g=
-156,-230,qQgQdLKDrWMEY3D65VVCdLgzsOM=,n1iRIuoGKBN/O6AY+X0oGUAZq/g=
-157,-230,qQgQdLKDrWMEY3D65VVCdLgzsOM=,n1iRIuoGKBN/O6AY+X0oGUAZq/g=
-158,-230,qQgQdLKDrWMEY3D65VVCdLgzsOM=,n1iRIuoGKBN/O6AY+X0oGUAZq/g=
-159,-230,qQgQdLKDrWMEY3D65VVCdLgzsOM=,n1iRIuoGKBN/O6AY+X0oGUAZq/g=
-154,-225,qQgQdLKDrWMEY3D65VVCdLgzsOM=,n1iRIuoGKBN/O6AY+X0oGUAZq/g=
-155,-225,qQgQdLKDrWMEY3D65VVCdLgzsOM=,n1iRIuoGKBN/O6AY+X0oGUAZq/g=
-154,-231,qQgQdLKDrWMEY3D65VVCdLgzsOM=,n1iRIuoGKBN/O6AY+X0oGUAZq/g=
-157,-225,qQgQdLKDrWMEY3D65VVCdLgzsOM=,n1iRIuoGKBN/O6AY+X0oGUAZq/g=
-156,-225,qQgQdLKDrWMEY3D65VVCdLgzsOM=,n1iRIuoGKBN/O6AY+X0oGUAZq/g=
-158,-225,qQgQdLKDrWMEY3D65VVCdLgzsOM=,n1iRIuoGKBN/O6AY+X0oGUAZq/g=
-155,-231,qQgQdLKDrWMEY3D65VVCdLgzsOM=,n1iRIuoGKBN/O6AY+X0oGUAZq/g=
-156,-231,qQgQdLKDrWMEY3D65VVCdLgzsOM=,n1iRIuoGKBN/O6AY+X0oGUAZq/g=
-159,-225,qQgQdLKDrWMEY3D65VVCdLgzsOM=,n1iRIuoGKBN/O6AY+X0oGUAZq/g=
-157,-231,qQgQdLKDrWMEY3D65VVCdLgzsOM=,n1iRIuoGKBN/O6AY+X0oGUAZq/g=
-158,-231,qQgQdLKDrWMEY3D65VVCdLgzsOM=,n1iRIuoGKBN/O6AY+X0oGUAZq/g=
-159,-231,qQgQdLKDrWMEY3D65VVCdLgzsOM=,n1iRIuoGKBN/O6AY+X0oGUAZq/g=
-154,-226,qQgQdLKDrWMEY3D65VVCdLgzsOM=,n1iRIuoGKBN/O6AY+X0oGUAZq/g=
-155,-226,qQgQdLKDrWMEY3D65VVCdLgzsOM=,n1iRIuoGKBN/O6AY+X0oGUAZq/g=
-156,-239,qQgQdLKDrWMEY3D65VVCdLgzsOM=,RbyhFompLUjV3+IZ+eAXOQimPQ8=
-157,-239,qQgQdLKDrWMEY3D65VVCdLgzsOM=,RbyhFompLUjV3+IZ+eAXOQimPQ8=
-159,-239,qQgQdLKDrWMEY3D65VVCdLgzsOM=,RbyhFompLUjV3+IZ+eAXOQimPQ8=
-158,-239,qQgQdLKDrWMEY3D65VVCdLgzsOM=,RbyhFompLUjV3+IZ+eAXOQimPQ8=
-154,-233,qQgQdLKDrWMEY3D65VVCdLgzsOM=,RbyhFompLUjV3+IZ+eAXOQimPQ8=
-156,-233,qQgQdLKDrWMEY3D65VVCdLgzsOM=,RbyhFompLUjV3+IZ+eAXOQimPQ8=
-155,-233,qQgQdLKDrWMEY3D65VVCdLgzsOM=,RbyhFompLUjV3+IZ+eAXOQimPQ8=
-157,-233,qQgQdLKDrWMEY3D65VVCdLgzsOM=,RbyhFompLUjV3+IZ+eAXOQimPQ8=
-158,-233,qQgQdLKDrWMEY3D65VVCdLgzsOM=,RbyhFompLUjV3+IZ+eAXOQimPQ8=
-159,-233,qQgQdLKDrWMEY3D65VVCdLgzsOM=,RbyhFompLUjV3+IZ+eAXOQimPQ8=
-155,-234,qQgQdLKDrWMEY3D65VVCdLgzsOM=,RbyhFompLUjV3+IZ+eAXOQimPQ8=
-156,-234,qQgQdLKDrWMEY3D65VVCdLgzsOM=,RbyhFompLUjV3+IZ+eAXOQimPQ8=
-157,-234,qQgQdLKDrWMEY3D65VVCdLgzsOM=,RbyhFompLUjV3+IZ+eAXOQimPQ8=
-158,-234,qQgQdLKDrWMEY3D65VVCdLgzsOM=,RbyhFompLUjV3+IZ+eAXOQimPQ8=
-159,-234,qQgQdLKDrWMEY3D65VVCdLgzsOM=,RbyhFompLUjV3+IZ+eAXOQimPQ8=
-155,-235,qQgQdLKDrWMEY3D65VVCdLgzsOM=,RbyhFompLUjV3+IZ+eAXOQimPQ8=
-157,-235,qQgQdLKDrWMEY3D65VVCdLgzsOM=,RbyhFompLUjV3+IZ+eAXOQimPQ8=
-156,-235,qQgQdLKDrWMEY3D65VVCdLgzsOM=,RbyhFompLUjV3+IZ+eAXOQimPQ8=
-158,-235,qQgQdLKDrWMEY3D65VVCdLgzsOM=,RbyhFompLUjV3+IZ+eAXOQimPQ8=
-159,-235,qQgQdLKDrWMEY3D65VVCdLgzsOM=,RbyhFompLUjV3+IZ+eAXOQimPQ8=
-155,-236,qQgQdLKDrWMEY3D65VVCdLgzsOM=,RbyhFompLUjV3+IZ+eAXOQimPQ8=
-156,-236,qQgQdLKDrWMEY3D65VVCdLgzsOM=,RbyhFompLUjV3+IZ+eAXOQimPQ8=
-157,-236,qQgQdLKDrWMEY3D65VVCdLgzsOM=,RbyhFompLUjV3+IZ+eAXOQimPQ8=
-158,-236,qQgQdLKDrWMEY3D65VVCdLgzsOM=,RbyhFompLUjV3+IZ+eAXOQimPQ8=
-159,-236,qQgQdLKDrWMEY3D65VVCdLgzsOM=,RbyhFompLUjV3+IZ+eAXOQimPQ8=
-154,-237,qQgQdLKDrWMEY3D65VVCdLgzsOM=,RbyhFompLUjV3+IZ+eAXOQimPQ8=
-155,-237,qQgQdLKDrWMEY3D65VVCdLgzsOM=,RbyhFompLUjV3+IZ+eAXOQimPQ8=
-157,-237,qQgQdLKDrWMEY3D65VVCdLgzsOM=,RbyhFompLUjV3+IZ+eAXOQimPQ8=
-158,-237,qQgQdLKDrWMEY3D65VVCdLgzsOM=,RbyhFompLUjV3+IZ+eAXOQimPQ8=
-159,-237,qQgQdLKDrWMEY3D65VVCdLgzsOM=,RbyhFompLUjV3+IZ+eAXOQimPQ8=
-154,-238,qQgQdLKDrWMEY3D65VVCdLgzsOM=,RbyhFompLUjV3+IZ+eAXOQimPQ8=
-155,-238,qQgQdLKDrWMEY3D65VVCdLgzsOM=,RbyhFompLUjV3+IZ+eAXOQimPQ8=
-156,-238,qQgQdLKDrWMEY3D65VVCdLgzsOM=,RbyhFompLUjV3+IZ+eAXOQimPQ8=
-157,-238,qQgQdLKDrWMEY3D65VVCdLgzsOM=,RbyhFompLUjV3+IZ+eAXOQimPQ8=
-158,-238,qQgQdLKDrWMEY3D65VVCdLgzsOM=,RbyhFompLUjV3+IZ+eAXOQimPQ8=
-156,-232,qQgQdLKDrWMEY3D65VVCdLgzsOM=,n1iRIuoGKBN/O6AY+X0oGUAZq/g=
-159,-238,qQgQdLKDrWMEY3D65VVCdLgzsOM=,RbyhFompLUjV3+IZ+eAXOQimPQ8=
-154,-239,qQgQdLKDrWMEY3D65VVCdLgzsOM=,RbyhFompLUjV3+IZ+eAXOQimPQ8=
-157,-232,qQgQdLKDrWMEY3D65VVCdLgzsOM=,n1iRIuoGKBN/O6AY+X0oGUAZq/g=
-155,-239,qQgQdLKDrWMEY3D65VVCdLgzsOM=,RbyhFompLUjV3+IZ+eAXOQimPQ8=
-158,-232,qQgQdLKDrWMEY3D65VVCdLgzsOM=,n1iRIuoGKBN/O6AY+X0oGUAZq/g=
-159,-232,qQgQdLKDrWMEY3D65VVCdLgzsOM=,n1iRIuoGKBN/O6AY+X0oGUAZq/g=
-147,-229,qQgQdLKDrWMEY3D65VVCdLgzsOM=,L9P/cznqK3I8Y3JEExvD0il3IbM=
-152,-228,qQgQdLKDrWMEY3D65VVCdLgzsOM=,L9P/cznqK3I8Y3JEExvD0il3IbM=
-152,-226,qQgQdLKDrWMEY3D65VVCdLgzsOM=,L9P/cznqK3I8Y3JEExvD0il3IbM=
-153,-226,qQgQdLKDrWMEY3D65VVCdLgzsOM=,n1iRIuoGKBN/O6AY+X0oGUAZq/g=
-146,-228,qQgQdLKDrWMEY3D65VVCdLgzsOM=,L9P/cznqK3I8Y3JEExvD0il3IbM=
-153,-227,qQgQdLKDrWMEY3D65VVCdLgzsOM=,n1iRIuoGKBN/O6AY+X0oGUAZq/g=
-151,-230,qQgQdLKDrWMEY3D65VVCdLgzsOM=,L9P/cznqK3I8Y3JEExvD0il3IbM=
-152,-230,qQgQdLKDrWMEY3D65VVCdLgzsOM=,L9P/cznqK3I8Y3JEExvD0il3IbM=
-146,-231,qQgQdLKDrWMEY3D65VVCdLgzsOM=,L9P/cznqK3I8Y3JEExvD0il3IbM=
-150,-229,qQgQdLKDrWMEY3D65VVCdLgzsOM=,L9P/cznqK3I8Y3JEExvD0il3IbM=
-151,-229,qQgQdLKDrWMEY3D65VVCdLgzsOM=,L9P/cznqK3I8Y3JEExvD0il3IbM=
-152,-229,qQgQdLKDrWMEY3D65VVCdLgzsOM=,L9P/cznqK3I8Y3JEExvD0il3IbM=
-153,-228,qQgQdLKDrWMEY3D65VVCdLgzsOM=,n1iRIuoGKBN/O6AY+X0oGUAZq/g=
-146,-230,qQgQdLKDrWMEY3D65VVCdLgzsOM=,L9P/cznqK3I8Y3JEExvD0il3IbM=
-147,-228,qQgQdLKDrWMEY3D65VVCdLgzsOM=,L9P/cznqK3I8Y3JEExvD0il3IbM=
-147,-230,qQgQdLKDrWMEY3D65VVCdLgzsOM=,L9P/cznqK3I8Y3JEExvD0il3IbM=
-148,-230,qQgQdLKDrWMEY3D65VVCdLgzsOM=,L9P/cznqK3I8Y3JEExvD0il3IbM=
-149,-230,qQgQdLKDrWMEY3D65VVCdLgzsOM=,L9P/cznqK3I8Y3JEExvD0il3IbM=
-151,-227,uKoB7BJielm5LthRdLNkjua3ts8=,L9P/cznqK3I8Y3JEExvD0il3IbM=
-153,-229,uKoB7BJielm5LthRdLNkjua3ts8=,n1iRIuoGKBN/O6AY+X0oGUAZq/g=
-152,-227,uKoB7BJielm5LthRdLNkjua3ts8=,L9P/cznqK3I8Y3JEExvD0il3IbM=
-148,-231,uKoB7BJielm5LthRdLNkjua3ts8=,L9P/cznqK3I8Y3JEExvD0il3IbM=
-150,-228,uKoB7BJielm5LthRdLNkjua3ts8=,L9P/cznqK3I8Y3JEExvD0il3IbM=
-153,-230,uKoB7BJielm5LthRdLNkjua3ts8=,n1iRIuoGKBN/O6AY+X0oGUAZq/g=
-150,-230,uKoB7BJielm5LthRdLNkjua3ts8=,L9P/cznqK3I8Y3JEExvD0il3IbM=
-150,-226,uKoB7BJielm5LthRdLNkjua3ts8=,L9P/cznqK3I8Y3JEExvD0il3IbM=
-153,-231,uKoB7BJielm5LthRdLNkjua3ts8=,n1iRIuoGKBN/O6AY+X0oGUAZq/g=
-150,-231,uKoB7BJielm5LthRdLNkjua3ts8=,L9P/cznqK3I8Y3JEExvD0il3IbM=
-151,-226,uKoB7BJielm5LthRdLNkjua3ts8=,L9P/cznqK3I8Y3JEExvD0il3IbM=
-153,-225,uKoB7BJielm5LthRdLNkjua3ts8=,n1iRIuoGKBN/O6AY+X0oGUAZq/g=
-149,-226,uKoB7BJielm5LthRdLNkjua3ts8=,L9P/cznqK3I8Y3JEExvD0il3IbM=
-150,-227,uKoB7BJielm5LthRdLNkjua3ts8=,L9P/cznqK3I8Y3JEExvD0il3IbM=
-146,-225,uKoB7BJielm5LthRdLNkjua3ts8=,L9P/cznqK3I8Y3JEExvD0il3IbM=
-147,-225,uKoB7BJielm5LthRdLNkjua3ts8=,L9P/cznqK3I8Y3JEExvD0il3IbM=
-149,-227,uKoB7BJielm5LthRdLNkjua3ts8=,L9P/cznqK3I8Y3JEExvD0il3IbM=
-148,-225,uKoB7BJielm5LthRdLNkjua3ts8=,L9P/cznqK3I8Y3JEExvD0il3IbM=
-149,-228,uKoB7BJielm5LthRdLNkjua3ts8=,L9P/cznqK3I8Y3JEExvD0il3IbM=
-151,-228,uKoB7BJielm5LthRdLNkjua3ts8=,L9P/cznqK3I8Y3JEExvD0il3IbM=
-152,-225,uKoB7BJielm5LthRdLNkjua3ts8=,L9P/cznqK3I8Y3JEExvD0il3IbM=
-151,-225,uKoB7BJielm5LthRdLNkjua3ts8=,L9P/cznqK3I8Y3JEExvD0il3IbM=
-150,-225,uKoB7BJielm5LthRdLNkjua3ts8=,L9P/cznqK3I8Y3JEExvD0il3IbM=
-149,-225,uKoB7BJielm5LthRdLNkjua3ts8=,L9P/cznqK3I8Y3JEExvD0il3IbM=
-158,-240,uKoB7BJielm5LthRdLNkjua3ts8=,RbyhFompLUjV3+IZ+eAXOQimPQ8=
-154,-240,uKoB7BJielm5LthRdLNkjua3ts8=,RbyhFompLUjV3+IZ+eAXOQimPQ8=
-157,-240,uKoB7BJielm5LthRdLNkjua3ts8=,RbyhFompLUjV3+IZ+eAXOQimPQ8=
-160,-231,uKoB7BJielm5LthRdLNkjua3ts8=,n1iRIuoGKBN/O6AY+X0oGUAZq/g=
-160,-226,uKoB7BJielm5LthRdLNkjua3ts8=,n1iRIuoGKBN/O6AY+X0oGUAZq/g=
-160,-227,uKoB7BJielm5LthRdLNkjua3ts8=,n1iRIuoGKBN/O6AY+X0oGUAZq/g=
-160,-229,uKoB7BJielm5LthRdLNkjua3ts8=,n1iRIuoGKBN/O6AY+X0oGUAZq/g=
-160,-230,uKoB7BJielm5LthRdLNkjua3ts8=,n1iRIuoGKBN/O6AY+X0oGUAZq/g=
-160,-228,uKoB7BJielm5LthRdLNkjua3ts8=,n1iRIuoGKBN/O6AY+X0oGUAZq/g=
-160,-232,uKoB7BJielm5LthRdLNkjua3ts8=,n1iRIuoGKBN/O6AY+X0oGUAZq/g=
-160,-238,uKoB7BJielm5LthRdLNkjua3ts8=,RbyhFompLUjV3+IZ+eAXOQimPQ8=
-160,-237,uKoB7BJielm5LthRdLNkjua3ts8=,RbyhFompLUjV3+IZ+eAXOQimPQ8=
-160,-236,uKoB7BJielm5LthRdLNkjua3ts8=,RbyhFompLUjV3+IZ+eAXOQimPQ8=
-160,-235,uKoB7BJielm5LthRdLNkjua3ts8=,RbyhFompLUjV3+IZ+eAXOQimPQ8=
-160,-233,uKoB7BJielm5LthRdLNkjua3ts8=,RbyhFompLUjV3+IZ+eAXOQimPQ8=
-160,-234,uKoB7BJielm5LthRdLNkjua3ts8=,RbyhFompLUjV3+IZ+eAXOQimPQ8=
-160,-239,uKoB7BJielm5LthRdLNkjua3ts8=,RbyhFompLUjV3+IZ+eAXOQimPQ8=
-160,-240,uKoB7BJielm5LthRdLNkjua3ts8=,RbyhFompLUjV3+IZ+eAXOQimPQ8=
-160,-225,uKoB7BJielm5LthRdLNkjua3ts8=,n1iRIuoGKBN/O6AY+X0oGUAZq/g=
-159,-240,uKoB7BJielm5LthRdLNkjua3ts8=,RbyhFompLUjV3+IZ+eAXOQimPQ8=
-145,-229,uKoB7BJielm5LthRdLNkjua3ts8=,L9P/cznqK3I8Y3JEExvD0il3IbM=
-145,-228,uKoB7BJielm5LthRdLNkjua3ts8=,L9P/cznqK3I8Y3JEExvD0il3IbM=
-145,-225,uKoB7BJielm5LthRdLNkjua3ts8=,L9P/cznqK3I8Y3JEExvD0il3IbM=
-145,-227,uKoB7BJielm5LthRdLNkjua3ts8=,L9P/cznqK3I8Y3JEExvD0il3IbM=
-145,-231,uKoB7BJielm5LthRdLNkjua3ts8=,L9P/cznqK3I8Y3JEExvD0il3IbM=
-145,-230,uKoB7BJielm5LthRdLNkjua3ts8=,L9P/cznqK3I8Y3JEExvD0il3IbM=
-145,-226,uKoB7BJielm5LthRdLNkjua3ts8=,L9P/cznqK3I8Y3JEExvD0il3IbM=
-146,-226,uKoB7BJielm5LthRdLNkjua3ts8=,L9P/cznqK3I8Y3JEExvD0il3IbM=
-146,-227,uKoB7BJielm5LthRdLNkjua3ts8=,L9P/cznqK3I8Y3JEExvD0il3IbM=
-147,-226,uKoB7BJielm5LthRdLNkjua3ts8=,L9P/cznqK3I8Y3JEExvD0il3IbM=
-148,-228,uKoB7BJielm5LthRdLNkjua3ts8=,L9P/cznqK3I8Y3JEExvD0il3IbM=
-148,-226,uKoB7BJielm5LthRdLNkjua3ts8=,L9P/cznqK3I8Y3JEExvD0il3IbM=
-152,-239,uKoB7BJielm5LthRdLNkjua3ts8=,oAp0A4rrDHTsi2LFkCzaQ4AoymY=
-150,-239,uKoB7BJielm5LthRdLNkjua3ts8=,oAp0A4rrDHTsi2LFkCzaQ4AoymY=
-149,-239,uKoB7BJielm5LthRdLNkjua3ts8=,oAp0A4rrDHTsi2LFkCzaQ4AoymY=
-152,-232,uKoB7BJielm5LthRdLNkjua3ts8=,L9P/cznqK3I8Y3JEExvD0il3IbM=
-153,-232,uKoB7BJielm5LthRdLNkjua3ts8=,n1iRIuoGKBN/O6AY+X0oGUAZq/g=
-152,-238,uKoB7BJielm5LthRdLNkjua3ts8=,oAp0A4rrDHTsi2LFkCzaQ4AoymY=
-151,-238,uKoB7BJielm5LthRdLNkjua3ts8=,oAp0A4rrDHTsi2LFkCzaQ4AoymY=
-150,-238,uKoB7BJielm5LthRdLNkjua3ts8=,oAp0A4rrDHTsi2LFkCzaQ4AoymY=
-153,-238,uKoB7BJielm5LthRdLNkjua3ts8=,RbyhFompLUjV3+IZ+eAXOQimPQ8=
-149,-238,uKoB7BJielm5LthRdLNkjua3ts8=,oAp0A4rrDHTsi2LFkCzaQ4AoymY=
-148,-238,uKoB7BJielm5LthRdLNkjua3ts8=,oAp0A4rrDHTsi2LFkCzaQ4AoymY=
-153,-237,uKoB7BJielm5LthRdLNkjua3ts8=,RbyhFompLUjV3+IZ+eAXOQimPQ8=
-152,-237,uKoB7BJielm5LthRdLNkjua3ts8=,oAp0A4rrDHTsi2LFkCzaQ4AoymY=
-153,-236,uKoB7BJielm5LthRdLNkjua3ts8=,RbyhFompLUjV3+IZ+eAXOQimPQ8=
-149,-237,uKoB7BJielm5LthRdLNkjua3ts8=,oAp0A4rrDHTsi2LFkCzaQ4AoymY=
-148,-237,uKoB7BJielm5LthRdLNkjua3ts8=,oAp0A4rrDHTsi2LFkCzaQ4AoymY=
-147,-232,uKoB7BJielm5LthRdLNkjua3ts8=,L9P/cznqK3I8Y3JEExvD0il3IbM=
-149,-232,uKoB7BJielm5LthRdLNkjua3ts8=,L9P/cznqK3I8Y3JEExvD0il3IbM=
-153,-240,uKoB7BJielm5LthRdLNkjua3ts8=,RbyhFompLUjV3+IZ+eAXOQimPQ8=
-153,-233,uKoB7BJielm5LthRdLNkjua3ts8=,RbyhFompLUjV3+IZ+eAXOQimPQ8=
-148,-232,uKoB7BJielm5LthRdLNkjua3ts8=,L9P/cznqK3I8Y3JEExvD0il3IbM=
-146,-232,uKoB7BJielm5LthRdLNkjua3ts8=,L9P/cznqK3I8Y3JEExvD0il3IbM=
-150,-232,uKoB7BJielm5LthRdLNkjua3ts8=,L9P/cznqK3I8Y3JEExvD0il3IbM=
-147,-233,uKoB7BJielm5LthRdLNkjua3ts8=,oAp0A4rrDHTsi2LFkCzaQ4AoymY=
-148,-233,uKoB7BJielm5LthRdLNkjua3ts8=,oAp0A4rrDHTsi2LFkCzaQ4AoymY=
-149,-233,uKoB7BJielm5LthRdLNkjua3ts8=,oAp0A4rrDHTsi2LFkCzaQ4AoymY=
-150,-233,uKoB7BJielm5LthRdLNkjua3ts8=,oAp0A4rrDHTsi2LFkCzaQ4AoymY=
-151,-233,uKoB7BJielm5LthRdLNkjua3ts8=,oAp0A4rrDHTsi2LFkCzaQ4AoymY=
-152,-233,uKoB7BJielm5LthRdLNkjua3ts8=,oAp0A4rrDHTsi2LFkCzaQ4AoymY=
-145,-234,uKoB7BJielm5LthRdLNkjua3ts8=,oAp0A4rrDHTsi2LFkCzaQ4AoymY=
-146,-234,uKoB7BJielm5LthRdLNkjua3ts8=,oAp0A4rrDHTsi2LFkCzaQ4AoymY=
-148,-234,uKoB7BJielm5LthRdLNkjua3ts8=,oAp0A4rrDHTsi2LFkCzaQ4AoymY=
-150,-234,uKoB7BJielm5LthRdLNkjua3ts8=,oAp0A4rrDHTsi2LFkCzaQ4AoymY=
-155,-232,uKoB7BJielm5LthRdLNkjua3ts8=,n1iRIuoGKBN/O6AY+X0oGUAZq/g=
-149,-234,uKoB7BJielm5LthRdLNkjua3ts8=,oAp0A4rrDHTsi2LFkCzaQ4AoymY=
-154,-234,uKoB7BJielm5LthRdLNkjua3ts8=,RbyhFompLUjV3+IZ+eAXOQimPQ8=
-152,-234,uKoB7BJielm5LthRdLNkjua3ts8=,oAp0A4rrDHTsi2LFkCzaQ4AoymY=
-153,-239,uKoB7BJielm5LthRdLNkjua3ts8=,RbyhFompLUjV3+IZ+eAXOQimPQ8=
-148,-235,uKoB7BJielm5LthRdLNkjua3ts8=,oAp0A4rrDHTsi2LFkCzaQ4AoymY=
-147,-237,uKoB7BJielm5LthRdLNkjua3ts8=,oAp0A4rrDHTsi2LFkCzaQ4AoymY=
-147,-227,uKoB7BJielm5LthRdLNkjua3ts8=,L9P/cznqK3I8Y3JEExvD0il3IbM=
-150,-235,uKoB7BJielm5LthRdLNkjua3ts8=,oAp0A4rrDHTsi2LFkCzaQ4AoymY=
-154,-235,uKoB7BJielm5LthRdLNkjua3ts8=,RbyhFompLUjV3+IZ+eAXOQimPQ8=
-152,-235,uKoB7BJielm5LthRdLNkjua3ts8=,oAp0A4rrDHTsi2LFkCzaQ4AoymY=
-146,-236,uKoB7BJielm5LthRdLNkjua3ts8=,oAp0A4rrDHTsi2LFkCzaQ4AoymY=
-154,-232,uKoB7BJielm5LthRdLNkjua3ts8=,n1iRIuoGKBN/O6AY+X0oGUAZq/g=
-147,-236,uKoB7BJielm5LthRdLNkjua3ts8=,oAp0A4rrDHTsi2LFkCzaQ4AoymY=
-156,-240,uKoB7BJielm5LthRdLNkjua3ts8=,RbyhFompLUjV3+IZ+eAXOQimPQ8=
-148,-236,uKoB7BJielm5LthRdLNkjua3ts8=,oAp0A4rrDHTsi2LFkCzaQ4AoymY=
-154,-236,uKoB7BJielm5LthRdLNkjua3ts8=,RbyhFompLUjV3+IZ+eAXOQimPQ8=
-149,-236,uKoB7BJielm5LthRdLNkjua3ts8=,oAp0A4rrDHTsi2LFkCzaQ4AoymY=
-150,-236,uKoB7BJielm5LthRdLNkjua3ts8=,oAp0A4rrDHTsi2LFkCzaQ4AoymY=
-151,-235,uKoB7BJielm5LthRdLNkjua3ts8=,oAp0A4rrDHTsi2LFkCzaQ4AoymY=
-149,-235,uKoB7BJielm5LthRdLNkjua3ts8=,oAp0A4rrDHTsi2LFkCzaQ4AoymY=
-153,-235,uKoB7BJielm5LthRdLNkjua3ts8=,RbyhFompLUjV3+IZ+eAXOQimPQ8=
-151,-236,uKoB7BJielm5LthRdLNkjua3ts8=,oAp0A4rrDHTsi2LFkCzaQ4AoymY=
-152,-236,uKoB7BJielm5LthRdLNkjua3ts8=,oAp0A4rrDHTsi2LFkCzaQ4AoymY=
-156,-237,uKoB7BJielm5LthRdLNkjua3ts8=,RbyhFompLUjV3+IZ+eAXOQimPQ8=
-155,-240,uKoB7BJielm5LthRdLNkjua3ts8=,RbyhFompLUjV3+IZ+eAXOQimPQ8=
-153,-234,uKoB7BJielm5LthRdLNkjua3ts8=,RbyhFompLUjV3+IZ+eAXOQimPQ8=
-152,-231,uKoB7BJielm5LthRdLNkjua3ts8=,L9P/cznqK3I8Y3JEExvD0il3IbM=
-149,-231,uKoB7BJielm5LthRdLNkjua3ts8=,L9P/cznqK3I8Y3JEExvD0il3IbM=
-146,-229,uKoB7BJielm5LthRdLNkjua3ts8=,L9P/cznqK3I8Y3JEExvD0il3IbM=
-152,-240,uKoB7BJielm5LthRdLNkjua3ts8=,oAp0A4rrDHTsi2LFkCzaQ4AoymY=
-151,-231,uKoB7BJielm5LthRdLNkjua3ts8=,L9P/cznqK3I8Y3JEExvD0il3IbM=
-151,-239,uKoB7BJielm5LthRdLNkjua3ts8=,oAp0A4rrDHTsi2LFkCzaQ4AoymY=
-145,-232,uKoB7BJielm5LthRdLNkjua3ts8=,L9P/cznqK3I8Y3JEExvD0il3IbM=
-147,-231,uKoB7BJielm5LthRdLNkjua3ts8=,L9P/cznqK3I8Y3JEExvD0il3IbM=
-151,-240,uKoB7BJielm5LthRdLNkjua3ts8=,oAp0A4rrDHTsi2LFkCzaQ4AoymY=
-148,-229,uKoB7BJielm5LthRdLNkjua3ts8=,L9P/cznqK3I8Y3JEExvD0il3IbM=
-149,-229,uKoB7BJielm5LthRdLNkjua3ts8=,L9P/cznqK3I8Y3JEExvD0il3IbM=
-148,-227,uKoB7BJielm5LthRdLNkjua3ts8=,L9P/cznqK3I8Y3JEExvD0il3IbM=
-151,-237,uKoB7BJielm5LthRdLNkjua3ts8=,oAp0A4rrDHTsi2LFkCzaQ4AoymY=
-150,-240,uKoB7BJielm5LthRdLNkjua3ts8=,oAp0A4rrDHTsi2LFkCzaQ4AoymY=
-145,-233,uKoB7BJielm5LthRdLNkjua3ts8=,oAp0A4rrDHTsi2LFkCzaQ4AoymY=
-151,-232,uKoB7BJielm5LthRdLNkjua3ts8=,L9P/cznqK3I8Y3JEExvD0il3IbM=
-147,-235,uKoB7BJielm5LthRdLNkjua3ts8=,oAp0A4rrDHTsi2LFkCzaQ4AoymY=
-150,-237,uKoB7BJielm5LthRdLNkjua3ts8=,oAp0A4rrDHTsi2LFkCzaQ4AoymY=
-145,-235,uKoB7BJielm5LthRdLNkjua3ts8=,oAp0A4rrDHTsi2LFkCzaQ4AoymY=
-151,-234,uKoB7BJielm5LthRdLNkjua3ts8=,oAp0A4rrDHTsi2LFkCzaQ4AoymY=
-146,-233,uKoB7BJielm5LthRdLNkjua3ts8=,oAp0A4rrDHTsi2LFkCzaQ4AoymY=
-146,-235,uKoB7BJielm5LthRdLNkjua3ts8=,oAp0A4rrDHTsi2LFkCzaQ4AoymY=
-147,-234,uKoB7BJielm5LthRdLNkjua3ts8=,oAp0A4rrDHTsi2LFkCzaQ4AoymY=
-149,-240,uKoB7BJielm5LthRdLNkjua3ts8=,oAp0A4rrDHTsi2LFkCzaQ4AoymY=
-145,-236,uKoB7BJielm5LthRdLNkjua3ts8=,oAp0A4rrDHTsi2LFkCzaQ4AoymY=
-148,-239,uKoB7BJielm5LthRdLNkjua3ts8=,oAp0A4rrDHTsi2LFkCzaQ4AoymY=
-147,-238,uKoB7BJielm5LthRdLNkjua3ts8=,oAp0A4rrDHTsi2LFkCzaQ4AoymY=
-145,-238,uKoB7BJielm5LthRdLNkjua3ts8=,oAp0A4rrDHTsi2LFkCzaQ4AoymY=
-147,-239,uKoB7BJielm5LthRdLNkjua3ts8=,oAp0A4rrDHTsi2LFkCzaQ4AoymY=
-146,-237,uKoB7BJielm5LthRdLNkjua3ts8=,oAp0A4rrDHTsi2LFkCzaQ4AoymY=
-145,-239,uKoB7BJielm5LthRdLNkjua3ts8=,oAp0A4rrDHTsi2LFkCzaQ4AoymY=
-146,-240,uKoB7BJielm5LthRdLNkjua3ts8=,oAp0A4rrDHTsi2LFkCzaQ4AoymY=
-145,-240,uKoB7BJielm5LthRdLNkjua3ts8=,oAp0A4rrDHTsi2LFkCzaQ4AoymY=
-147,-240,uKoB7BJielm5LthRdLNkjua3ts8=,oAp0A4rrDHTsi2LFkCzaQ4AoymY=
-146,-239,uKoB7BJielm5LthRdLNkjua3ts8=,oAp0A4rrDHTsi2LFkCzaQ4AoymY=
-146,-238,uKoB7BJielm5LthRdLNkjua3ts8=,oAp0A4rrDHTsi2LFkCzaQ4AoymY=
-145,-237,uKoB7BJielm5LthRdLNkjua3ts8=,oAp0A4rrDHTsi2LFkCzaQ4AoymY=
-148,-240,uKoB7BJielm5LthRdLNkjua3ts8=,oAp0A4rrDHTsi2LFkCzaQ4AoymY=
