76,166,jZlv2Zg7rOueJwyp7MKw/8cI1So=,pN9XbQXGdH4PFI/UJOqhx6+Ppo4=
75,166,jZlv2Zg7rOueJwyp7MKw/8cI1So=,pN9XbQXGdH4PFI/UJOqhx6+Ppo4=
74,166,jZlv2Zg7rOueJwyp7MKw/8cI1So=,pN9XbQXGdH4PFI/UJOqhx6+Ppo4=
73,166,jZlv2Zg7rOueJwyp7MKw/8cI1So=,pN9XbQXGdH4PFI/UJOqhx6+Ppo4=
76,165,jZlv2Zg7rOueJwyp7MKw/8cI1So=,pN9XbQXGdH4PFI/UJOqhx6+Ppo4=
79,165,jZlv2Zg7rOueJwyp7MKw/8cI1So=,pN9XbQXGdH4PFI/UJOqhx6+Ppo4=
78,165,jZlv2Zg7rOueJwyp7MKw/8cI1So=,pN9XbQXGdH4PFI/UJOqhx6+Ppo4=
77,165,jZlv2Zg7rOueJwyp7MKw/8cI1So=,pN9XbQXGdH4PFI/UJOqhx6+Ppo4=
75,165,jZlv2Zg7rOueJwyp7MKw/8cI1So=,pN9XbQXGdH4PFI/UJOqhx6+Ppo4=
78,164,jZlv2Zg7rOueJwyp7MKw/8cI1So=,pN9XbQXGdH4PFI/UJOqhx6+Ppo4=
73,165,jZlv2Zg7rOueJwyp7MKw/8cI1So=,pN9XbQXGdH4PFI/UJOqhx6+Ppo4=
79,164,jZlv2Zg7rOueJwyp7MKw/8cI1So=,pN9XbQXGdH4PFI/UJOqhx6+Ppo4=
77,164,jZlv2Zg7rOueJwyp7MKw/8cI1So=,pN9XbQXGdH4PFI/UJOqhx6+Ppo4=
74,164,jZlv2Zg7rOueJwyp7MKw/8cI1So=,pN9XbQXGdH4PFI/UJOqhx6+Ppo4=
75,164,jZlv2Zg7rOueJwyp7MKw/8cI1So=,pN9XbQXGdH4PFI/UJOqhx6+Ppo4=
73,164,jZlv2Zg7rOueJwyp7MKw/8cI1So=,pN9XbQXGdH4PFI/UJOqhx6+Ppo4=
79,163,jZlv2Zg7rOueJwyp7MKw/8cI1So=,pN9XbQXGdH4PFI/UJOqhx6+Ppo4=
77,163,jZlv2Zg7rOueJwyp7MKw/8cI1So=,pN9XbQXGdH4PFI/UJOqhx6+Ppo4=
78,163,jZlv2Zg7rOueJwyp7MKw/8cI1So=,pN9XbQXGdH4PFI/UJOqhx6+Ppo4=
76,163,jZlv2Zg7rOueJwyp7MKw/8cI1So=,pN9XbQXGdH4PFI/UJOqhx6+Ppo4=
75,163,jZlv2Zg7rOueJwyp7MKw/8cI1So=,pN9XbQXGdH4PFI/UJOqhx6+Ppo4=
74,163,jZlv2Zg7rOueJwyp7MKw/8cI1So=,pN9XbQXGdH4PFI/UJOqhx6+Ppo4=
74,165,jZlv2Zg7rOueJwyp7MKw/8cI1So=,pN9XbQXGdH4PFI/UJOqhx6+Ppo4=
79,162,jZlv2Zg7rOueJwyp7MKw/8cI1So=,pN9XbQXGdH4PFI/UJOqhx6+Ppo4=
78,162,jZlv2Zg7rOueJwyp7MKw/8cI1So=,pN9XbQXGdH4PFI/UJOqhx6+Ppo4=
76,162,jZlv2Zg7rOueJwyp7MKw/8cI1So=,pN9XbQXGdH4PFI/UJOqhx6+Ppo4=
77,162,jZlv2Zg7rOueJwyp7MKw/8cI1So=,pN9XbQXGdH4PFI/UJOqhx6+Ppo4=
75,162,jZlv2Zg7rOueJwyp7MKw/8cI1So=,pN9XbQXGdH4PFI/UJOqhx6+Ppo4=
74,162,jZlv2Zg7rOueJwyp7MKw/8cI1So=,pN9XbQXGdH4PFI/UJOqhx6+Ppo4=
73,162,jZlv2Zg7rOueJwyp7MKw/8cI1So=,pN9XbQXGdH4PFI/UJOqhx6+Ppo4=
73,163,jZlv2Zg7rOueJwyp7MKw/8cI1So=,pN9XbQXGdH4PFI/UJOqhx6+Ppo4=
79,161,jZlv2Zg7rOueJwyp7MKw/8cI1So=,pN9XbQXGdH4PFI/UJOqhx6+Ppo4=
78,161,jZlv2Zg7rOueJwyp7MKw/8cI1So=,pN9XbQXGdH4PFI/UJOqhx6+Ppo4=
76,161,jZlv2Zg7rOueJwyp7MKw/8cI1So=,pN9XbQXGdH4PFI/UJOqhx6+Ppo4=
79,166,jZlv2Zg7rOueJwyp7MKw/8cI1So=,pN9XbQXGdH4PFI/UJOqhx6+Ppo4=
75,161,jZlv2Zg7rOueJwyp7MKw/8cI1So=,pN9XbQXGdH4PFI/UJOqhx6+Ppo4=
74,161,jZlv2Zg7rOueJwyp7MKw/8cI1So=,pN9XbQXGdH4PFI/UJOqhx6+Ppo4=
78,166,jZlv2Zg7rOueJwyp7MKw/8cI1So=,pN9XbQXGdH4PFI/UJOqhx6+Ppo4=
77,161,jZlv2Zg7rOueJwyp7MKw/8cI1So=,pN9XbQXGdH4PFI/UJOqhx6+Ppo4=
77,166,jZlv2Zg7rOueJwyp7MKw/8cI1So=,pN9XbQXGdH4PFI/UJOqhx6+Ppo4=
73,161,jZlv2Zg7rOueJwyp7MKw/8cI1So=,pN9XbQXGdH4PFI/UJOqhx6+Ppo4=
67,165,jZlv2Zg7rOueJwyp7MKw/8cI1So=,uJUBM8HUMeMN/IAM0LN6bAURHhI=
70,166,jZlv2Zg7rOueJwyp7MKw/8cI1So=,uJUBM8HUMeMN/IAM0LN6bAURHhI=
66,162,jZlv2Zg7rOueJwyp7MKw/8cI1So=,uJUBM8HUMeMN/IAM0LN6bAURHhI=
72,161,jZlv2Zg7rOueJwyp7MKw/8cI1So=,pN9XbQXGdH4PFI/UJOqhx6+Ppo4=
68,165,jZlv2Zg7rOueJwyp7MKw/8cI1So=,uJUBM8HUMeMN/IAM0LN6bAURHhI=
67,162,jZlv2Zg7rOueJwyp7MKw/8cI1So=,uJUBM8HUMeMN/IAM0LN6bAURHhI=
65,161,jZlv2Zg7rOueJwyp7MKw/8cI1So=,uJUBM8HUMeMN/IAM0LN6bAURHhI=
66,165,jZlv2Zg7rOueJwyp7MKw/8cI1So=,uJUBM8HUMeMN/IAM0LN6bAURHhI=
66,161,jZlv2Zg7rOueJwyp7MKw/8cI1So=,uJUBM8HUMeMN/IAM0LN6bAURHhI=
72,166,jZlv2Zg7rOueJwyp7MKw/8cI1So=,pN9XbQXGdH4PFI/UJOqhx6+Ppo4=
65,165,jZlv2Zg7rOueJwyp7MKw/8cI1So=,uJUBM8HUMeMN/IAM0LN6bAURHhI=
72,162,jZlv2Zg7rOueJwyp7MKw/8cI1So=,pN9XbQXGdH4PFI/UJOqhx6+Ppo4=
71,164,jZlv2Zg7rOueJwyp7MKw/8cI1So=,uJUBM8HUMeMN/IAM0LN6bAURHhI=
69,165,jZlv2Zg7rOueJwyp7MKw/8cI1So=,uJUBM8HUMeMN/IAM0LN6bAURHhI=
70,164,jZlv2Zg7rOueJwyp7MKw/8cI1So=,uJUBM8HUMeMN/IAM0LN6bAURHhI=
67,161,jZlv2Zg7rOueJwyp7MKw/8cI1So=,uJUBM8HUMeMN/IAM0LN6bAURHhI=
69,164,jZlv2Zg7rOueJwyp7MKw/8cI1So=,uJUBM8HUMeMN/IAM0LN6bAURHhI=
68,161,jZlv2Zg7rOueJwyp7MKw/8cI1So=,uJUBM8HUMeMN/IAM0LN6bAURHhI=
69,166,jZlv2Zg7rOueJwyp7MKw/8cI1So=,uJUBM8HUMeMN/IAM0LN6bAURHhI=
68,166,jZlv2Zg7rOueJwyp7MKw/8cI1So=,uJUBM8HUMeMN/IAM0LN6bAURHhI=
68,162,jZlv2Zg7rOueJwyp7MKw/8cI1So=,uJUBM8HUMeMN/IAM0LN6bAURHhI=
70,165,jZlv2Zg7rOueJwyp7MKw/8cI1So=,uJUBM8HUMeMN/IAM0LN6bAURHhI=
67,164,jZlv2Zg7rOueJwyp7MKw/8cI1So=,uJUBM8HUMeMN/IAM0LN6bAURHhI=
67,166,jZlv2Zg7rOueJwyp7MKw/8cI1So=,uJUBM8HUMeMN/IAM0LN6bAURHhI=
66,164,jZlv2Zg7rOueJwyp7MKw/8cI1So=,uJUBM8HUMeMN/IAM0LN6bAURHhI=
69,162,jZlv2Zg7rOueJwyp7MKw/8cI1So=,uJUBM8HUMeMN/IAM0LN6bAURHhI=
68,164,jZlv2Zg7rOueJwyp7MKw/8cI1So=,uJUBM8HUMeMN/IAM0LN6bAURHhI=
71,165,jZlv2Zg7rOueJwyp7MKw/8cI1So=,uJUBM8HUMeMN/IAM0LN6bAURHhI=
65,162,jZlv2Zg7rOueJwyp7MKw/8cI1So=,uJUBM8HUMeMN/IAM0LN6bAURHhI=
65,164,jZlv2Zg7rOueJwyp7MKw/8cI1So=,uJUBM8HUMeMN/IAM0LN6bAURHhI=
69,161,jZlv2Zg7rOueJwyp7MKw/8cI1So=,uJUBM8HUMeMN/IAM0LN6bAURHhI=
70,161,jZlv2Zg7rOueJwyp7MKw/8cI1So=,uJUBM8HUMeMN/IAM0LN6bAURHhI=
71,166,jZlv2Zg7rOueJwyp7MKw/8cI1So=,uJUBM8HUMeMN/IAM0LN6bAURHhI=
72,163,jZlv2Zg7rOueJwyp7MKw/8cI1So=,pN9XbQXGdH4PFI/UJOqhx6+Ppo4=
70,162,jZlv2Zg7rOueJwyp7MKw/8cI1So=,uJUBM8HUMeMN/IAM0LN6bAURHhI=
72,164,jZlv2Zg7rOueJwyp7MKw/8cI1So=,pN9XbQXGdH4PFI/UJOqhx6+Ppo4=
71,161,jZlv2Zg7rOueJwyp7MKw/8cI1So=,uJUBM8HUMeMN/IAM0LN6bAURHhI=
65,166,jZlv2Zg7rOueJwyp7MKw/8cI1So=,uJUBM8HUMeMN/IAM0LN6bAURHhI=
71,162,jZlv2Zg7rOueJwyp7MKw/8cI1So=,uJUBM8HUMeMN/IAM0LN6bAURHhI=
66,166,jZlv2Zg7rOueJwyp7MKw/8cI1So=,uJUBM8HUMeMN/IAM0LN6bAURHhI=
65,163,jZlv2Zg7rOueJwyp7MKw/8cI1So=,uJUBM8HUMeMN/IAM0LN6bAURHhI=
66,163,jZlv2Zg7rOueJwyp7MKw/8cI1So=,uJUBM8HUMeMN/IAM0LN6bAURHhI=
67,163,jZlv2Zg7rOueJwyp7MKw/8cI1So=,uJUBM8HUMeMN/IAM0LN6bAURHhI=
68,163,jZlv2Zg7rOueJwyp7MKw/8cI1So=,uJUBM8HUMeMN/IAM0LN6bAURHhI=
69,163,jZlv2Zg7rOueJwyp7MKw/8cI1So=,uJUBM8HUMeMN/IAM0LN6bAURHhI=
70,163,jZlv2Zg7rOueJwyp7MKw/8cI1So=,uJUBM8HUMeMN/IAM0LN6bAURHhI=
71,163,jZlv2Zg7rOueJwyp7MKw/8cI1So=,uJUBM8HUMeMN/IAM0LN6bAURHhI=
76,169,jZlv2Zg7rOueJwyp7MKw/8cI1So=,DujnYDblJT8GZpYgd6ZQlmBt3CQ=
77,169,jZlv2Zg7rOueJwyp7MKw/8cI1So=,DujnYDblJT8GZpYgd6ZQlmBt3CQ=
78,169,jZlv2Zg7rOueJwyp7MKw/8cI1So=,DujnYDblJT8GZpYgd6ZQlmBt3CQ=
73,167,jZlv2Zg7rOueJwyp7MKw/8cI1So=,pN9XbQXGdH4PFI/UJOqhx6+Ppo4=
74,167,jZlv2Zg7rOueJwyp7MKw/8cI1So=,pN9XbQXGdH4PFI/UJOqhx6+Ppo4=
73,170,jZlv2Zg7rOueJwyp7MKw/8cI1So=,DujnYDblJT8GZpYgd6ZQlmBt3CQ=
75,167,jZlv2Zg7rOueJwyp7MKw/8cI1So=,pN9XbQXGdH4PFI/UJOqhx6+Ppo4=
76,167,jZlv2Zg7rOueJwyp7MKw/8cI1So=,pN9XbQXGdH4PFI/UJOqhx6+Ppo4=
77,167,jZlv2Zg7rOueJwyp7MKw/8cI1So=,pN9XbQXGdH4PFI/UJOqhx6+Ppo4=
74,170,jZlv2Zg7rOueJwyp7MKw/8cI1So=,DujnYDblJT8GZpYgd6ZQlmBt3CQ=
75,170,jZlv2Zg7rOueJwyp7MKw/8cI1So=,DujnYDblJT8GZpYgd6ZQlmBt3CQ=
78,167,jZlv2Zg7rOueJwyp7MKw/8cI1So=,pN9XbQXGdH4PFI/UJOqhx6+Ppo4=
76,170,jZlv2Zg7rOueJwyp7MKw/8cI1So=,DujnYDblJT8GZpYgd6ZQlmBt3CQ=
78,170,jZlv2Zg7rOueJwyp7MKw/8cI1So=,DujnYDblJT8GZpYgd6ZQlmBt3CQ=
73,171,jZlv2Zg7rOueJwyp7MKw/8cI1So=,DujnYDblJT8GZpYgd6ZQlmBt3CQ=
74,171,jZlv2Zg7rOueJwyp7MKw/8cI1So=,DujnYDblJT8GZpYgd6ZQlmBt3CQ=
77,170,jZlv2Zg7rOueJwyp7MKw/8cI1So=,DujnYDblJT8GZpYgd6ZQlmBt3CQ=
75,171,jZlv2Zg7rOueJwyp7MKw/8cI1So=,DujnYDblJT8GZpYgd6ZQlmBt3CQ=
76,171,jZlv2Zg7rOueJwyp7MKw/8cI1So=,DujnYDblJT8GZpYgd6ZQlmBt3CQ=
77,171,jZlv2Zg7rOueJwyp7MKw/8cI1So=,DujnYDblJT8GZpYgd6ZQlmBt3CQ=
78,171,jZlv2Zg7rOueJwyp7MKw/8cI1So=,DujnYDblJT8GZpYgd6ZQlmBt3CQ=
73,172,jZlv2Zg7rOueJwyp7MKw/8cI1So=,DujnYDblJT8GZpYgd6ZQlmBt3CQ=
74,172,jZlv2Zg7rOueJwyp7MKw/8cI1So=,DujnYDblJT8GZpYgd6ZQlmBt3CQ=
75,172,jZlv2Zg7rOueJwyp7MKw/8cI1So=,DujnYDblJT8GZpYgd6ZQlmBt3CQ=
76,172,jZlv2Zg7rOueJwyp7MKw/8cI1So=,DujnYDblJT8GZpYgd6ZQlmBt3CQ=
77,172,jZlv2Zg7rOueJwyp7MKw/8cI1So=,DujnYDblJT8GZpYgd6ZQlmBt3CQ=
78,172,jZlv2Zg7rOueJwyp7MKw/8cI1So=,DujnYDblJT8GZpYgd6ZQlmBt3CQ=
73,173,jZlv2Zg7rOueJwyp7MKw/8cI1So=,DujnYDblJT8GZpYgd6ZQlmBt3CQ=
75,173,jZlv2Zg7rOueJwyp7MKw/8cI1So=,DujnYDblJT8GZpYgd6ZQlmBt3CQ=
74,173,jZlv2Zg7rOueJwyp7MKw/8cI1So=,DujnYDblJT8GZpYgd6ZQlmBt3CQ=
76,173,jZlv2Zg7rOueJwyp7MKw/8cI1So=,DujnYDblJT8GZpYgd6ZQlmBt3CQ=
77,173,jZlv2Zg7rOueJwyp7MKw/8cI1So=,DujnYDblJT8GZpYgd6ZQlmBt3CQ=
78,173,jZlv2Zg7rOueJwyp7MKw/8cI1So=,DujnYDblJT8GZpYgd6ZQlmBt3CQ=
73,174,jZlv2Zg7rOueJwyp7MKw/8cI1So=,DujnYDblJT8GZpYgd6ZQlmBt3CQ=
74,174,jZlv2Zg7rOueJwyp7MKw/8cI1So=,DujnYDblJT8GZpYgd6ZQlmBt3CQ=
75,174,jZlv2Zg7rOueJwyp7MKw/8cI1So=,DujnYDblJT8GZpYgd6ZQlmBt3CQ=
73,168,jZlv2Zg7rOueJwyp7MKw/8cI1So=,DujnYDblJT8GZpYgd6ZQlmBt3CQ=
74,168,jZlv2Zg7rOueJwyp7MKw/8cI1So=,DujnYDblJT8GZpYgd6ZQlmBt3CQ=
75,168,jZlv2Zg7rOueJwyp7MKw/8cI1So=,DujnYDblJT8GZpYgd6ZQlmBt3CQ=
76,168,jZlv2Zg7rOueJwyp7MKw/8cI1So=,DujnYDblJT8GZpYgd6ZQlmBt3CQ=
77,168,jZlv2Zg7rOueJwyp7MKw/8cI1So=,DujnYDblJT8GZpYgd6ZQlmBt3CQ=
76,174,jZlv2Zg7rOueJwyp7MKw/8cI1So=,DujnYDblJT8GZpYgd6ZQlmBt3CQ=
78,168,jZlv2Zg7rOueJwyp7MKw/8cI1So=,DujnYDblJT8GZpYgd6ZQlmBt3CQ=
77,174,jZlv2Zg7rOueJwyp7MKw/8cI1So=,DujnYDblJT8GZpYgd6ZQlmBt3CQ=
78,174,jZlv2Zg7rOueJwyp7MKw/8cI1So=,DujnYDblJT8GZpYgd6ZQlmBt3CQ=
73,169,jZlv2Zg7rOueJwyp7MKw/8cI1So=,DujnYDblJT8GZpYgd6ZQlmBt3CQ=
74,169,jZlv2Zg7rOueJwyp7MKw/8cI1So=,DujnYDblJT8GZpYgd6ZQlmBt3CQ=
75,169,jZlv2Zg7rOueJwyp7MKw/8cI1So=,DujnYDblJT8GZpYgd6ZQlmBt3CQ=
73,175,jZlv2Zg7rOueJwyp7MKw/8cI1So=,DujnYDblJT8GZpYgd6ZQlmBt3CQ=
74,175,jZlv2Zg7rOueJwyp7MKw/8cI1So=,DujnYDblJT8GZpYgd6ZQlmBt3CQ=
75,175,jZlv2Zg7rOueJwyp7MKw/8cI1So=,DujnYDblJT8GZpYgd6ZQlmBt3CQ=
78,175,jZlv2Zg7rOueJwyp7MKw/8cI1So=,DujnYDblJT8GZpYgd6ZQlmBt3CQ=
76,175,jZlv2Zg7rOueJwyp7MKw/8cI1So=,DujnYDblJT8GZpYgd6ZQlmBt3CQ=
77,175,jZlv2Zg7rOueJwyp7MKw/8cI1So=,DujnYDblJT8GZpYgd6ZQlmBt3CQ=
65,168,jZlv2Zg7rOueJwyp7MKw/8cI1So=,pp0/mrgGmC+DDpgV+74Kco4DmS8=
64,169,jZlv2Zg7rOueJwyp7MKw/8cI1So=,pp0/mrgGmC+DDpgV+74Kco4DmS8=
66,168,jZlv2Zg7rOueJwyp7MKw/8cI1So=,pp0/mrgGmC+DDpgV+74Kco4DmS8=
68,168,jZlv2Zg7rOueJwyp7MKw/8cI1So=,pp0/mrgGmC+DDpgV+74Kco4DmS8=
65,169,jZlv2Zg7rOueJwyp7MKw/8cI1So=,pp0/mrgGmC+DDpgV+74Kco4DmS8=
69,168,jZlv2Zg7rOueJwyp7MKw/8cI1So=,pp0/mrgGmC+DDpgV+74Kco4DmS8=
66,169,jZlv2Zg7rOueJwyp7MKw/8cI1So=,pp0/mrgGmC+DDpgV+74Kco4DmS8=
67,169,jZlv2Zg7rOueJwyp7MKw/8cI1So=,pp0/mrgGmC+DDpgV+74Kco4DmS8=
68,169,jZlv2Zg7rOueJwyp7MKw/8cI1So=,pp0/mrgGmC+DDpgV+74Kco4DmS8=
69,169,jZlv2Zg7rOueJwyp7MKw/8cI1So=,pp0/mrgGmC+DDpgV+74Kco4DmS8=
70,169,jZlv2Zg7rOueJwyp7MKw/8cI1So=,pp0/mrgGmC+DDpgV+74Kco4DmS8=
71,169,jZlv2Zg7rOueJwyp7MKw/8cI1So=,pp0/mrgGmC+DDpgV+74Kco4DmS8=
64,170,jZlv2Zg7rOueJwyp7MKw/8cI1So=,pp0/mrgGmC+DDpgV+74Kco4DmS8=
72,170,jZlv2Zg7rOueJwyp7MKw/8cI1So=,DujnYDblJT8GZpYgd6ZQlmBt3CQ=
65,170,jZlv2Zg7rOueJwyp7MKw/8cI1So=,pp0/mrgGmC+DDpgV+74Kco4DmS8=
66,170,jZlv2Zg7rOueJwyp7MKw/8cI1So=,pp0/mrgGmC+DDpgV+74Kco4DmS8=
68,170,jZlv2Zg7rOueJwyp7MKw/8cI1So=,pp0/mrgGmC+DDpgV+74Kco4DmS8=
72,167,jZlv2Zg7rOueJwyp7MKw/8cI1So=,pN9XbQXGdH4PFI/UJOqhx6+Ppo4=
69,170,jZlv2Zg7rOueJwyp7MKw/8cI1So=,pp0/mrgGmC+DDpgV+74Kco4DmS8=
70,170,jZlv2Zg7rOueJwyp7MKw/8cI1So=,pp0/mrgGmC+DDpgV+74Kco4DmS8=
71,170,jZlv2Zg7rOueJwyp7MKw/8cI1So=,pp0/mrgGmC+DDpgV+74Kco4DmS8=
64,171,jZlv2Zg7rOueJwyp7MKw/8cI1So=,pp0/mrgGmC+DDpgV+74Kco4DmS8=
65,171,jZlv2Zg7rOueJwyp7MKw/8cI1So=,pp0/mrgGmC+DDpgV+74Kco4DmS8=
66,171,jZlv2Zg7rOueJwyp7MKw/8cI1So=,pp0/mrgGmC+DDpgV+74Kco4DmS8=
67,171,jZlv2Zg7rOueJwyp7MKw/8cI1So=,pp0/mrgGmC+DDpgV+74Kco4DmS8=
72,171,jZlv2Zg7rOueJwyp7MKw/8cI1So=,DujnYDblJT8GZpYgd6ZQlmBt3CQ=
69,171,jZlv2Zg7rOueJwyp7MKw/8cI1So=,pp0/mrgGmC+DDpgV+74Kco4DmS8=
70,171,jZlv2Zg7rOueJwyp7MKw/8cI1So=,pp0/mrgGmC+DDpgV+74Kco4DmS8=
71,171,jZlv2Zg7rOueJwyp7MKw/8cI1So=,pp0/mrgGmC+DDpgV+74Kco4DmS8=
64,172,jZlv2Zg7rOueJwyp7MKw/8cI1So=,pp0/mrgGmC+DDpgV+74Kco4DmS8=
65,172,jZlv2Zg7rOueJwyp7MKw/8cI1So=,pp0/mrgGmC+DDpgV+74Kco4DmS8=
66,172,jZlv2Zg7rOueJwyp7MKw/8cI1So=,pp0/mrgGmC+DDpgV+74Kco4DmS8=
67,172,jZlv2Zg7rOueJwyp7MKw/8cI1So=,pp0/mrgGmC+DDpgV+74Kco4DmS8=
72,172,jZlv2Zg7rOueJwyp7MKw/8cI1So=,DujnYDblJT8GZpYgd6ZQlmBt3CQ=
68,172,jZlv2Zg7rOueJwyp7MKw/8cI1So=,pp0/mrgGmC+DDpgV+74Kco4DmS8=
69,172,jZlv2Zg7rOueJwyp7MKw/8cI1So=,pp0/mrgGmC+DDpgV+74Kco4DmS8=
70,172,jZlv2Zg7rOueJwyp7MKw/8cI1So=,pp0/mrgGmC+DDpgV+74Kco4DmS8=
71,168,jZlv2Zg7rOueJwyp7MKw/8cI1So=,pp0/mrgGmC+DDpgV+74Kco4DmS8=
71,172,jZlv2Zg7rOueJwyp7MKw/8cI1So=,pp0/mrgGmC+DDpgV+74Kco4DmS8=
64,173,jZlv2Zg7rOueJwyp7MKw/8cI1So=,pp0/mrgGmC+DDpgV+74Kco4DmS8=
71,167,jZlv2Zg7rOueJwyp7MKw/8cI1So=,uJUBM8HUMeMN/IAM0LN6bAURHhI=
65,173,jZlv2Zg7rOueJwyp7MKw/8cI1So=,pp0/mrgGmC+DDpgV+74Kco4DmS8=
72,169,jZlv2Zg7rOueJwyp7MKw/8cI1So=,DujnYDblJT8GZpYgd6ZQlmBt3CQ=
66,173,jZlv2Zg7rOueJwyp7MKw/8cI1So=,pp0/mrgGmC+DDpgV+74Kco4DmS8=
72,175,jZlv2Zg7rOueJwyp7MKw/8cI1So=,DujnYDblJT8GZpYgd6ZQlmBt3CQ=
67,173,jZlv2Zg7rOueJwyp7MKw/8cI1So=,pp0/mrgGmC+DDpgV+74Kco4DmS8=
71,175,jZlv2Zg7rOueJwyp7MKw/8cI1So=,pp0/mrgGmC+DDpgV+74Kco4DmS8=
68,173,jZlv2Zg7rOueJwyp7MKw/8cI1So=,pp0/mrgGmC+DDpgV+74Kco4DmS8=
70,167,jZlv2Zg7rOueJwyp7MKw/8cI1So=,uJUBM8HUMeMN/IAM0LN6bAURHhI=
69,173,jZlv2Zg7rOueJwyp7MKw/8cI1So=,pp0/mrgGmC+DDpgV+74Kco4DmS8=
72,168,jZlv2Zg7rOueJwyp7MKw/8cI1So=,DujnYDblJT8GZpYgd6ZQlmBt3CQ=
70,173,jZlv2Zg7rOueJwyp7MKw/8cI1So=,pp0/mrgGmC+DDpgV+74Kco4DmS8=
70,175,jZlv2Zg7rOueJwyp7MKw/8cI1So=,pp0/mrgGmC+DDpgV+74Kco4DmS8=
71,173,jZlv2Zg7rOueJwyp7MKw/8cI1So=,pp0/mrgGmC+DDpgV+74Kco4DmS8=
69,167,jZlv2Zg7rOueJwyp7MKw/8cI1So=,uJUBM8HUMeMN/IAM0LN6bAURHhI=
69,175,jZlv2Zg7rOueJwyp7MKw/8cI1So=,pp0/mrgGmC+DDpgV+74Kco4DmS8=
68,175,jZlv2Zg7rOueJwyp7MKw/8cI1So=,pp0/mrgGmC+DDpgV+74Kco4DmS8=
64,174,jZlv2Zg7rOueJwyp7MKw/8cI1So=,pp0/mrgGmC+DDpgV+74Kco4DmS8=
67,175,jZlv2Zg7rOueJwyp7MKw/8cI1So=,pp0/mrgGmC+DDpgV+74Kco4DmS8=
68,167,jZlv2Zg7rOueJwyp7MKw/8cI1So=,uJUBM8HUMeMN/IAM0LN6bAURHhI=
65,174,jZlv2Zg7rOueJwyp7MKw/8cI1So=,pp0/mrgGmC+DDpgV+74Kco4DmS8=
67,167,jZlv2Zg7rOueJwyp7MKw/8cI1So=,uJUBM8HUMeMN/IAM0LN6bAURHhI=
66,167,jZlv2Zg7rOueJwyp7MKw/8cI1So=,uJUBM8HUMeMN/IAM0LN6bAURHhI=
66,175,jZlv2Zg7rOueJwyp7MKw/8cI1So=,pp0/mrgGmC+DDpgV+74Kco4DmS8=
72,173,jZlv2Zg7rOueJwyp7MKw/8cI1So=,DujnYDblJT8GZpYgd6ZQlmBt3CQ=
65,167,jZlv2Zg7rOueJwyp7MKw/8cI1So=,uJUBM8HUMeMN/IAM0LN6bAURHhI=
65,175,jZlv2Zg7rOueJwyp7MKw/8cI1So=,pp0/mrgGmC+DDpgV+74Kco4DmS8=
72,174,jZlv2Zg7rOueJwyp7MKw/8cI1So=,DujnYDblJT8GZpYgd6ZQlmBt3CQ=
71,174,jZlv2Zg7rOueJwyp7MKw/8cI1So=,pp0/mrgGmC+DDpgV+74Kco4DmS8=
70,174,jZlv2Zg7rOueJwyp7MKw/8cI1So=,pp0/mrgGmC+DDpgV+74Kco4DmS8=
70,168,jZlv2Zg7rOueJwyp7MKw/8cI1So=,pp0/mrgGmC+DDpgV+74Kco4DmS8=
69,174,jZlv2Zg7rOueJwyp7MKw/8cI1So=,pp0/mrgGmC+DDpgV+74Kco4DmS8=
68,174,jZlv2Zg7rOueJwyp7MKw/8cI1So=,pp0/mrgGmC+DDpgV+74Kco4DmS8=
67,174,jZlv2Zg7rOueJwyp7MKw/8cI1So=,pp0/mrgGmC+DDpgV+74Kco4DmS8=
66,174,jZlv2Zg7rOueJwyp7MKw/8cI1So=,pp0/mrgGmC+DDpgV+74Kco4DmS8=
69,160,jZlv2Zg7rOueJwyp7MKw/8cI1So=,uJUBM8HUMeMN/IAM0LN6bAURHhI=
68,171,jZlv2Zg7rOueJwyp7MKw/8cI1So=,pp0/mrgGmC+DDpgV+74Kco4DmS8=
65,160,jZlv2Zg7rOueJwyp7MKw/8cI1So=,uJUBM8HUMeMN/IAM0LN6bAURHhI=
70,160,jZlv2Zg7rOueJwyp7MKw/8cI1So=,uJUBM8HUMeMN/IAM0LN6bAURHhI=
67,160,jZlv2Zg7rOueJwyp7MKw/8cI1So=,uJUBM8HUMeMN/IAM0LN6bAURHhI=
79,169,jZlv2Zg7rOueJwyp7MKw/8cI1So=,DujnYDblJT8GZpYgd6ZQlmBt3CQ=
79,167,jZlv2Zg7rOueJwyp7MKw/8cI1So=,pN9XbQXGdH4PFI/UJOqhx6+Ppo4=
79,171,jZlv2Zg7rOueJwyp7MKw/8cI1So=,DujnYDblJT8GZpYgd6ZQlmBt3CQ=
79,172,jZlv2Zg7rOueJwyp7MKw/8cI1So=,DujnYDblJT8GZpYgd6ZQlmBt3CQ=
79,173,jZlv2Zg7rOueJwyp7MKw/8cI1So=,DujnYDblJT8GZpYgd6ZQlmBt3CQ=
79,174,jZlv2Zg7rOueJwyp7MKw/8cI1So=,DujnYDblJT8GZpYgd6ZQlmBt3CQ=
79,175,jZlv2Zg7rOueJwyp7MKw/8cI1So=,DujnYDblJT8GZpYgd6ZQlmBt3CQ=
72,165,jZlv2Zg7rOueJwyp7MKw/8cI1So=,pN9XbQXGdH4PFI/UJOqhx6+Ppo4=
76,164,jZlv2Zg7rOueJwyp7MKw/8cI1So=,pN9XbQXGdH4PFI/UJOqhx6+Ppo4=
79,168,jZlv2Zg7rOueJwyp7MKw/8cI1So=,DujnYDblJT8GZpYgd6ZQlmBt3CQ=
64,168,jZlv2Zg7rOueJwyp7MKw/8cI1So=,pp0/mrgGmC+DDpgV+74Kco4DmS8=
64,161,jZlv2Zg7rOueJwyp7MKw/8cI1So=,uJUBM8HUMeMN/IAM0LN6bAURHhI=
64,160,jZlv2Zg7rOueJwyp7MKw/8cI1So=,uJUBM8HUMeMN/IAM0LN6bAURHhI=
79,170,jZlv2Zg7rOueJwyp7MKw/8cI1So=,DujnYDblJT8GZpYgd6ZQlmBt3CQ=
64,165,jZlv2Zg7rOueJwyp7MKw/8cI1So=,uJUBM8HUMeMN/IAM0LN6bAURHhI=
64,164,jZlv2Zg7rOueJwyp7MKw/8cI1So=,uJUBM8HUMeMN/IAM0LN6bAURHhI=
64,162,jZlv2Zg7rOueJwyp7MKw/8cI1So=,uJUBM8HUMeMN/IAM0LN6bAURHhI=
64,163,jZlv2Zg7rOueJwyp7MKw/8cI1So=,uJUBM8HUMeMN/IAM0LN6bAURHhI=
64,175,jZlv2Zg7rOueJwyp7MKw/8cI1So=,pp0/mrgGmC+DDpgV+74Kco4DmS8=
64,167,jZlv2Zg7rOueJwyp7MKw/8cI1So=,uJUBM8HUMeMN/IAM0LN6bAURHhI=
64,166,jZlv2Zg7rOueJwyp7MKw/8cI1So=,uJUBM8HUMeMN/IAM0LN6bAURHhI=
67,170,jZlv2Zg7rOueJwyp7MKw/8cI1So=,pp0/mrgGmC+DDpgV+74Kco4DmS8=
66,160,jZlv2Zg7rOueJwyp7MKw/8cI1So=,uJUBM8HUMeMN/IAM0LN6bAURHhI=
67,168,jZlv2Zg7rOueJwyp7MKw/8cI1So=,pp0/mrgGmC+DDpgV+74Kco4DmS8=
72,160,jZlv2Zg7rOueJwyp7MKw/8cI1So=,pN9XbQXGdH4PFI/UJOqhx6+Ppo4=
73,160,jZlv2Zg7rOueJwyp7MKw/8cI1So=,pN9XbQXGdH4PFI/UJOqhx6+Ppo4=
71,160,jZlv2Zg7rOueJwyp7MKw/8cI1So=,uJUBM8HUMeMN/IAM0LN6bAURHhI=
74,160,jZlv2Zg7rOueJwyp7MKw/8cI1So=,pN9XbQXGdH4PFI/UJOqhx6+Ppo4=
75,160,jZlv2Zg7rOueJwyp7MKw/8cI1So=,pN9XbQXGdH4PFI/UJOqhx6+Ppo4=
76,160,jZlv2Zg7rOueJwyp7MKw/8cI1So=,pN9XbQXGdH4PFI/UJOqhx6+Ppo4=
78,160,jZlv2Zg7rOueJwyp7MKw/8cI1So=,pN9XbQXGdH4PFI/UJOqhx6+Ppo4=
77,160,jZlv2Zg7rOueJwyp7MKw/8cI1So=,pN9XbQXGdH4PFI/UJOqhx6+Ppo4=
79,160,jZlv2Zg7rOueJwyp7MKw/8cI1So=,pN9XbQXGdH4PFI/UJOqhx6+Ppo4=
68,160,jZlv2Zg7rOueJwyp7MKw/8cI1So=,uJUBM8HUMeMN/IAM0LN6bAURHhI=
92,169,1yPzE8Jl4p8unMD7MCHSOaH3xl0=,DE7CmbwbNOAX1FaE+uxUTLkEi2Q=
90,169,1yPzE8Jl4p8unMD7MCHSOaH3xl0=,DE7CmbwbNOAX1FaE+uxUTLkEi2Q=
91,169,1yPzE8Jl4p8unMD7MCHSOaH3xl0=,DE7CmbwbNOAX1FaE+uxUTLkEi2Q=
89,169,1yPzE8Jl4p8unMD7MCHSOaH3xl0=,DE7CmbwbNOAX1FaE+uxUTLkEi2Q=
94,174,1yPzE8Jl4p8unMD7MCHSOaH3xl0=,DE7CmbwbNOAX1FaE+uxUTLkEi2Q=
92,174,1yPzE8Jl4p8unMD7MCHSOaH3xl0=,DE7CmbwbNOAX1FaE+uxUTLkEi2Q=
93,174,1yPzE8Jl4p8unMD7MCHSOaH3xl0=,DE7CmbwbNOAX1FaE+uxUTLkEi2Q=
91,174,1yPzE8Jl4p8unMD7MCHSOaH3xl0=,DE7CmbwbNOAX1FaE+uxUTLkEi2Q=
90,174,s37gvAunS0KmavlMoNuS0MYxUVM=,DE7CmbwbNOAX1FaE+uxUTLkEi2Q=
89,174,s37gvAunS0KmavlMoNuS0MYxUVM=,DE7CmbwbNOAX1FaE+uxUTLkEi2Q=
93,173,s37gvAunS0KmavlMoNuS0MYxUVM=,DE7CmbwbNOAX1FaE+uxUTLkEi2Q=
94,173,s37gvAunS0KmavlMoNuS0MYxUVM=,DE7CmbwbNOAX1FaE+uxUTLkEi2Q=
92,173,s37gvAunS0KmavlMoNuS0MYxUVM=,DE7CmbwbNOAX1FaE+uxUTLkEi2Q=
91,173,s37gvAunS0KmavlMoNuS0MYxUVM=,DE7CmbwbNOAX1FaE+uxUTLkEi2Q=
90,173,s37gvAunS0KmavlMoNuS0MYxUVM=,DE7CmbwbNOAX1FaE+uxUTLkEi2Q=
89,173,s37gvAunS0KmavlMoNuS0MYxUVM=,DE7CmbwbNOAX1FaE+uxUTLkEi2Q=
93,172,s37gvAunS0KmavlMoNuS0MYxUVM=,DE7CmbwbNOAX1FaE+uxUTLkEi2Q=
94,172,s37gvAunS0KmavlMoNuS0MYxUVM=,DE7CmbwbNOAX1FaE+uxUTLkEi2Q=
92,172,s37gvAunS0KmavlMoNuS0MYxUVM=,DE7CmbwbNOAX1FaE+uxUTLkEi2Q=
91,172,s37gvAunS0KmavlMoNuS0MYxUVM=,DE7CmbwbNOAX1FaE+uxUTLkEi2Q=
90,172,s37gvAunS0KmavlMoNuS0MYxUVM=,DE7CmbwbNOAX1FaE+uxUTLkEi2Q=
89,172,s37gvAunS0KmavlMoNuS0MYxUVM=,DE7CmbwbNOAX1FaE+uxUTLkEi2Q=
94,171,s37gvAunS0KmavlMoNuS0MYxUVM=,DE7CmbwbNOAX1FaE+uxUTLkEi2Q=
92,171,s37gvAunS0KmavlMoNuS0MYxUVM=,DE7CmbwbNOAX1FaE+uxUTLkEi2Q=
91,171,s37gvAunS0KmavlMoNuS0MYxUVM=,DE7CmbwbNOAX1FaE+uxUTLkEi2Q=
90,171,s37gvAunS0KmavlMoNuS0MYxUVM=,DE7CmbwbNOAX1FaE+uxUTLkEi2Q=
93,171,s37gvAunS0KmavlMoNuS0MYxUVM=,DE7CmbwbNOAX1FaE+uxUTLkEi2Q=
94,170,s37gvAunS0KmavlMoNuS0MYxUVM=,DE7CmbwbNOAX1FaE+uxUTLkEi2Q=
89,171,s37gvAunS0KmavlMoNuS0MYxUVM=,DE7CmbwbNOAX1FaE+uxUTLkEi2Q=
93,170,s37gvAunS0KmavlMoNuS0MYxUVM=,DE7CmbwbNOAX1FaE+uxUTLkEi2Q=
92,170,s37gvAunS0KmavlMoNuS0MYxUVM=,DE7CmbwbNOAX1FaE+uxUTLkEi2Q=
91,170,s37gvAunS0KmavlMoNuS0MYxUVM=,DE7CmbwbNOAX1FaE+uxUTLkEi2Q=
90,170,s37gvAunS0KmavlMoNuS0MYxUVM=,DE7CmbwbNOAX1FaE+uxUTLkEi2Q=
89,170,s37gvAunS0KmavlMoNuS0MYxUVM=,DE7CmbwbNOAX1FaE+uxUTLkEi2Q=
94,169,s37gvAunS0KmavlMoNuS0MYxUVM=,DE7CmbwbNOAX1FaE+uxUTLkEi2Q=
93,169,s37gvAunS0KmavlMoNuS0MYxUVM=,DE7CmbwbNOAX1FaE+uxUTLkEi2Q=
88,170,s37gvAunS0KmavlMoNuS0MYxUVM=,DE7CmbwbNOAX1FaE+uxUTLkEi2Q=
82,169,s37gvAunS0KmavlMoNuS0MYxUVM=,80djZr8xKybcav5/WSe4OK9QCLM=
83,169,s37gvAunS0KmavlMoNuS0MYxUVM=,80djZr8xKybcav5/WSe4OK9QCLM=
85,169,s37gvAunS0KmavlMoNuS0MYxUVM=,80djZr8xKybcav5/WSe4OK9QCLM=
87,169,s37gvAunS0KmavlMoNuS0MYxUVM=,80djZr8xKybcav5/WSe4OK9QCLM=
84,169,s37gvAunS0KmavlMoNuS0MYxUVM=,80djZr8xKybcav5/WSe4OK9QCLM=
81,169,s37gvAunS0KmavlMoNuS0MYxUVM=,80djZr8xKybcav5/WSe4OK9QCLM=
81,170,s37gvAunS0KmavlMoNuS0MYxUVM=,80djZr8xKybcav5/WSe4OK9QCLM=
83,170,s37gvAunS0KmavlMoNuS0MYxUVM=,80djZr8xKybcav5/WSe4OK9QCLM=
85,170,s37gvAunS0KmavlMoNuS0MYxUVM=,80djZr8xKybcav5/WSe4OK9QCLM=
88,171,s37gvAunS0KmavlMoNuS0MYxUVM=,DE7CmbwbNOAX1FaE+uxUTLkEi2Q=
88,172,s37gvAunS0KmavlMoNuS0MYxUVM=,DE7CmbwbNOAX1FaE+uxUTLkEi2Q=
81,171,s37gvAunS0KmavlMoNuS0MYxUVM=,80djZr8xKybcav5/WSe4OK9QCLM=
86,170,s37gvAunS0KmavlMoNuS0MYxUVM=,80djZr8xKybcav5/WSe4OK9QCLM=
87,170,s37gvAunS0KmavlMoNuS0MYxUVM=,80djZr8xKybcav5/WSe4OK9QCLM=
82,171,s37gvAunS0KmavlMoNuS0MYxUVM=,80djZr8xKybcav5/WSe4OK9QCLM=
83,171,s37gvAunS0KmavlMoNuS0MYxUVM=,80djZr8xKybcav5/WSe4OK9QCLM=
84,171,s37gvAunS0KmavlMoNuS0MYxUVM=,80djZr8xKybcav5/WSe4OK9QCLM=
85,171,s37gvAunS0KmavlMoNuS0MYxUVM=,80djZr8xKybcav5/WSe4OK9QCLM=
86,171,s37gvAunS0KmavlMoNuS0MYxUVM=,80djZr8xKybcav5/WSe4OK9QCLM=
87,171,s37gvAunS0KmavlMoNuS0MYxUVM=,80djZr8xKybcav5/WSe4OK9QCLM=
81,172,s37gvAunS0KmavlMoNuS0MYxUVM=,80djZr8xKybcav5/WSe4OK9QCLM=
82,172,s37gvAunS0KmavlMoNuS0MYxUVM=,80djZr8xKybcav5/WSe4OK9QCLM=
83,172,s37gvAunS0KmavlMoNuS0MYxUVM=,80djZr8xKybcav5/WSe4OK9QCLM=
84,172,s37gvAunS0KmavlMoNuS0MYxUVM=,80djZr8xKybcav5/WSe4OK9QCLM=
86,172,s37gvAunS0KmavlMoNuS0MYxUVM=,80djZr8xKybcav5/WSe4OK9QCLM=
85,172,s37gvAunS0KmavlMoNuS0MYxUVM=,80djZr8xKybcav5/WSe4OK9QCLM=
87,172,s37gvAunS0KmavlMoNuS0MYxUVM=,80djZr8xKybcav5/WSe4OK9QCLM=
88,173,s37gvAunS0KmavlMoNuS0MYxUVM=,DE7CmbwbNOAX1FaE+uxUTLkEi2Q=
82,173,s37gvAunS0KmavlMoNuS0MYxUVM=,80djZr8xKybcav5/WSe4OK9QCLM=
83,173,s37gvAunS0KmavlMoNuS0MYxUVM=,80djZr8xKybcav5/WSe4OK9QCLM=
84,173,s37gvAunS0KmavlMoNuS0MYxUVM=,80djZr8xKybcav5/WSe4OK9QCLM=
81,173,s37gvAunS0KmavlMoNuS0MYxUVM=,80djZr8xKybcav5/WSe4OK9QCLM=
87,173,s37gvAunS0KmavlMoNuS0MYxUVM=,80djZr8xKybcav5/WSe4OK9QCLM=
88,174,s37gvAunS0KmavlMoNuS0MYxUVM=,DE7CmbwbNOAX1FaE+uxUTLkEi2Q=
86,173,s37gvAunS0KmavlMoNuS0MYxUVM=,80djZr8xKybcav5/WSe4OK9QCLM=
81,174,s37gvAunS0KmavlMoNuS0MYxUVM=,80djZr8xKybcav5/WSe4OK9QCLM=
82,174,s37gvAunS0KmavlMoNuS0MYxUVM=,80djZr8xKybcav5/WSe4OK9QCLM=
83,174,s37gvAunS0KmavlMoNuS0MYxUVM=,80djZr8xKybcav5/WSe4OK9QCLM=
85,174,s37gvAunS0KmavlMoNuS0MYxUVM=,80djZr8xKybcav5/WSe4OK9QCLM=
84,174,s37gvAunS0KmavlMoNuS0MYxUVM=,80djZr8xKybcav5/WSe4OK9QCLM=
86,174,s37gvAunS0KmavlMoNuS0MYxUVM=,80djZr8xKybcav5/WSe4OK9QCLM=
87,174,s37gvAunS0KmavlMoNuS0MYxUVM=,80djZr8xKybcav5/WSe4OK9QCLM=
88,169,s37gvAunS0KmavlMoNuS0MYxUVM=,DE7CmbwbNOAX1FaE+uxUTLkEi2Q=
82,163,s37gvAunS0KmavlMoNuS0MYxUVM=,NqT6ADl3vbJgeJcpS3CToHDcp3Q=
85,164,s37gvAunS0KmavlMoNuS0MYxUVM=,NqT6ADl3vbJgeJcpS3CToHDcp3Q=
84,164,s37gvAunS0KmavlMoNuS0MYxUVM=,NqT6ADl3vbJgeJcpS3CToHDcp3Q=
86,164,s37gvAunS0KmavlMoNuS0MYxUVM=,NqT6ADl3vbJgeJcpS3CToHDcp3Q=
86,166,s37gvAunS0KmavlMoNuS0MYxUVM=,NqT6ADl3vbJgeJcpS3CToHDcp3Q=
81,165,s37gvAunS0KmavlMoNuS0MYxUVM=,NqT6ADl3vbJgeJcpS3CToHDcp3Q=
81,167,s37gvAunS0KmavlMoNuS0MYxUVM=,NqT6ADl3vbJgeJcpS3CToHDcp3Q=
83,167,s37gvAunS0KmavlMoNuS0MYxUVM=,NqT6ADl3vbJgeJcpS3CToHDcp3Q=
86,167,s37gvAunS0KmavlMoNuS0MYxUVM=,NqT6ADl3vbJgeJcpS3CToHDcp3Q=
84,163,s37gvAunS0KmavlMoNuS0MYxUVM=,NqT6ADl3vbJgeJcpS3CToHDcp3Q=
86,162,s37gvAunS0KmavlMoNuS0MYxUVM=,NqT6ADl3vbJgeJcpS3CToHDcp3Q=
86,165,s37gvAunS0KmavlMoNuS0MYxUVM=,NqT6ADl3vbJgeJcpS3CToHDcp3Q=
82,167,s37gvAunS0KmavlMoNuS0MYxUVM=,NqT6ADl3vbJgeJcpS3CToHDcp3Q=
85,163,s37gvAunS0KmavlMoNuS0MYxUVM=,NqT6ADl3vbJgeJcpS3CToHDcp3Q=
82,165,s37gvAunS0KmavlMoNuS0MYxUVM=,NqT6ADl3vbJgeJcpS3CToHDcp3Q=
86,163,s37gvAunS0KmavlMoNuS0MYxUVM=,NqT6ADl3vbJgeJcpS3CToHDcp3Q=
81,168,s37gvAunS0KmavlMoNuS0MYxUVM=,80djZr8xKybcav5/WSe4OK9QCLM=
82,168,s37gvAunS0KmavlMoNuS0MYxUVM=,80djZr8xKybcav5/WSe4OK9QCLM=
81,166,s37gvAunS0KmavlMoNuS0MYxUVM=,NqT6ADl3vbJgeJcpS3CToHDcp3Q=
82,166,s37gvAunS0KmavlMoNuS0MYxUVM=,NqT6ADl3vbJgeJcpS3CToHDcp3Q=
84,165,s37gvAunS0KmavlMoNuS0MYxUVM=,NqT6ADl3vbJgeJcpS3CToHDcp3Q=
84,167,s37gvAunS0KmavlMoNuS0MYxUVM=,NqT6ADl3vbJgeJcpS3CToHDcp3Q=
83,166,s37gvAunS0KmavlMoNuS0MYxUVM=,NqT6ADl3vbJgeJcpS3CToHDcp3Q=
83,165,s37gvAunS0KmavlMoNuS0MYxUVM=,NqT6ADl3vbJgeJcpS3CToHDcp3Q=
81,164,s37gvAunS0KmavlMoNuS0MYxUVM=,NqT6ADl3vbJgeJcpS3CToHDcp3Q=
85,165,s37gvAunS0KmavlMoNuS0MYxUVM=,NqT6ADl3vbJgeJcpS3CToHDcp3Q=
83,168,s37gvAunS0KmavlMoNuS0MYxUVM=,80djZr8xKybcav5/WSe4OK9QCLM=
82,164,s37gvAunS0KmavlMoNuS0MYxUVM=,NqT6ADl3vbJgeJcpS3CToHDcp3Q=
84,166,s37gvAunS0KmavlMoNuS0MYxUVM=,NqT6ADl3vbJgeJcpS3CToHDcp3Q=
81,161,s37gvAunS0KmavlMoNuS0MYxUVM=,NqT6ADl3vbJgeJcpS3CToHDcp3Q=
82,161,s37gvAunS0KmavlMoNuS0MYxUVM=,NqT6ADl3vbJgeJcpS3CToHDcp3Q=
83,161,s37gvAunS0KmavlMoNuS0MYxUVM=,NqT6ADl3vbJgeJcpS3CToHDcp3Q=
84,168,s37gvAunS0KmavlMoNuS0MYxUVM=,80djZr8xKybcav5/WSe4OK9QCLM=
84,161,s37gvAunS0KmavlMoNuS0MYxUVM=,NqT6ADl3vbJgeJcpS3CToHDcp3Q=
85,168,s37gvAunS0KmavlMoNuS0MYxUVM=,80djZr8xKybcav5/WSe4OK9QCLM=
86,161,s37gvAunS0KmavlMoNuS0MYxUVM=,NqT6ADl3vbJgeJcpS3CToHDcp3Q=
85,161,s37gvAunS0KmavlMoNuS0MYxUVM=,NqT6ADl3vbJgeJcpS3CToHDcp3Q=
81,162,s37gvAunS0KmavlMoNuS0MYxUVM=,NqT6ADl3vbJgeJcpS3CToHDcp3Q=
82,162,s37gvAunS0KmavlMoNuS0MYxUVM=,NqT6ADl3vbJgeJcpS3CToHDcp3Q=
81,163,s37gvAunS0KmavlMoNuS0MYxUVM=,NqT6ADl3vbJgeJcpS3CToHDcp3Q=
83,164,s37gvAunS0KmavlMoNuS0MYxUVM=,NqT6ADl3vbJgeJcpS3CToHDcp3Q=
84,162,s37gvAunS0KmavlMoNuS0MYxUVM=,NqT6ADl3vbJgeJcpS3CToHDcp3Q=
85,162,s37gvAunS0KmavlMoNuS0MYxUVM=,NqT6ADl3vbJgeJcpS3CToHDcp3Q=
85,166,s37gvAunS0KmavlMoNuS0MYxUVM=,NqT6ADl3vbJgeJcpS3CToHDcp3Q=
85,167,s37gvAunS0KmavlMoNuS0MYxUVM=,NqT6ADl3vbJgeJcpS3CToHDcp3Q=
92,166,s37gvAunS0KmavlMoNuS0MYxUVM=,mEF0bDls5w8ahFHctNWairV8yVA=
87,166,s37gvAunS0KmavlMoNuS0MYxUVM=,NqT6ADl3vbJgeJcpS3CToHDcp3Q=
87,164,s37gvAunS0KmavlMoNuS0MYxUVM=,NqT6ADl3vbJgeJcpS3CToHDcp3Q=
93,166,s37gvAunS0KmavlMoNuS0MYxUVM=,mEF0bDls5w8ahFHctNWairV8yVA=
88,161,s37gvAunS0KmavlMoNuS0MYxUVM=,mEF0bDls5w8ahFHctNWairV8yVA=
94,166,s37gvAunS0KmavlMoNuS0MYxUVM=,mEF0bDls5w8ahFHctNWairV8yVA=
95,166,s37gvAunS0KmavlMoNuS0MYxUVM=,mEF0bDls5w8ahFHctNWairV8yVA=
89,161,s37gvAunS0KmavlMoNuS0MYxUVM=,mEF0bDls5w8ahFHctNWairV8yVA=
88,167,s37gvAunS0KmavlMoNuS0MYxUVM=,mEF0bDls5w8ahFHctNWairV8yVA=
89,167,s37gvAunS0KmavlMoNuS0MYxUVM=,mEF0bDls5w8ahFHctNWairV8yVA=
90,167,s37gvAunS0KmavlMoNuS0MYxUVM=,mEF0bDls5w8ahFHctNWairV8yVA=
91,167,s37gvAunS0KmavlMoNuS0MYxUVM=,mEF0bDls5w8ahFHctNWairV8yVA=
92,167,s37gvAunS0KmavlMoNuS0MYxUVM=,mEF0bDls5w8ahFHctNWairV8yVA=
90,161,s37gvAunS0KmavlMoNuS0MYxUVM=,mEF0bDls5w8ahFHctNWairV8yVA=
93,167,s37gvAunS0KmavlMoNuS0MYxUVM=,mEF0bDls5w8ahFHctNWairV8yVA=
87,167,s37gvAunS0KmavlMoNuS0MYxUVM=,NqT6ADl3vbJgeJcpS3CToHDcp3Q=
94,167,s37gvAunS0KmavlMoNuS0MYxUVM=,mEF0bDls5w8ahFHctNWairV8yVA=
92,161,s37gvAunS0KmavlMoNuS0MYxUVM=,mEF0bDls5w8ahFHctNWairV8yVA=
87,165,s37gvAunS0KmavlMoNuS0MYxUVM=,NqT6ADl3vbJgeJcpS3CToHDcp3Q=
94,161,s37gvAunS0KmavlMoNuS0MYxUVM=,mEF0bDls5w8ahFHctNWairV8yVA=
93,161,s37gvAunS0KmavlMoNuS0MYxUVM=,mEF0bDls5w8ahFHctNWairV8yVA=
91,161,s37gvAunS0KmavlMoNuS0MYxUVM=,mEF0bDls5w8ahFHctNWairV8yVA=
88,162,s37gvAunS0KmavlMoNuS0MYxUVM=,mEF0bDls5w8ahFHctNWairV8yVA=
89,162,s37gvAunS0KmavlMoNuS0MYxUVM=,mEF0bDls5w8ahFHctNWairV8yVA=
87,163,s37gvAunS0KmavlMoNuS0MYxUVM=,NqT6ADl3vbJgeJcpS3CToHDcp3Q=
87,162,s37gvAunS0KmavlMoNuS0MYxUVM=,NqT6ADl3vbJgeJcpS3CToHDcp3Q=
95,161,s37gvAunS0KmavlMoNuS0MYxUVM=,mEF0bDls5w8ahFHctNWairV8yVA=
90,162,s37gvAunS0KmavlMoNuS0MYxUVM=,mEF0bDls5w8ahFHctNWairV8yVA=
91,162,s37gvAunS0KmavlMoNuS0MYxUVM=,mEF0bDls5w8ahFHctNWairV8yVA=
92,162,s37gvAunS0KmavlMoNuS0MYxUVM=,mEF0bDls5w8ahFHctNWairV8yVA=
93,162,s37gvAunS0KmavlMoNuS0MYxUVM=,mEF0bDls5w8ahFHctNWairV8yVA=
94,162,s37gvAunS0KmavlMoNuS0MYxUVM=,mEF0bDls5w8ahFHctNWairV8yVA=
95,162,s37gvAunS0KmavlMoNuS0MYxUVM=,mEF0bDls5w8ahFHctNWairV8yVA=
88,163,s37gvAunS0KmavlMoNuS0MYxUVM=,mEF0bDls5w8ahFHctNWairV8yVA=
89,163,s37gvAunS0KmavlMoNuS0MYxUVM=,mEF0bDls5w8ahFHctNWairV8yVA=
90,163,s37gvAunS0KmavlMoNuS0MYxUVM=,mEF0bDls5w8ahFHctNWairV8yVA=
91,163,s37gvAunS0KmavlMoNuS0MYxUVM=,mEF0bDls5w8ahFHctNWairV8yVA=
86,168,s37gvAunS0KmavlMoNuS0MYxUVM=,80djZr8xKybcav5/WSe4OK9QCLM=
84,170,s37gvAunS0KmavlMoNuS0MYxUVM=,80djZr8xKybcav5/WSe4OK9QCLM=
91,166,s37gvAunS0KmavlMoNuS0MYxUVM=,mEF0bDls5w8ahFHctNWairV8yVA=
86,169,s37gvAunS0KmavlMoNuS0MYxUVM=,80djZr8xKybcav5/WSe4OK9QCLM=
90,166,s37gvAunS0KmavlMoNuS0MYxUVM=,mEF0bDls5w8ahFHctNWairV8yVA=
95,165,s37gvAunS0KmavlMoNuS0MYxUVM=,mEF0bDls5w8ahFHctNWairV8yVA=
92,163,s37gvAunS0KmavlMoNuS0MYxUVM=,mEF0bDls5w8ahFHctNWairV8yVA=
88,166,s37gvAunS0KmavlMoNuS0MYxUVM=,mEF0bDls5w8ahFHctNWairV8yVA=
89,166,s37gvAunS0KmavlMoNuS0MYxUVM=,mEF0bDls5w8ahFHctNWairV8yVA=
94,168,s37gvAunS0KmavlMoNuS0MYxUVM=,DE7CmbwbNOAX1FaE+uxUTLkEi2Q=
93,163,s37gvAunS0KmavlMoNuS0MYxUVM=,mEF0bDls5w8ahFHctNWairV8yVA=
94,163,s37gvAunS0KmavlMoNuS0MYxUVM=,mEF0bDls5w8ahFHctNWairV8yVA=
93,168,s37gvAunS0KmavlMoNuS0MYxUVM=,DE7CmbwbNOAX1FaE+uxUTLkEi2Q=
95,163,s37gvAunS0KmavlMoNuS0MYxUVM=,mEF0bDls5w8ahFHctNWairV8yVA=
88,164,s37gvAunS0KmavlMoNuS0MYxUVM=,mEF0bDls5w8ahFHctNWairV8yVA=
93,165,s37gvAunS0KmavlMoNuS0MYxUVM=,mEF0bDls5w8ahFHctNWairV8yVA=
89,164,s37gvAunS0KmavlMoNuS0MYxUVM=,mEF0bDls5w8ahFHctNWairV8yVA=
94,165,s37gvAunS0KmavlMoNuS0MYxUVM=,mEF0bDls5w8ahFHctNWairV8yVA=
90,164,s37gvAunS0KmavlMoNuS0MYxUVM=,mEF0bDls5w8ahFHctNWairV8yVA=
92,164,s37gvAunS0KmavlMoNuS0MYxUVM=,mEF0bDls5w8ahFHctNWairV8yVA=
91,164,s37gvAunS0KmavlMoNuS0MYxUVM=,mEF0bDls5w8ahFHctNWairV8yVA=
93,164,s37gvAunS0KmavlMoNuS0MYxUVM=,mEF0bDls5w8ahFHctNWairV8yVA=
94,164,s37gvAunS0KmavlMoNuS0MYxUVM=,mEF0bDls5w8ahFHctNWairV8yVA=
95,164,s37gvAunS0KmavlMoNuS0MYxUVM=,mEF0bDls5w8ahFHctNWairV8yVA=
88,168,s37gvAunS0KmavlMoNuS0MYxUVM=,DE7CmbwbNOAX1FaE+uxUTLkEi2Q=
89,168,s37gvAunS0KmavlMoNuS0MYxUVM=,DE7CmbwbNOAX1FaE+uxUTLkEi2Q=
90,168,s37gvAunS0KmavlMoNuS0MYxUVM=,DE7CmbwbNOAX1FaE+uxUTLkEi2Q=
91,168,s37gvAunS0KmavlMoNuS0MYxUVM=,DE7CmbwbNOAX1FaE+uxUTLkEi2Q=
92,168,s37gvAunS0KmavlMoNuS0MYxUVM=,DE7CmbwbNOAX1FaE+uxUTLkEi2Q=
89,165,s37gvAunS0KmavlMoNuS0MYxUVM=,mEF0bDls5w8ahFHctNWairV8yVA=
87,161,s37gvAunS0KmavlMoNuS0MYxUVM=,NqT6ADl3vbJgeJcpS3CToHDcp3Q=
90,165,s37gvAunS0KmavlMoNuS0MYxUVM=,mEF0bDls5w8ahFHctNWairV8yVA=
88,165,s37gvAunS0KmavlMoNuS0MYxUVM=,mEF0bDls5w8ahFHctNWairV8yVA=
87,168,s37gvAunS0KmavlMoNuS0MYxUVM=,80djZr8xKybcav5/WSe4OK9QCLM=
91,165,s37gvAunS0KmavlMoNuS0MYxUVM=,mEF0bDls5w8ahFHctNWairV8yVA=
95,169,s37gvAunS0KmavlMoNuS0MYxUVM=,DE7CmbwbNOAX1FaE+uxUTLkEi2Q=
95,170,s37gvAunS0KmavlMoNuS0MYxUVM=,DE7CmbwbNOAX1FaE+uxUTLkEi2Q=
95,167,s37gvAunS0KmavlMoNuS0MYxUVM=,mEF0bDls5w8ahFHctNWairV8yVA=
92,165,s37gvAunS0KmavlMoNuS0MYxUVM=,mEF0bDls5w8ahFHctNWairV8yVA=
95,171,s37gvAunS0KmavlMoNuS0MYxUVM=,DE7CmbwbNOAX1FaE+uxUTLkEi2Q=
95,173,s37gvAunS0KmavlMoNuS0MYxUVM=,DE7CmbwbNOAX1FaE+uxUTLkEi2Q=
95,172,s37gvAunS0KmavlMoNuS0MYxUVM=,DE7CmbwbNOAX1FaE+uxUTLkEi2Q=
95,174,s37gvAunS0KmavlMoNuS0MYxUVM=,DE7CmbwbNOAX1FaE+uxUTLkEi2Q=
95,168,s37gvAunS0KmavlMoNuS0MYxUVM=,DE7CmbwbNOAX1FaE+uxUTLkEi2Q=
80,165,s37gvAunS0KmavlMoNuS0MYxUVM=,NqT6ADl3vbJgeJcpS3CToHDcp3Q=
80,163,s37gvAunS0KmavlMoNuS0MYxUVM=,NqT6ADl3vbJgeJcpS3CToHDcp3Q=
80,166,s37gvAunS0KmavlMoNuS0MYxUVM=,NqT6ADl3vbJgeJcpS3CToHDcp3Q=
80,164,s37gvAunS0KmavlMoNuS0MYxUVM=,NqT6ADl3vbJgeJcpS3CToHDcp3Q=
80,162,s37gvAunS0KmavlMoNuS0MYxUVM=,NqT6ADl3vbJgeJcpS3CToHDcp3Q=
80,169,s37gvAunS0KmavlMoNuS0MYxUVM=,80djZr8xKybcav5/WSe4OK9QCLM=
80,161,s37gvAunS0KmavlMoNuS0MYxUVM=,NqT6ADl3vbJgeJcpS3CToHDcp3Q=
80,167,s37gvAunS0KmavlMoNuS0MYxUVM=,NqT6ADl3vbJgeJcpS3CToHDcp3Q=
80,171,s37gvAunS0KmavlMoNuS0MYxUVM=,80djZr8xKybcav5/WSe4OK9QCLM=
80,170,s37gvAunS0KmavlMoNuS0MYxUVM=,80djZr8xKybcav5/WSe4OK9QCLM=
80,168,s37gvAunS0KmavlMoNuS0MYxUVM=,80djZr8xKybcav5/WSe4OK9QCLM=
80,172,s37gvAunS0KmavlMoNuS0MYxUVM=,80djZr8xKybcav5/WSe4OK9QCLM=
80,173,s37gvAunS0KmavlMoNuS0MYxUVM=,80djZr8xKybcav5/WSe4OK9QCLM=
81,175,s37gvAunS0KmavlMoNuS0MYxUVM=,80djZr8xKybcav5/WSe4OK9QCLM=
83,175,s37gvAunS0KmavlMoNuS0MYxUVM=,80djZr8xKybcav5/WSe4OK9QCLM=
80,174,s37gvAunS0KmavlMoNuS0MYxUVM=,80djZr8xKybcav5/WSe4OK9QCLM=
84,175,s37gvAunS0KmavlMoNuS0MYxUVM=,80djZr8xKybcav5/WSe4OK9QCLM=
82,175,s37gvAunS0KmavlMoNuS0MYxUVM=,80djZr8xKybcav5/WSe4OK9QCLM=
85,175,s37gvAunS0KmavlMoNuS0MYxUVM=,80djZr8xKybcav5/WSe4OK9QCLM=
82,170,s37gvAunS0KmavlMoNuS0MYxUVM=,80djZr8xKybcav5/WSe4OK9QCLM=
81,160,s37gvAunS0KmavlMoNuS0MYxUVM=,NqT6ADl3vbJgeJcpS3CToHDcp3Q=
86,175,s37gvAunS0KmavlMoNuS0MYxUVM=,80djZr8xKybcav5/WSe4OK9QCLM=
80,160,s37gvAunS0KmavlMoNuS0MYxUVM=,NqT6ADl3vbJgeJcpS3CToHDcp3Q=
83,160,s37gvAunS0KmavlMoNuS0MYxUVM=,NqT6ADl3vbJgeJcpS3CToHDcp3Q=
86,160,s37gvAunS0KmavlMoNuS0MYxUVM=,NqT6ADl3vbJgeJcpS3CToHDcp3Q=
83,162,s37gvAunS0KmavlMoNuS0MYxUVM=,NqT6ADl3vbJgeJcpS3CToHDcp3Q=
82,160,s37gvAunS0KmavlMoNuS0MYxUVM=,NqT6ADl3vbJgeJcpS3CToHDcp3Q=
80,175,s37gvAunS0KmavlMoNuS0MYxUVM=,80djZr8xKybcav5/WSe4OK9QCLM=
83,163,s37gvAunS0KmavlMoNuS0MYxUVM=,NqT6ADl3vbJgeJcpS3CToHDcp3Q=
88,175,s37gvAunS0KmavlMoNuS0MYxUVM=,DE7CmbwbNOAX1FaE+uxUTLkEi2Q=
89,175,s37gvAunS0KmavlMoNuS0MYxUVM=,DE7CmbwbNOAX1FaE+uxUTLkEi2Q=
87,175,s37gvAunS0KmavlMoNuS0MYxUVM=,80djZr8xKybcav5/WSe4OK9QCLM=
90,175,s37gvAunS0KmavlMoNuS0MYxUVM=,DE7CmbwbNOAX1FaE+uxUTLkEi2Q=
85,173,s37gvAunS0KmavlMoNuS0MYxUVM=,80djZr8xKybcav5/WSe4OK9QCLM=
91,175,s37gvAunS0KmavlMoNuS0MYxUVM=,DE7CmbwbNOAX1FaE+uxUTLkEi2Q=
92,175,s37gvAunS0KmavlMoNuS0MYxUVM=,DE7CmbwbNOAX1FaE+uxUTLkEi2Q=
93,175,s37gvAunS0KmavlMoNuS0MYxUVM=,DE7CmbwbNOAX1FaE+uxUTLkEi2Q=
94,175,s37gvAunS0KmavlMoNuS0MYxUVM=,DE7CmbwbNOAX1FaE+uxUTLkEi2Q=
87,160,s37gvAunS0KmavlMoNuS0MYxUVM=,NqT6ADl3vbJgeJcpS3CToHDcp3Q=
95,175,s37gvAunS0KmavlMoNuS0MYxUVM=,DE7CmbwbNOAX1FaE+uxUTLkEi2Q=
89,160,s37gvAunS0KmavlMoNuS0MYxUVM=,mEF0bDls5w8ahFHctNWairV8yVA=
94,160,s37gvAunS0KmavlMoNuS0MYxUVM=,mEF0bDls5w8ahFHctNWairV8yVA=
90,160,s37gvAunS0KmavlMoNuS0MYxUVM=,mEF0bDls5w8ahFHctNWairV8yVA=
92,160,s37gvAunS0KmavlMoNuS0MYxUVM=,mEF0bDls5w8ahFHctNWairV8yVA=
95,160,s37gvAunS0KmavlMoNuS0MYxUVM=,mEF0bDls5w8ahFHctNWairV8yVA=
93,160,s37gvAunS0KmavlMoNuS0MYxUVM=,mEF0bDls5w8ahFHctNWairV8yVA=
85,160,s37gvAunS0KmavlMoNuS0MYxUVM=,NqT6ADl3vbJgeJcpS3CToHDcp3Q=
91,160,s37gvAunS0KmavlMoNuS0MYxUVM=,mEF0bDls5w8ahFHctNWairV8yVA=
88,160,s37gvAunS0KmavlMoNuS0MYxUVM=,mEF0bDls5w8ahFHctNWairV8yVA=
84,160,s37gvAunS0KmavlMoNuS0MYxUVM=,NqT6ADl3vbJgeJcpS3CToHDcp3Q=
91,182,+qUeqxwfUKTJbzPkXCm8R9DfRrk=,4Ruh47p68lcT6XxMe4PXSb4P+E4=
88,179,+qUeqxwfUKTJbzPkXCm8R9DfRrk=,4Ruh47p68lcT6XxMe4PXSb4P+E4=
92,182,+qUeqxwfUKTJbzPkXCm8R9DfRrk=,4Ruh47p68lcT6XxMe4PXSb4P+E4=
91,176,+qUeqxwfUKTJbzPkXCm8R9DfRrk=,4Ruh47p68lcT6XxMe4PXSb4P+E4=
94,177,+qUeqxwfUKTJbzPkXCm8R9DfRrk=,4Ruh47p68lcT6XxMe4PXSb4P+E4=
88,178,+qUeqxwfUKTJbzPkXCm8R9DfRrk=,4Ruh47p68lcT6XxMe4PXSb4P+E4=
89,181,+qUeqxwfUKTJbzPkXCm8R9DfRrk=,4Ruh47p68lcT6XxMe4PXSb4P+E4=
90,180,+qUeqxwfUKTJbzPkXCm8R9DfRrk=,4Ruh47p68lcT6XxMe4PXSb4P+E4=
91,180,+qUeqxwfUKTJbzPkXCm8R9DfRrk=,4Ruh47p68lcT6XxMe4PXSb4P+E4=
95,177,+qUeqxwfUKTJbzPkXCm8R9DfRrk=,4Ruh47p68lcT6XxMe4PXSb4P+E4=
89,176,+qUeqxwfUKTJbzPkXCm8R9DfRrk=,4Ruh47p68lcT6XxMe4PXSb4P+E4=
90,176,+qUeqxwfUKTJbzPkXCm8R9DfRrk=,4Ruh47p68lcT6XxMe4PXSb4P+E4=
90,182,+qUeqxwfUKTJbzPkXCm8R9DfRrk=,4Ruh47p68lcT6XxMe4PXSb4P+E4=
92,177,+qUeqxwfUKTJbzPkXCm8R9DfRrk=,4Ruh47p68lcT6XxMe4PXSb4P+E4=
91,177,+qUeqxwfUKTJbzPkXCm8R9DfRrk=,4Ruh47p68lcT6XxMe4PXSb4P+E4=
89,182,+qUeqxwfUKTJbzPkXCm8R9DfRrk=,4Ruh47p68lcT6XxMe4PXSb4P+E4=
93,177,+qUeqxwfUKTJbzPkXCm8R9DfRrk=,4Ruh47p68lcT6XxMe4PXSb4P+E4=
90,177,+qUeqxwfUKTJbzPkXCm8R9DfRrk=,4Ruh47p68lcT6XxMe4PXSb4P+E4=
93,182,+qUeqxwfUKTJbzPkXCm8R9DfRrk=,4Ruh47p68lcT6XxMe4PXSb4P+E4=
88,182,+qUeqxwfUKTJbzPkXCm8R9DfRrk=,4Ruh47p68lcT6XxMe4PXSb4P+E4=
88,176,+qUeqxwfUKTJbzPkXCm8R9DfRrk=,4Ruh47p68lcT6XxMe4PXSb4P+E4=
95,181,+qUeqxwfUKTJbzPkXCm8R9DfRrk=,4Ruh47p68lcT6XxMe4PXSb4P+E4=
89,180,+qUeqxwfUKTJbzPkXCm8R9DfRrk=,4Ruh47p68lcT6XxMe4PXSb4P+E4=
89,178,+qUeqxwfUKTJbzPkXCm8R9DfRrk=,4Ruh47p68lcT6XxMe4PXSb4P+E4=
94,182,+qUeqxwfUKTJbzPkXCm8R9DfRrk=,4Ruh47p68lcT6XxMe4PXSb4P+E4=
88,180,+qUeqxwfUKTJbzPkXCm8R9DfRrk=,4Ruh47p68lcT6XxMe4PXSb4P+E4=
94,179,+qUeqxwfUKTJbzPkXCm8R9DfRrk=,4Ruh47p68lcT6XxMe4PXSb4P+E4=
95,179,+qUeqxwfUKTJbzPkXCm8R9DfRrk=,4Ruh47p68lcT6XxMe4PXSb4P+E4=
90,178,+qUeqxwfUKTJbzPkXCm8R9DfRrk=,4Ruh47p68lcT6XxMe4PXSb4P+E4=
88,181,+qUeqxwfUKTJbzPkXCm8R9DfRrk=,4Ruh47p68lcT6XxMe4PXSb4P+E4=
92,179,+qUeqxwfUKTJbzPkXCm8R9DfRrk=,4Ruh47p68lcT6XxMe4PXSb4P+E4=
91,179,+qUeqxwfUKTJbzPkXCm8R9DfRrk=,4Ruh47p68lcT6XxMe4PXSb4P+E4=
93,179,+qUeqxwfUKTJbzPkXCm8R9DfRrk=,4Ruh47p68lcT6XxMe4PXSb4P+E4=
91,178,+qUeqxwfUKTJbzPkXCm8R9DfRrk=,4Ruh47p68lcT6XxMe4PXSb4P+E4=
95,176,+qUeqxwfUKTJbzPkXCm8R9DfRrk=,4Ruh47p68lcT6XxMe4PXSb4P+E4=
89,177,+qUeqxwfUKTJbzPkXCm8R9DfRrk=,4Ruh47p68lcT6XxMe4PXSb4P+E4=
89,179,+qUeqxwfUKTJbzPkXCm8R9DfRrk=,4Ruh47p68lcT6XxMe4PXSb4P+E4=
94,181,+qUeqxwfUKTJbzPkXCm8R9DfRrk=,4Ruh47p68lcT6XxMe4PXSb4P+E4=
93,181,+qUeqxwfUKTJbzPkXCm8R9DfRrk=,4Ruh47p68lcT6XxMe4PXSb4P+E4=
95,178,+qUeqxwfUKTJbzPkXCm8R9DfRrk=,4Ruh47p68lcT6XxMe4PXSb4P+E4=
88,177,+qUeqxwfUKTJbzPkXCm8R9DfRrk=,4Ruh47p68lcT6XxMe4PXSb4P+E4=
92,181,+qUeqxwfUKTJbzPkXCm8R9DfRrk=,4Ruh47p68lcT6XxMe4PXSb4P+E4=
94,183,+qUeqxwfUKTJbzPkXCm8R9DfRrk=,4Ruh47p68lcT6XxMe4PXSb4P+E4=
95,180,+qUeqxwfUKTJbzPkXCm8R9DfRrk=,4Ruh47p68lcT6XxMe4PXSb4P+E4=
95,182,+qUeqxwfUKTJbzPkXCm8R9DfRrk=,4Ruh47p68lcT6XxMe4PXSb4P+E4=
90,181,+qUeqxwfUKTJbzPkXCm8R9DfRrk=,4Ruh47p68lcT6XxMe4PXSb4P+E4=
91,181,+qUeqxwfUKTJbzPkXCm8R9DfRrk=,4Ruh47p68lcT6XxMe4PXSb4P+E4=
93,183,+qUeqxwfUKTJbzPkXCm8R9DfRrk=,4Ruh47p68lcT6XxMe4PXSb4P+E4=
94,178,+qUeqxwfUKTJbzPkXCm8R9DfRrk=,4Ruh47p68lcT6XxMe4PXSb4P+E4=
92,178,+qUeqxwfUKTJbzPkXCm8R9DfRrk=,4Ruh47p68lcT6XxMe4PXSb4P+E4=
95,183,+qUeqxwfUKTJbzPkXCm8R9DfRrk=,4Ruh47p68lcT6XxMe4PXSb4P+E4=
92,183,+qUeqxwfUKTJbzPkXCm8R9DfRrk=,4Ruh47p68lcT6XxMe4PXSb4P+E4=
93,176,+qUeqxwfUKTJbzPkXCm8R9DfRrk=,4Ruh47p68lcT6XxMe4PXSb4P+E4=
91,183,+qUeqxwfUKTJbzPkXCm8R9DfRrk=,4Ruh47p68lcT6XxMe4PXSb4P+E4=
93,180,+qUeqxwfUKTJbzPkXCm8R9DfRrk=,4Ruh47p68lcT6XxMe4PXSb4P+E4=
93,178,+qUeqxwfUKTJbzPkXCm8R9DfRrk=,4Ruh47p68lcT6XxMe4PXSb4P+E4=
94,180,+qUeqxwfUKTJbzPkXCm8R9DfRrk=,4Ruh47p68lcT6XxMe4PXSb4P+E4=
90,179,+qUeqxwfUKTJbzPkXCm8R9DfRrk=,4Ruh47p68lcT6XxMe4PXSb4P+E4=
94,176,+qUeqxwfUKTJbzPkXCm8R9DfRrk=,4Ruh47p68lcT6XxMe4PXSb4P+E4=
89,183,+qUeqxwfUKTJbzPkXCm8R9DfRrk=,4Ruh47p68lcT6XxMe4PXSb4P+E4=
92,180,+qUeqxwfUKTJbzPkXCm8R9DfRrk=,4Ruh47p68lcT6XxMe4PXSb4P+E4=
88,183,+qUeqxwfUKTJbzPkXCm8R9DfRrk=,4Ruh47p68lcT6XxMe4PXSb4P+E4=
90,183,+qUeqxwfUKTJbzPkXCm8R9DfRrk=,4Ruh47p68lcT6XxMe4PXSb4P+E4=
92,176,+qUeqxwfUKTJbzPkXCm8R9DfRrk=,4Ruh47p68lcT6XxMe4PXSb4P+E4=
