124,-16,O8xml4k6C2lHvqTvCaWHrlDynHI=,Qs3tcjYYUKs6MpfxXBK18fPvRRU=
124,-13,O8xml4k6C2lHvqTvCaWHrlDynHI=,Qs3tcjYYUKs6MpfxXBK18fPvRRU=
122,-16,O8xml4k6C2lHvqTvCaWHrlDynHI=,Qs3tcjYYUKs6MpfxXBK18fPvRRU=
121,-14,O8xml4k6C2lHvqTvCaWHrlDynHI=,Qs3tcjYYUKs6MpfxXBK18fPvRRU=
126,-12,O8xml4k6C2lHvqTvCaWHrlDynHI=,Qs3tcjYYUKs6MpfxXBK18fPvRRU=
125,-12,O8xml4k6C2lHvqTvCaWHrlDynHI=,Qs3tcjYYUKs6MpfxXBK18fPvRRU=
125,-15,O8xml4k6C2lHvqTvCaWHrlDynHI=,Qs3tcjYYUKs6MpfxXBK18fPvRRU=
124,-12,O8xml4k6C2lHvqTvCaWHrlDynHI=,Qs3tcjYYUKs6MpfxXBK18fPvRRU=
124,-15,2tJtn8SQ9din2Rz0NoU23y4aPUU=,Qs3tcjYYUKs6MpfxXBK18fPvRRU=
123,-12,2tJtn8SQ9din2Rz0NoU23y4aPUU=,Qs3tcjYYUKs6MpfxXBK18fPvRRU=
127,-10,2tJtn8SQ9din2Rz0NoU23y4aPUU=,Qs3tcjYYUKs6MpfxXBK18fPvRRU=
123,-15,2tJtn8SQ9din2Rz0NoU23y4aPUU=,Qs3tcjYYUKs6MpfxXBK18fPvRRU=
125,-11,2tJtn8SQ9din2Rz0NoU23y4aPUU=,Qs3tcjYYUKs6MpfxXBK18fPvRRU=
124,-11,2tJtn8SQ9din2Rz0NoU23y4aPUU=,Qs3tcjYYUKs6MpfxXBK18fPvRRU=
123,-11,2tJtn8SQ9din2Rz0NoU23y4aPUU=,Qs3tcjYYUKs6MpfxXBK18fPvRRU=
126,-10,2tJtn8SQ9din2Rz0NoU23y4aPUU=,Qs3tcjYYUKs6MpfxXBK18fPvRRU=
125,-10,2tJtn8SQ9din2Rz0NoU23y4aPUU=,Qs3tcjYYUKs6MpfxXBK18fPvRRU=
124,-10,2tJtn8SQ9din2Rz0NoU23y4aPUU=,Qs3tcjYYUKs6MpfxXBK18fPvRRU=
127,-15,2tJtn8SQ9din2Rz0NoU23y4aPUU=,Qs3tcjYYUKs6MpfxXBK18fPvRRU=
123,-10,2tJtn8SQ9din2Rz0NoU23y4aPUU=,Qs3tcjYYUKs6MpfxXBK18fPvRRU=
122,-15,2tJtn8SQ9din2Rz0NoU23y4aPUU=,Qs3tcjYYUKs6MpfxXBK18fPvRRU=
122,-10,2tJtn8SQ9din2Rz0NoU23y4aPUU=,Qs3tcjYYUKs6MpfxXBK18fPvRRU=
121,-10,2tJtn8SQ9din2Rz0NoU23y4aPUU=,Qs3tcjYYUKs6MpfxXBK18fPvRRU=
126,-15,2tJtn8SQ9din2Rz0NoU23y4aPUU=,Qs3tcjYYUKs6MpfxXBK18fPvRRU=
123,-13,2tJtn8SQ9din2Rz0NoU23y4aPUU=,Qs3tcjYYUKs6MpfxXBK18fPvRRU=
122,-13,2tJtn8SQ9din2Rz0NoU23y4aPUU=,Qs3tcjYYUKs6MpfxXBK18fPvRRU=
121,-15,2tJtn8SQ9din2Rz0NoU23y4aPUU=,Qs3tcjYYUKs6MpfxXBK18fPvRRU=
127,-11,2tJtn8SQ9din2Rz0NoU23y4aPUU=,Qs3tcjYYUKs6MpfxXBK18fPvRRU=
122,-12,2tJtn8SQ9din2Rz0NoU23y4aPUU=,Qs3tcjYYUKs6MpfxXBK18fPvRRU=
123,-16,2tJtn8SQ9din2Rz0NoU23y4aPUU=,Qs3tcjYYUKs6MpfxXBK18fPvRRU=
121,-12,2tJtn8SQ9din2Rz0NoU23y4aPUU=,Qs3tcjYYUKs6MpfxXBK18fPvRRU=
121,-13,2tJtn8SQ9din2Rz0NoU23y4aPUU=,Qs3tcjYYUKs6MpfxXBK18fPvRRU=
126,-9,2tJtn8SQ9din2Rz0NoU23y4aPUU=,Qs3tcjYYUKs6MpfxXBK18fPvRRU=
125,-9,2tJtn8SQ9din2Rz0NoU23y4aPUU=,Qs3tcjYYUKs6MpfxXBK18fPvRRU=
126,-16,2tJtn8SQ9din2Rz0NoU23y4aPUU=,Qs3tcjYYUKs6MpfxXBK18fPvRRU=
124,-9,2tJtn8SQ9din2Rz0NoU23y4aPUU=,Qs3tcjYYUKs6MpfxXBK18fPvRRU=
123,-9,2tJtn8SQ9din2Rz0NoU23y4aPUU=,Qs3tcjYYUKs6MpfxXBK18fPvRRU=
122,-11,2tJtn8SQ9din2Rz0NoU23y4aPUU=,Qs3tcjYYUKs6MpfxXBK18fPvRRU=
126,-14,2tJtn8SQ9din2Rz0NoU23y4aPUU=,Qs3tcjYYUKs6MpfxXBK18fPvRRU=
127,-14,2tJtn8SQ9din2Rz0NoU23y4aPUU=,Qs3tcjYYUKs6MpfxXBK18fPvRRU=
122,-9,2tJtn8SQ9din2Rz0NoU23y4aPUU=,Qs3tcjYYUKs6MpfxXBK18fPvRRU=
121,-9,2tJtn8SQ9din2Rz0NoU23y4aPUU=,Qs3tcjYYUKs6MpfxXBK18fPvRRU=
125,-14,2tJtn8SQ9din2Rz0NoU23y4aPUU=,Qs3tcjYYUKs6MpfxXBK18fPvRRU=
127,-13,2tJtn8SQ9din2Rz0NoU23y4aPUU=,Qs3tcjYYUKs6MpfxXBK18fPvRRU=
121,-16,2tJtn8SQ9din2Rz0NoU23y4aPUU=,Qs3tcjYYUKs6MpfxXBK18fPvRRU=
121,-11,2tJtn8SQ9din2Rz0NoU23y4aPUU=,Qs3tcjYYUKs6MpfxXBK18fPvRRU=
124,-14,2tJtn8SQ9din2Rz0NoU23y4aPUU=,Qs3tcjYYUKs6MpfxXBK18fPvRRU=
123,-14,2tJtn8SQ9din2Rz0NoU23y4aPUU=,Qs3tcjYYUKs6MpfxXBK18fPvRRU=
125,-16,2tJtn8SQ9din2Rz0NoU23y4aPUU=,Qs3tcjYYUKs6MpfxXBK18fPvRRU=
126,-11,2tJtn8SQ9din2Rz0NoU23y4aPUU=,Qs3tcjYYUKs6MpfxXBK18fPvRRU=
127,-12,2tJtn8SQ9din2Rz0NoU23y4aPUU=,Qs3tcjYYUKs6MpfxXBK18fPvRRU=
126,-13,2tJtn8SQ9din2Rz0NoU23y4aPUU=,Qs3tcjYYUKs6MpfxXBK18fPvRRU=
122,-14,2tJtn8SQ9din2Rz0NoU23y4aPUU=,Qs3tcjYYUKs6MpfxXBK18fPvRRU=
125,-13,2tJtn8SQ9din2Rz0NoU23y4aPUU=,Qs3tcjYYUKs6MpfxXBK18fPvRRU=
127,-16,2tJtn8SQ9din2Rz0NoU23y4aPUU=,Qs3tcjYYUKs6MpfxXBK18fPvRRU=
127,-9,2tJtn8SQ9din2Rz0NoU23y4aPUU=,Qs3tcjYYUKs6MpfxXBK18fPvRRU=
112,-15,2tJtn8SQ9din2Rz0NoU23y4aPUU=,mjafKRELQEuGTvqJJRi/wTrCplM=
114,-15,2tJtn8SQ9din2Rz0NoU23y4aPUU=,mjafKRELQEuGTvqJJRi/wTrCplM=
115,-15,2tJtn8SQ9din2Rz0NoU23y4aPUU=,mjafKRELQEuGTvqJJRi/wTrCplM=
116,-15,2tJtn8SQ9din2Rz0NoU23y4aPUU=,mjafKRELQEuGTvqJJRi/wTrCplM=
112,-14,2tJtn8SQ9din2Rz0NoU23y4aPUU=,mjafKRELQEuGTvqJJRi/wTrCplM=
113,-14,2tJtn8SQ9din2Rz0NoU23y4aPUU=,mjafKRELQEuGTvqJJRi/wTrCplM=
114,-14,2tJtn8SQ9din2Rz0NoU23y4aPUU=,mjafKRELQEuGTvqJJRi/wTrCplM=
115,-14,2tJtn8SQ9din2Rz0NoU23y4aPUU=,mjafKRELQEuGTvqJJRi/wTrCplM=
116,-14,2tJtn8SQ9din2Rz0NoU23y4aPUU=,mjafKRELQEuGTvqJJRi/wTrCplM=
118,-14,2tJtn8SQ9din2Rz0NoU23y4aPUU=,mjafKRELQEuGTvqJJRi/wTrCplM=
119,-14,2tJtn8SQ9din2Rz0NoU23y4aPUU=,mjafKRELQEuGTvqJJRi/wTrCplM=
112,-13,2tJtn8SQ9din2Rz0NoU23y4aPUU=,mjafKRELQEuGTvqJJRi/wTrCplM=
113,-13,2tJtn8SQ9din2Rz0NoU23y4aPUU=,mjafKRELQEuGTvqJJRi/wTrCplM=
114,-13,2tJtn8SQ9din2Rz0NoU23y4aPUU=,mjafKRELQEuGTvqJJRi/wTrCplM=
115,-13,2tJtn8SQ9din2Rz0NoU23y4aPUU=,mjafKRELQEuGTvqJJRi/wTrCplM=
116,-13,2tJtn8SQ9din2Rz0NoU23y4aPUU=,mjafKRELQEuGTvqJJRi/wTrCplM=
117,-13,2tJtn8SQ9din2Rz0NoU23y4aPUU=,mjafKRELQEuGTvqJJRi/wTrCplM=
118,-13,2tJtn8SQ9din2Rz0NoU23y4aPUU=,mjafKRELQEuGTvqJJRi/wTrCplM=
119,-13,2tJtn8SQ9din2Rz0NoU23y4aPUU=,mjafKRELQEuGTvqJJRi/wTrCplM=
112,-12,2tJtn8SQ9din2Rz0NoU23y4aPUU=,mjafKRELQEuGTvqJJRi/wTrCplM=
113,-12,2tJtn8SQ9din2Rz0NoU23y4aPUU=,mjafKRELQEuGTvqJJRi/wTrCplM=
114,-12,2tJtn8SQ9din2Rz0NoU23y4aPUU=,mjafKRELQEuGTvqJJRi/wTrCplM=
120,-11,2tJtn8SQ9din2Rz0NoU23y4aPUU=,Qs3tcjYYUKs6MpfxXBK18fPvRRU=
115,-12,2tJtn8SQ9din2Rz0NoU23y4aPUU=,mjafKRELQEuGTvqJJRi/wTrCplM=
116,-12,2tJtn8SQ9din2Rz0NoU23y4aPUU=,mjafKRELQEuGTvqJJRi/wTrCplM=
117,-12,2tJtn8SQ9din2Rz0NoU23y4aPUU=,mjafKRELQEuGTvqJJRi/wTrCplM=
120,-9,2tJtn8SQ9din2Rz0NoU23y4aPUU=,Qs3tcjYYUKs6MpfxXBK18fPvRRU=
118,-12,2tJtn8SQ9din2Rz0NoU23y4aPUU=,mjafKRELQEuGTvqJJRi/wTrCplM=
119,-12,2tJtn8SQ9din2Rz0NoU23y4aPUU=,mjafKRELQEuGTvqJJRi/wTrCplM=
112,-11,2tJtn8SQ9din2Rz0NoU23y4aPUU=,mjafKRELQEuGTvqJJRi/wTrCplM=
113,-11,2tJtn8SQ9din2Rz0NoU23y4aPUU=,mjafKRELQEuGTvqJJRi/wTrCplM=
114,-11,2tJtn8SQ9din2Rz0NoU23y4aPUU=,mjafKRELQEuGTvqJJRi/wTrCplM=
115,-11,2tJtn8SQ9din2Rz0NoU23y4aPUU=,mjafKRELQEuGTvqJJRi/wTrCplM=
116,-11,2tJtn8SQ9din2Rz0NoU23y4aPUU=,mjafKRELQEuGTvqJJRi/wTrCplM=
117,-11,2tJtn8SQ9din2Rz0NoU23y4aPUU=,mjafKRELQEuGTvqJJRi/wTrCplM=
118,-11,2tJtn8SQ9din2Rz0NoU23y4aPUU=,mjafKRELQEuGTvqJJRi/wTrCplM=
119,-11,2tJtn8SQ9din2Rz0NoU23y4aPUU=,mjafKRELQEuGTvqJJRi/wTrCplM=
112,-10,2tJtn8SQ9din2Rz0NoU23y4aPUU=,mjafKRELQEuGTvqJJRi/wTrCplM=
113,-10,2tJtn8SQ9din2Rz0NoU23y4aPUU=,mjafKRELQEuGTvqJJRi/wTrCplM=
114,-10,2tJtn8SQ9din2Rz0NoU23y4aPUU=,mjafKRELQEuGTvqJJRi/wTrCplM=
115,-10,2tJtn8SQ9din2Rz0NoU23y4aPUU=,mjafKRELQEuGTvqJJRi/wTrCplM=
116,-10,2tJtn8SQ9din2Rz0NoU23y4aPUU=,mjafKRELQEuGTvqJJRi/wTrCplM=
120,-12,2tJtn8SQ9din2Rz0NoU23y4aPUU=,Qs3tcjYYUKs6MpfxXBK18fPvRRU=
117,-10,2tJtn8SQ9din2Rz0NoU23y4aPUU=,mjafKRELQEuGTvqJJRi/wTrCplM=
118,-10,2tJtn8SQ9din2Rz0NoU23y4aPUU=,mjafKRELQEuGTvqJJRi/wTrCplM=
120,-13,2tJtn8SQ9din2Rz0NoU23y4aPUU=,Qs3tcjYYUKs6MpfxXBK18fPvRRU=
119,-10,2tJtn8SQ9din2Rz0NoU23y4aPUU=,mjafKRELQEuGTvqJJRi/wTrCplM=
112,-9,2tJtn8SQ9din2Rz0NoU23y4aPUU=,mjafKRELQEuGTvqJJRi/wTrCplM=
113,-9,2tJtn8SQ9din2Rz0NoU23y4aPUU=,mjafKRELQEuGTvqJJRi/wTrCplM=
114,-9,2tJtn8SQ9din2Rz0NoU23y4aPUU=,mjafKRELQEuGTvqJJRi/wTrCplM=
115,-9,2tJtn8SQ9din2Rz0NoU23y4aPUU=,mjafKRELQEuGTvqJJRi/wTrCplM=
116,-9,2tJtn8SQ9din2Rz0NoU23y4aPUU=,mjafKRELQEuGTvqJJRi/wTrCplM=
117,-9,2tJtn8SQ9din2Rz0NoU23y4aPUU=,mjafKRELQEuGTvqJJRi/wTrCplM=
118,-9,2tJtn8SQ9din2Rz0NoU23y4aPUU=,mjafKRELQEuGTvqJJRi/wTrCplM=
120,-15,2tJtn8SQ9din2Rz0NoU23y4aPUU=,Qs3tcjYYUKs6MpfxXBK18fPvRRU=
119,-9,2tJtn8SQ9din2Rz0NoU23y4aPUU=,mjafKRELQEuGTvqJJRi/wTrCplM=
120,-10,2tJtn8SQ9din2Rz0NoU23y4aPUU=,Qs3tcjYYUKs6MpfxXBK18fPvRRU=
120,-14,2tJtn8SQ9din2Rz0NoU23y4aPUU=,Qs3tcjYYUKs6MpfxXBK18fPvRRU=
113,-16,2tJtn8SQ9din2Rz0NoU23y4aPUU=,mjafKRELQEuGTvqJJRi/wTrCplM=
114,-16,2tJtn8SQ9din2Rz0NoU23y4aPUU=,mjafKRELQEuGTvqJJRi/wTrCplM=
115,-16,2tJtn8SQ9din2Rz0NoU23y4aPUU=,mjafKRELQEuGTvqJJRi/wTrCplM=
116,-16,2tJtn8SQ9din2Rz0NoU23y4aPUU=,mjafKRELQEuGTvqJJRi/wTrCplM=
117,-16,2tJtn8SQ9din2Rz0NoU23y4aPUU=,mjafKRELQEuGTvqJJRi/wTrCplM=
119,-16,2tJtn8SQ9din2Rz0NoU23y4aPUU=,mjafKRELQEuGTvqJJRi/wTrCplM=
118,-16,2tJtn8SQ9din2Rz0NoU23y4aPUU=,mjafKRELQEuGTvqJJRi/wTrCplM=
120,-16,2tJtn8SQ9din2Rz0NoU23y4aPUU=,Qs3tcjYYUKs6MpfxXBK18fPvRRU=
117,-14,2tJtn8SQ9din2Rz0NoU23y4aPUU=,mjafKRELQEuGTvqJJRi/wTrCplM=
118,-15,2tJtn8SQ9din2Rz0NoU23y4aPUU=,mjafKRELQEuGTvqJJRi/wTrCplM=
119,-15,2tJtn8SQ9din2Rz0NoU23y4aPUU=,mjafKRELQEuGTvqJJRi/wTrCplM=
117,-15,2tJtn8SQ9din2Rz0NoU23y4aPUU=,mjafKRELQEuGTvqJJRi/wTrCplM=
112,-16,2tJtn8SQ9din2Rz0NoU23y4aPUU=,mjafKRELQEuGTvqJJRi/wTrCplM=
113,-15,2tJtn8SQ9din2Rz0NoU23y4aPUU=,mjafKRELQEuGTvqJJRi/wTrCplM=
114,-29,2tJtn8SQ9din2Rz0NoU23y4aPUU=,WF5xJNdg10FRkWmjEJ/wE5HDDlQ=
115,-29,2tJtn8SQ9din2Rz0NoU23y4aPUU=,WF5xJNdg10FRkWmjEJ/wE5HDDlQ=
116,-29,2tJtn8SQ9din2Rz0NoU23y4aPUU=,WF5xJNdg10FRkWmjEJ/wE5HDDlQ=
117,-29,2tJtn8SQ9din2Rz0NoU23y4aPUU=,WF5xJNdg10FRkWmjEJ/wE5HDDlQ=
113,-28,2tJtn8SQ9din2Rz0NoU23y4aPUU=,WF5xJNdg10FRkWmjEJ/wE5HDDlQ=
114,-28,2tJtn8SQ9din2Rz0NoU23y4aPUU=,WF5xJNdg10FRkWmjEJ/wE5HDDlQ=
115,-28,2tJtn8SQ9din2Rz0NoU23y4aPUU=,WF5xJNdg10FRkWmjEJ/wE5HDDlQ=
117,-28,2tJtn8SQ9din2Rz0NoU23y4aPUU=,WF5xJNdg10FRkWmjEJ/wE5HDDlQ=
118,-28,2tJtn8SQ9din2Rz0NoU23y4aPUU=,WF5xJNdg10FRkWmjEJ/wE5HDDlQ=
113,-27,2tJtn8SQ9din2Rz0NoU23y4aPUU=,WF5xJNdg10FRkWmjEJ/wE5HDDlQ=
115,-27,2tJtn8SQ9din2Rz0NoU23y4aPUU=,WF5xJNdg10FRkWmjEJ/wE5HDDlQ=
116,-27,2tJtn8SQ9din2Rz0NoU23y4aPUU=,WF5xJNdg10FRkWmjEJ/wE5HDDlQ=
118,-27,2tJtn8SQ9din2Rz0NoU23y4aPUU=,WF5xJNdg10FRkWmjEJ/wE5HDDlQ=
113,-26,2tJtn8SQ9din2Rz0NoU23y4aPUU=,WF5xJNdg10FRkWmjEJ/wE5HDDlQ=
114,-26,2tJtn8SQ9din2Rz0NoU23y4aPUU=,WF5xJNdg10FRkWmjEJ/wE5HDDlQ=
115,-26,2tJtn8SQ9din2Rz0NoU23y4aPUU=,WF5xJNdg10FRkWmjEJ/wE5HDDlQ=
116,-26,2tJtn8SQ9din2Rz0NoU23y4aPUU=,WF5xJNdg10FRkWmjEJ/wE5HDDlQ=
117,-26,2tJtn8SQ9din2Rz0NoU23y4aPUU=,WF5xJNdg10FRkWmjEJ/wE5HDDlQ=
118,-26,2tJtn8SQ9din2Rz0NoU23y4aPUU=,WF5xJNdg10FRkWmjEJ/wE5HDDlQ=
113,-31,2tJtn8SQ9din2Rz0NoU23y4aPUU=,WF5xJNdg10FRkWmjEJ/wE5HDDlQ=
114,-31,2tJtn8SQ9din2Rz0NoU23y4aPUU=,WF5xJNdg10FRkWmjEJ/wE5HDDlQ=
115,-31,2tJtn8SQ9din2Rz0NoU23y4aPUU=,WF5xJNdg10FRkWmjEJ/wE5HDDlQ=
116,-31,2tJtn8SQ9din2Rz0NoU23y4aPUU=,WF5xJNdg10FRkWmjEJ/wE5HDDlQ=
118,-31,2tJtn8SQ9din2Rz0NoU23y4aPUU=,WF5xJNdg10FRkWmjEJ/wE5HDDlQ=
115,-30,2tJtn8SQ9din2Rz0NoU23y4aPUU=,WF5xJNdg10FRkWmjEJ/wE5HDDlQ=
125,-18,2tJtn8SQ9din2Rz0NoU23y4aPUU=,aVwj8iKyQ5DcECShLKwIqFnBQko=
124,-19,2tJtn8SQ9din2Rz0NoU23y4aPUU=,aVwj8iKyQ5DcECShLKwIqFnBQko=
125,-19,2tJtn8SQ9din2Rz0NoU23y4aPUU=,aVwj8iKyQ5DcECShLKwIqFnBQko=
122,-23,2tJtn8SQ9din2Rz0NoU23y4aPUU=,aVwj8iKyQ5DcECShLKwIqFnBQko=
123,-23,2tJtn8SQ9din2Rz0NoU23y4aPUU=,aVwj8iKyQ5DcECShLKwIqFnBQko=
122,-20,2tJtn8SQ9din2Rz0NoU23y4aPUU=,aVwj8iKyQ5DcECShLKwIqFnBQko=
124,-23,2tJtn8SQ9din2Rz0NoU23y4aPUU=,aVwj8iKyQ5DcECShLKwIqFnBQko=
125,-23,2tJtn8SQ9din2Rz0NoU23y4aPUU=,aVwj8iKyQ5DcECShLKwIqFnBQko=
123,-20,2tJtn8SQ9din2Rz0NoU23y4aPUU=,aVwj8iKyQ5DcECShLKwIqFnBQko=
126,-23,2tJtn8SQ9din2Rz0NoU23y4aPUU=,aVwj8iKyQ5DcECShLKwIqFnBQko=
122,-21,2tJtn8SQ9din2Rz0NoU23y4aPUU=,aVwj8iKyQ5DcECShLKwIqFnBQko=
124,-20,2tJtn8SQ9din2Rz0NoU23y4aPUU=,aVwj8iKyQ5DcECShLKwIqFnBQko=
126,-19,2tJtn8SQ9din2Rz0NoU23y4aPUU=,aVwj8iKyQ5DcECShLKwIqFnBQko=
125,-20,2tJtn8SQ9din2Rz0NoU23y4aPUU=,aVwj8iKyQ5DcECShLKwIqFnBQko=
126,-20,2tJtn8SQ9din2Rz0NoU23y4aPUU=,aVwj8iKyQ5DcECShLKwIqFnBQko=
121,-18,2tJtn8SQ9din2Rz0NoU23y4aPUU=,aVwj8iKyQ5DcECShLKwIqFnBQko=
122,-18,2tJtn8SQ9din2Rz0NoU23y4aPUU=,aVwj8iKyQ5DcECShLKwIqFnBQko=
124,-21,2tJtn8SQ9din2Rz0NoU23y4aPUU=,aVwj8iKyQ5DcECShLKwIqFnBQko=
125,-21,2tJtn8SQ9din2Rz0NoU23y4aPUU=,aVwj8iKyQ5DcECShLKwIqFnBQko=
126,-21,2tJtn8SQ9din2Rz0NoU23y4aPUU=,aVwj8iKyQ5DcECShLKwIqFnBQko=
123,-22,2tJtn8SQ9din2Rz0NoU23y4aPUU=,aVwj8iKyQ5DcECShLKwIqFnBQko=
121,-20,2tJtn8SQ9din2Rz0NoU23y4aPUU=,aVwj8iKyQ5DcECShLKwIqFnBQko=
122,-19,2tJtn8SQ9din2Rz0NoU23y4aPUU=,aVwj8iKyQ5DcECShLKwIqFnBQko=
123,-19,2tJtn8SQ9din2Rz0NoU23y4aPUU=,aVwj8iKyQ5DcECShLKwIqFnBQko=
124,-22,2tJtn8SQ9din2Rz0NoU23y4aPUU=,aVwj8iKyQ5DcECShLKwIqFnBQko=
125,-22,2tJtn8SQ9din2Rz0NoU23y4aPUU=,aVwj8iKyQ5DcECShLKwIqFnBQko=
126,-22,2tJtn8SQ9din2Rz0NoU23y4aPUU=,aVwj8iKyQ5DcECShLKwIqFnBQko=
118,-30,2tJtn8SQ9din2Rz0NoU23y4aPUU=,WF5xJNdg10FRkWmjEJ/wE5HDDlQ=
116,-30,2tJtn8SQ9din2Rz0NoU23y4aPUU=,WF5xJNdg10FRkWmjEJ/wE5HDDlQ=
127,-18,2tJtn8SQ9din2Rz0NoU23y4aPUU=,aVwj8iKyQ5DcECShLKwIqFnBQko=
127,-23,2tJtn8SQ9din2Rz0NoU23y4aPUU=,aVwj8iKyQ5DcECShLKwIqFnBQko=
127,-19,2tJtn8SQ9din2Rz0NoU23y4aPUU=,aVwj8iKyQ5DcECShLKwIqFnBQko=
127,-20,2tJtn8SQ9din2Rz0NoU23y4aPUU=,aVwj8iKyQ5DcECShLKwIqFnBQko=
127,-22,2tJtn8SQ9din2Rz0NoU23y4aPUU=,aVwj8iKyQ5DcECShLKwIqFnBQko=
124,-17,2tJtn8SQ9din2Rz0NoU23y4aPUU=,aVwj8iKyQ5DcECShLKwIqFnBQko=
125,-17,2tJtn8SQ9din2Rz0NoU23y4aPUU=,aVwj8iKyQ5DcECShLKwIqFnBQko=
126,-17,2tJtn8SQ9din2Rz0NoU23y4aPUU=,aVwj8iKyQ5DcECShLKwIqFnBQko=
122,-17,2tJtn8SQ9din2Rz0NoU23y4aPUU=,aVwj8iKyQ5DcECShLKwIqFnBQko=
123,-17,2tJtn8SQ9din2Rz0NoU23y4aPUU=,aVwj8iKyQ5DcECShLKwIqFnBQko=
112,-27,2tJtn8SQ9din2Rz0NoU23y4aPUU=,WF5xJNdg10FRkWmjEJ/wE5HDDlQ=
112,-26,2tJtn8SQ9din2Rz0NoU23y4aPUU=,WF5xJNdg10FRkWmjEJ/wE5HDDlQ=
112,-31,2tJtn8SQ9din2Rz0NoU23y4aPUU=,WF5xJNdg10FRkWmjEJ/wE5HDDlQ=
112,-30,2tJtn8SQ9din2Rz0NoU23y4aPUU=,WF5xJNdg10FRkWmjEJ/wE5HDDlQ=
112,-32,2tJtn8SQ9din2Rz0NoU23y4aPUU=,WF5xJNdg10FRkWmjEJ/wE5HDDlQ=
113,-32,2tJtn8SQ9din2Rz0NoU23y4aPUU=,WF5xJNdg10FRkWmjEJ/wE5HDDlQ=
114,-32,2tJtn8SQ9din2Rz0NoU23y4aPUU=,WF5xJNdg10FRkWmjEJ/wE5HDDlQ=
115,-32,2tJtn8SQ9din2Rz0NoU23y4aPUU=,WF5xJNdg10FRkWmjEJ/wE5HDDlQ=
116,-32,2tJtn8SQ9din2Rz0NoU23y4aPUU=,WF5xJNdg10FRkWmjEJ/wE5HDDlQ=
117,-32,2tJtn8SQ9din2Rz0NoU23y4aPUU=,WF5xJNdg10FRkWmjEJ/wE5HDDlQ=
118,-32,2tJtn8SQ9din2Rz0NoU23y4aPUU=,WF5xJNdg10FRkWmjEJ/wE5HDDlQ=
112,-29,2tJtn8SQ9din2Rz0NoU23y4aPUU=,WF5xJNdg10FRkWmjEJ/wE5HDDlQ=
114,-30,VlnNHCezL9urbyHtIyeB8y3u7y8=,WF5xJNdg10FRkWmjEJ/wE5HDDlQ=
113,-30,VlnNHCezL9urbyHtIyeB8y3u7y8=,WF5xJNdg10FRkWmjEJ/wE5HDDlQ=
113,-29,VlnNHCezL9urbyHtIyeB8y3u7y8=,WF5xJNdg10FRkWmjEJ/wE5HDDlQ=
127,-17,VlnNHCezL9urbyHtIyeB8y3u7y8=,aVwj8iKyQ5DcECShLKwIqFnBQko=
126,-18,VlnNHCezL9urbyHtIyeB8y3u7y8=,aVwj8iKyQ5DcECShLKwIqFnBQko=
124,-18,VlnNHCezL9urbyHtIyeB8y3u7y8=,aVwj8iKyQ5DcECShLKwIqFnBQko=
116,-18,VlnNHCezL9urbyHtIyeB8y3u7y8=,RjF3oFtB/f41moRohRP5ZpqjYI4=
112,-24,VlnNHCezL9urbyHtIyeB8y3u7y8=,RjF3oFtB/f41moRohRP5ZpqjYI4=
113,-24,VlnNHCezL9urbyHtIyeB8y3u7y8=,RjF3oFtB/f41moRohRP5ZpqjYI4=
118,-18,VlnNHCezL9urbyHtIyeB8y3u7y8=,RjF3oFtB/f41moRohRP5ZpqjYI4=
115,-24,VlnNHCezL9urbyHtIyeB8y3u7y8=,RjF3oFtB/f41moRohRP5ZpqjYI4=
119,-18,VlnNHCezL9urbyHtIyeB8y3u7y8=,RjF3oFtB/f41moRohRP5ZpqjYI4=
112,-17,VlnNHCezL9urbyHtIyeB8y3u7y8=,RjF3oFtB/f41moRohRP5ZpqjYI4=
114,-17,VlnNHCezL9urbyHtIyeB8y3u7y8=,RjF3oFtB/f41moRohRP5ZpqjYI4=
115,-17,VlnNHCezL9urbyHtIyeB8y3u7y8=,RjF3oFtB/f41moRohRP5ZpqjYI4=
116,-17,VlnNHCezL9urbyHtIyeB8y3u7y8=,RjF3oFtB/f41moRohRP5ZpqjYI4=
112,-23,VlnNHCezL9urbyHtIyeB8y3u7y8=,RjF3oFtB/f41moRohRP5ZpqjYI4=
113,-23,VlnNHCezL9urbyHtIyeB8y3u7y8=,RjF3oFtB/f41moRohRP5ZpqjYI4=
117,-17,VlnNHCezL9urbyHtIyeB8y3u7y8=,RjF3oFtB/f41moRohRP5ZpqjYI4=
121,-17,VlnNHCezL9urbyHtIyeB8y3u7y8=,aVwj8iKyQ5DcECShLKwIqFnBQko=
115,-18,VlnNHCezL9urbyHtIyeB8y3u7y8=,RjF3oFtB/f41moRohRP5ZpqjYI4=
119,-17,VlnNHCezL9urbyHtIyeB8y3u7y8=,RjF3oFtB/f41moRohRP5ZpqjYI4=
121,-19,VlnNHCezL9urbyHtIyeB8y3u7y8=,aVwj8iKyQ5DcECShLKwIqFnBQko=
123,-18,VlnNHCezL9urbyHtIyeB8y3u7y8=,aVwj8iKyQ5DcECShLKwIqFnBQko=
114,-27,VlnNHCezL9urbyHtIyeB8y3u7y8=,WF5xJNdg10FRkWmjEJ/wE5HDDlQ=
114,-18,VlnNHCezL9urbyHtIyeB8y3u7y8=,RjF3oFtB/f41moRohRP5ZpqjYI4=
112,-28,VlnNHCezL9urbyHtIyeB8y3u7y8=,WF5xJNdg10FRkWmjEJ/wE5HDDlQ=
112,-22,VlnNHCezL9urbyHtIyeB8y3u7y8=,RjF3oFtB/f41moRohRP5ZpqjYI4=
115,-23,VlnNHCezL9urbyHtIyeB8y3u7y8=,RjF3oFtB/f41moRohRP5ZpqjYI4=
118,-17,VlnNHCezL9urbyHtIyeB8y3u7y8=,RjF3oFtB/f41moRohRP5ZpqjYI4=
114,-23,VlnNHCezL9urbyHtIyeB8y3u7y8=,RjF3oFtB/f41moRohRP5ZpqjYI4=
113,-17,VlnNHCezL9urbyHtIyeB8y3u7y8=,RjF3oFtB/f41moRohRP5ZpqjYI4=
114,-24,VlnNHCezL9urbyHtIyeB8y3u7y8=,RjF3oFtB/f41moRohRP5ZpqjYI4=
113,-18,VlnNHCezL9urbyHtIyeB8y3u7y8=,RjF3oFtB/f41moRohRP5ZpqjYI4=
112,-18,VlnNHCezL9urbyHtIyeB8y3u7y8=,RjF3oFtB/f41moRohRP5ZpqjYI4=
117,-18,VlnNHCezL9urbyHtIyeB8y3u7y8=,RjF3oFtB/f41moRohRP5ZpqjYI4=
119,-19,VlnNHCezL9urbyHtIyeB8y3u7y8=,RjF3oFtB/f41moRohRP5ZpqjYI4=
113,-22,VlnNHCezL9urbyHtIyeB8y3u7y8=,RjF3oFtB/f41moRohRP5ZpqjYI4=
118,-19,VlnNHCezL9urbyHtIyeB8y3u7y8=,RjF3oFtB/f41moRohRP5ZpqjYI4=
117,-19,VlnNHCezL9urbyHtIyeB8y3u7y8=,RjF3oFtB/f41moRohRP5ZpqjYI4=
116,-19,VlnNHCezL9urbyHtIyeB8y3u7y8=,RjF3oFtB/f41moRohRP5ZpqjYI4=
117,-25,VlnNHCezL9urbyHtIyeB8y3u7y8=,WF5xJNdg10FRkWmjEJ/wE5HDDlQ=
120,-19,VlnNHCezL9urbyHtIyeB8y3u7y8=,aVwj8iKyQ5DcECShLKwIqFnBQko=
115,-25,VlnNHCezL9urbyHtIyeB8y3u7y8=,WF5xJNdg10FRkWmjEJ/wE5HDDlQ=
115,-19,VlnNHCezL9urbyHtIyeB8y3u7y8=,RjF3oFtB/f41moRohRP5ZpqjYI4=
114,-25,VlnNHCezL9urbyHtIyeB8y3u7y8=,WF5xJNdg10FRkWmjEJ/wE5HDDlQ=
114,-22,VlnNHCezL9urbyHtIyeB8y3u7y8=,RjF3oFtB/f41moRohRP5ZpqjYI4=
113,-25,VlnNHCezL9urbyHtIyeB8y3u7y8=,WF5xJNdg10FRkWmjEJ/wE5HDDlQ=
115,-22,VlnNHCezL9urbyHtIyeB8y3u7y8=,RjF3oFtB/f41moRohRP5ZpqjYI4=
114,-19,VlnNHCezL9urbyHtIyeB8y3u7y8=,RjF3oFtB/f41moRohRP5ZpqjYI4=
112,-25,VlnNHCezL9urbyHtIyeB8y3u7y8=,WF5xJNdg10FRkWmjEJ/wE5HDDlQ=
120,-20,VlnNHCezL9urbyHtIyeB8y3u7y8=,aVwj8iKyQ5DcECShLKwIqFnBQko=
113,-19,VlnNHCezL9urbyHtIyeB8y3u7y8=,RjF3oFtB/f41moRohRP5ZpqjYI4=
119,-20,VlnNHCezL9urbyHtIyeB8y3u7y8=,RjF3oFtB/f41moRohRP5ZpqjYI4=
120,-17,VlnNHCezL9urbyHtIyeB8y3u7y8=,aVwj8iKyQ5DcECShLKwIqFnBQko=
112,-19,VlnNHCezL9urbyHtIyeB8y3u7y8=,RjF3oFtB/f41moRohRP5ZpqjYI4=
118,-20,VlnNHCezL9urbyHtIyeB8y3u7y8=,RjF3oFtB/f41moRohRP5ZpqjYI4=
117,-20,VlnNHCezL9urbyHtIyeB8y3u7y8=,RjF3oFtB/f41moRohRP5ZpqjYI4=
116,-20,VlnNHCezL9urbyHtIyeB8y3u7y8=,RjF3oFtB/f41moRohRP5ZpqjYI4=
112,-21,VlnNHCezL9urbyHtIyeB8y3u7y8=,RjF3oFtB/f41moRohRP5ZpqjYI4=
115,-20,VlnNHCezL9urbyHtIyeB8y3u7y8=,RjF3oFtB/f41moRohRP5ZpqjYI4=
114,-20,VlnNHCezL9urbyHtIyeB8y3u7y8=,RjF3oFtB/f41moRohRP5ZpqjYI4=
119,-21,VlnNHCezL9urbyHtIyeB8y3u7y8=,RjF3oFtB/f41moRohRP5ZpqjYI4=
118,-21,VlnNHCezL9urbyHtIyeB8y3u7y8=,RjF3oFtB/f41moRohRP5ZpqjYI4=
120,-18,VlnNHCezL9urbyHtIyeB8y3u7y8=,aVwj8iKyQ5DcECShLKwIqFnBQko=
113,-21,VlnNHCezL9urbyHtIyeB8y3u7y8=,RjF3oFtB/f41moRohRP5ZpqjYI4=
113,-20,VlnNHCezL9urbyHtIyeB8y3u7y8=,RjF3oFtB/f41moRohRP5ZpqjYI4=
114,-21,VlnNHCezL9urbyHtIyeB8y3u7y8=,RjF3oFtB/f41moRohRP5ZpqjYI4=
112,-20,VlnNHCezL9urbyHtIyeB8y3u7y8=,RjF3oFtB/f41moRohRP5ZpqjYI4=
115,-21,VlnNHCezL9urbyHtIyeB8y3u7y8=,RjF3oFtB/f41moRohRP5ZpqjYI4=
127,-24,VlnNHCezL9urbyHtIyeB8y3u7y8=,aVwj8iKyQ5DcECShLKwIqFnBQko=
125,-25,VlnNHCezL9urbyHtIyeB8y3u7y8=,FkMhqSYRT6F62AqcuQL5XEC1RiQ=
124,-25,VlnNHCezL9urbyHtIyeB8y3u7y8=,FkMhqSYRT6F62AqcuQL5XEC1RiQ=
127,-28,VlnNHCezL9urbyHtIyeB8y3u7y8=,FkMhqSYRT6F62AqcuQL5XEC1RiQ=
119,-28,VlnNHCezL9urbyHtIyeB8y3u7y8=,WF5xJNdg10FRkWmjEJ/wE5HDDlQ=
119,-27,VlnNHCezL9urbyHtIyeB8y3u7y8=,WF5xJNdg10FRkWmjEJ/wE5HDDlQ=
119,-29,VlnNHCezL9urbyHtIyeB8y3u7y8=,WF5xJNdg10FRkWmjEJ/wE5HDDlQ=
120,-30,VlnNHCezL9urbyHtIyeB8y3u7y8=,FkMhqSYRT6F62AqcuQL5XEC1RiQ=
127,-29,VlnNHCezL9urbyHtIyeB8y3u7y8=,FkMhqSYRT6F62AqcuQL5XEC1RiQ=
124,-24,VlnNHCezL9urbyHtIyeB8y3u7y8=,aVwj8iKyQ5DcECShLKwIqFnBQko=
121,-23,VlnNHCezL9urbyHtIyeB8y3u7y8=,aVwj8iKyQ5DcECShLKwIqFnBQko=
117,-27,VlnNHCezL9urbyHtIyeB8y3u7y8=,WF5xJNdg10FRkWmjEJ/wE5HDDlQ=
117,-31,VlnNHCezL9urbyHtIyeB8y3u7y8=,WF5xJNdg10FRkWmjEJ/wE5HDDlQ=
116,-28,VlnNHCezL9urbyHtIyeB8y3u7y8=,WF5xJNdg10FRkWmjEJ/wE5HDDlQ=
118,-29,VlnNHCezL9urbyHtIyeB8y3u7y8=,WF5xJNdg10FRkWmjEJ/wE5HDDlQ=
121,-22,VlnNHCezL9urbyHtIyeB8y3u7y8=,aVwj8iKyQ5DcECShLKwIqFnBQko=
121,-21,VlnNHCezL9urbyHtIyeB8y3u7y8=,aVwj8iKyQ5DcECShLKwIqFnBQko=
123,-21,VlnNHCezL9urbyHtIyeB8y3u7y8=,aVwj8iKyQ5DcECShLKwIqFnBQko=
117,-30,VlnNHCezL9urbyHtIyeB8y3u7y8=,WF5xJNdg10FRkWmjEJ/wE5HDDlQ=
122,-22,VlnNHCezL9urbyHtIyeB8y3u7y8=,aVwj8iKyQ5DcECShLKwIqFnBQko=
127,-21,VlnNHCezL9urbyHtIyeB8y3u7y8=,aVwj8iKyQ5DcECShLKwIqFnBQko=
120,-21,VlnNHCezL9urbyHtIyeB8y3u7y8=,aVwj8iKyQ5DcECShLKwIqFnBQko=
120,-23,VlnNHCezL9urbyHtIyeB8y3u7y8=,aVwj8iKyQ5DcECShLKwIqFnBQko=
120,-22,VlnNHCezL9urbyHtIyeB8y3u7y8=,aVwj8iKyQ5DcECShLKwIqFnBQko=
116,-24,VlnNHCezL9urbyHtIyeB8y3u7y8=,RjF3oFtB/f41moRohRP5ZpqjYI4=
117,-24,VlnNHCezL9urbyHtIyeB8y3u7y8=,RjF3oFtB/f41moRohRP5ZpqjYI4=
117,-23,VlnNHCezL9urbyHtIyeB8y3u7y8=,RjF3oFtB/f41moRohRP5ZpqjYI4=
116,-25,VlnNHCezL9urbyHtIyeB8y3u7y8=,WF5xJNdg10FRkWmjEJ/wE5HDDlQ=
119,-23,VlnNHCezL9urbyHtIyeB8y3u7y8=,RjF3oFtB/f41moRohRP5ZpqjYI4=
118,-23,VlnNHCezL9urbyHtIyeB8y3u7y8=,RjF3oFtB/f41moRohRP5ZpqjYI4=
116,-23,VlnNHCezL9urbyHtIyeB8y3u7y8=,RjF3oFtB/f41moRohRP5ZpqjYI4=
118,-24,VlnNHCezL9urbyHtIyeB8y3u7y8=,RjF3oFtB/f41moRohRP5ZpqjYI4=
118,-22,VlnNHCezL9urbyHtIyeB8y3u7y8=,RjF3oFtB/f41moRohRP5ZpqjYI4=
117,-21,VlnNHCezL9urbyHtIyeB8y3u7y8=,RjF3oFtB/f41moRohRP5ZpqjYI4=
119,-22,VlnNHCezL9urbyHtIyeB8y3u7y8=,RjF3oFtB/f41moRohRP5ZpqjYI4=
127,-30,VlnNHCezL9urbyHtIyeB8y3u7y8=,FkMhqSYRT6F62AqcuQL5XEC1RiQ=
126,-30,VlnNHCezL9urbyHtIyeB8y3u7y8=,FkMhqSYRT6F62AqcuQL5XEC1RiQ=
116,-21,VlnNHCezL9urbyHtIyeB8y3u7y8=,RjF3oFtB/f41moRohRP5ZpqjYI4=
118,-25,VlnNHCezL9urbyHtIyeB8y3u7y8=,WF5xJNdg10FRkWmjEJ/wE5HDDlQ=
119,-31,VlnNHCezL9urbyHtIyeB8y3u7y8=,WF5xJNdg10FRkWmjEJ/wE5HDDlQ=
120,-29,VlnNHCezL9urbyHtIyeB8y3u7y8=,FkMhqSYRT6F62AqcuQL5XEC1RiQ=
119,-30,VlnNHCezL9urbyHtIyeB8y3u7y8=,WF5xJNdg10FRkWmjEJ/wE5HDDlQ=
124,-30,VlnNHCezL9urbyHtIyeB8y3u7y8=,FkMhqSYRT6F62AqcuQL5XEC1RiQ=
117,-22,VlnNHCezL9urbyHtIyeB8y3u7y8=,RjF3oFtB/f41moRohRP5ZpqjYI4=
116,-22,VlnNHCezL9urbyHtIyeB8y3u7y8=,RjF3oFtB/f41moRohRP5ZpqjYI4=
119,-32,VlnNHCezL9urbyHtIyeB8y3u7y8=,WF5xJNdg10FRkWmjEJ/wE5HDDlQ=
125,-30,VlnNHCezL9urbyHtIyeB8y3u7y8=,FkMhqSYRT6F62AqcuQL5XEC1RiQ=
123,-30,VlnNHCezL9urbyHtIyeB8y3u7y8=,FkMhqSYRT6F62AqcuQL5XEC1RiQ=
121,-24,VlnNHCezL9urbyHtIyeB8y3u7y8=,aVwj8iKyQ5DcECShLKwIqFnBQko=
120,-24,VlnNHCezL9urbyHtIyeB8y3u7y8=,aVwj8iKyQ5DcECShLKwIqFnBQko=
127,-27,VlnNHCezL9urbyHtIyeB8y3u7y8=,FkMhqSYRT6F62AqcuQL5XEC1RiQ=
120,-32,VlnNHCezL9urbyHtIyeB8y3u7y8=,FkMhqSYRT6F62AqcuQL5XEC1RiQ=
120,-26,VlnNHCezL9urbyHtIyeB8y3u7y8=,FkMhqSYRT6F62AqcuQL5XEC1RiQ=
123,-32,VlnNHCezL9urbyHtIyeB8y3u7y8=,FkMhqSYRT6F62AqcuQL5XEC1RiQ=
121,-26,VlnNHCezL9urbyHtIyeB8y3u7y8=,FkMhqSYRT6F62AqcuQL5XEC1RiQ=
126,-25,VlnNHCezL9urbyHtIyeB8y3u7y8=,FkMhqSYRT6F62AqcuQL5XEC1RiQ=
124,-32,VlnNHCezL9urbyHtIyeB8y3u7y8=,FkMhqSYRT6F62AqcuQL5XEC1RiQ=
122,-24,VlnNHCezL9urbyHtIyeB8y3u7y8=,aVwj8iKyQ5DcECShLKwIqFnBQko=
121,-32,VlnNHCezL9urbyHtIyeB8y3u7y8=,FkMhqSYRT6F62AqcuQL5XEC1RiQ=
119,-26,VlnNHCezL9urbyHtIyeB8y3u7y8=,WF5xJNdg10FRkWmjEJ/wE5HDDlQ=
122,-30,VlnNHCezL9urbyHtIyeB8y3u7y8=,FkMhqSYRT6F62AqcuQL5XEC1RiQ=
126,-24,VlnNHCezL9urbyHtIyeB8y3u7y8=,aVwj8iKyQ5DcECShLKwIqFnBQko=
124,-27,VlnNHCezL9urbyHtIyeB8y3u7y8=,FkMhqSYRT6F62AqcuQL5XEC1RiQ=
127,-25,VlnNHCezL9urbyHtIyeB8y3u7y8=,FkMhqSYRT6F62AqcuQL5XEC1RiQ=
126,-27,VlnNHCezL9urbyHtIyeB8y3u7y8=,FkMhqSYRT6F62AqcuQL5XEC1RiQ=
120,-31,VlnNHCezL9urbyHtIyeB8y3u7y8=,FkMhqSYRT6F62AqcuQL5XEC1RiQ=
125,-24,VlnNHCezL9urbyHtIyeB8y3u7y8=,aVwj8iKyQ5DcECShLKwIqFnBQko=
125,-27,VlnNHCezL9urbyHtIyeB8y3u7y8=,FkMhqSYRT6F62AqcuQL5XEC1RiQ=
123,-27,VlnNHCezL9urbyHtIyeB8y3u7y8=,FkMhqSYRT6F62AqcuQL5XEC1RiQ=
119,-25,VlnNHCezL9urbyHtIyeB8y3u7y8=,WF5xJNdg10FRkWmjEJ/wE5HDDlQ=
123,-26,VlnNHCezL9urbyHtIyeB8y3u7y8=,FkMhqSYRT6F62AqcuQL5XEC1RiQ=
121,-27,VlnNHCezL9urbyHtIyeB8y3u7y8=,FkMhqSYRT6F62AqcuQL5XEC1RiQ=
127,-32,VlnNHCezL9urbyHtIyeB8y3u7y8=,FkMhqSYRT6F62AqcuQL5XEC1RiQ=
122,-26,VlnNHCezL9urbyHtIyeB8y3u7y8=,FkMhqSYRT6F62AqcuQL5XEC1RiQ=
120,-27,VlnNHCezL9urbyHtIyeB8y3u7y8=,FkMhqSYRT6F62AqcuQL5XEC1RiQ=
122,-32,VlnNHCezL9urbyHtIyeB8y3u7y8=,FkMhqSYRT6F62AqcuQL5XEC1RiQ=
126,-28,VlnNHCezL9urbyHtIyeB8y3u7y8=,FkMhqSYRT6F62AqcuQL5XEC1RiQ=
121,-29,VlnNHCezL9urbyHtIyeB8y3u7y8=,FkMhqSYRT6F62AqcuQL5XEC1RiQ=
123,-31,VlnNHCezL9urbyHtIyeB8y3u7y8=,FkMhqSYRT6F62AqcuQL5XEC1RiQ=
126,-32,VlnNHCezL9urbyHtIyeB8y3u7y8=,FkMhqSYRT6F62AqcuQL5XEC1RiQ=
125,-32,VlnNHCezL9urbyHtIyeB8y3u7y8=,FkMhqSYRT6F62AqcuQL5XEC1RiQ=
123,-25,VlnNHCezL9urbyHtIyeB8y3u7y8=,FkMhqSYRT6F62AqcuQL5XEC1RiQ=
122,-27,VlnNHCezL9urbyHtIyeB8y3u7y8=,FkMhqSYRT6F62AqcuQL5XEC1RiQ=
119,-24,VlnNHCezL9urbyHtIyeB8y3u7y8=,RjF3oFtB/f41moRohRP5ZpqjYI4=
125,-31,VlnNHCezL9urbyHtIyeB8y3u7y8=,FkMhqSYRT6F62AqcuQL5XEC1RiQ=
121,-31,VlnNHCezL9urbyHtIyeB8y3u7y8=,FkMhqSYRT6F62AqcuQL5XEC1RiQ=
122,-31,VlnNHCezL9urbyHtIyeB8y3u7y8=,FkMhqSYRT6F62AqcuQL5XEC1RiQ=
120,-28,VlnNHCezL9urbyHtIyeB8y3u7y8=,FkMhqSYRT6F62AqcuQL5XEC1RiQ=
124,-26,VlnNHCezL9urbyHtIyeB8y3u7y8=,FkMhqSYRT6F62AqcuQL5XEC1RiQ=
124,-31,VlnNHCezL9urbyHtIyeB8y3u7y8=,FkMhqSYRT6F62AqcuQL5XEC1RiQ=
125,-28,VlnNHCezL9urbyHtIyeB8y3u7y8=,FkMhqSYRT6F62AqcuQL5XEC1RiQ=
122,-29,VlnNHCezL9urbyHtIyeB8y3u7y8=,FkMhqSYRT6F62AqcuQL5XEC1RiQ=
124,-28,VlnNHCezL9urbyHtIyeB8y3u7y8=,FkMhqSYRT6F62AqcuQL5XEC1RiQ=
123,-24,VlnNHCezL9urbyHtIyeB8y3u7y8=,aVwj8iKyQ5DcECShLKwIqFnBQko=
127,-31,VlnNHCezL9urbyHtIyeB8y3u7y8=,FkMhqSYRT6F62AqcuQL5XEC1RiQ=
127,-26,VlnNHCezL9urbyHtIyeB8y3u7y8=,FkMhqSYRT6F62AqcuQL5XEC1RiQ=
126,-31,VlnNHCezL9urbyHtIyeB8y3u7y8=,FkMhqSYRT6F62AqcuQL5XEC1RiQ=
121,-30,VlnNHCezL9urbyHtIyeB8y3u7y8=,FkMhqSYRT6F62AqcuQL5XEC1RiQ=
123,-28,VlnNHCezL9urbyHtIyeB8y3u7y8=,FkMhqSYRT6F62AqcuQL5XEC1RiQ=
126,-29,VlnNHCezL9urbyHtIyeB8y3u7y8=,FkMhqSYRT6F62AqcuQL5XEC1RiQ=
126,-26,VlnNHCezL9urbyHtIyeB8y3u7y8=,FkMhqSYRT6F62AqcuQL5XEC1RiQ=
121,-25,VlnNHCezL9urbyHtIyeB8y3u7y8=,FkMhqSYRT6F62AqcuQL5XEC1RiQ=
120,-25,VlnNHCezL9urbyHtIyeB8y3u7y8=,FkMhqSYRT6F62AqcuQL5XEC1RiQ=
123,-29,VlnNHCezL9urbyHtIyeB8y3u7y8=,FkMhqSYRT6F62AqcuQL5XEC1RiQ=
122,-28,VlnNHCezL9urbyHtIyeB8y3u7y8=,FkMhqSYRT6F62AqcuQL5XEC1RiQ=
122,-25,VlnNHCezL9urbyHtIyeB8y3u7y8=,FkMhqSYRT6F62AqcuQL5XEC1RiQ=
124,-29,VlnNHCezL9urbyHtIyeB8y3u7y8=,FkMhqSYRT6F62AqcuQL5XEC1RiQ=
121,-28,VlnNHCezL9urbyHtIyeB8y3u7y8=,FkMhqSYRT6F62AqcuQL5XEC1RiQ=
125,-29,VlnNHCezL9urbyHtIyeB8y3u7y8=,FkMhqSYRT6F62AqcuQL5XEC1RiQ=
125,-26,VlnNHCezL9urbyHtIyeB8y3u7y8=,FkMhqSYRT6F62AqcuQL5XEC1RiQ=
104,-31,Qg///2or1aTdhN9Ci/8OwlY3Vv4=,/wp0XTJsVjt0XnHBHcnoVLC9B7w=
105,-31,Qg///2or1aTdhN9Ci/8OwlY3Vv4=,/wp0XTJsVjt0XnHBHcnoVLC9B7w=
106,-31,Qg///2or1aTdhN9Ci/8OwlY3Vv4=,/wp0XTJsVjt0XnHBHcnoVLC9B7w=
107,-31,Qg///2or1aTdhN9Ci/8OwlY3Vv4=,/wp0XTJsVjt0XnHBHcnoVLC9B7w=
108,-31,Qg///2or1aTdhN9Ci/8OwlY3Vv4=,/wp0XTJsVjt0XnHBHcnoVLC9B7w=
109,-31,Qg///2or1aTdhN9Ci/8OwlY3Vv4=,/wp0XTJsVjt0XnHBHcnoVLC9B7w=
110,-26,Qg///2or1aTdhN9Ci/8OwlY3Vv4=,/wp0XTJsVjt0XnHBHcnoVLC9B7w=
109,-26,Qg///2or1aTdhN9Ci/8OwlY3Vv4=,/wp0XTJsVjt0XnHBHcnoVLC9B7w=
108,-26,Qg///2or1aTdhN9Ci/8OwlY3Vv4=,/wp0XTJsVjt0XnHBHcnoVLC9B7w=
107,-26,Qg///2or1aTdhN9Ci/8OwlY3Vv4=,/wp0XTJsVjt0XnHBHcnoVLC9B7w=
104,-26,Qg///2or1aTdhN9Ci/8OwlY3Vv4=,/wp0XTJsVjt0XnHBHcnoVLC9B7w=
110,-27,Qg///2or1aTdhN9Ci/8OwlY3Vv4=,/wp0XTJsVjt0XnHBHcnoVLC9B7w=
109,-27,Qg///2or1aTdhN9Ci/8OwlY3Vv4=,/wp0XTJsVjt0XnHBHcnoVLC9B7w=
107,-27,Qg///2or1aTdhN9Ci/8OwlY3Vv4=,/wp0XTJsVjt0XnHBHcnoVLC9B7w=
106,-27,Qg///2or1aTdhN9Ci/8OwlY3Vv4=,/wp0XTJsVjt0XnHBHcnoVLC9B7w=
105,-27,Qg///2or1aTdhN9Ci/8OwlY3Vv4=,/wp0XTJsVjt0XnHBHcnoVLC9B7w=
104,-27,Qg///2or1aTdhN9Ci/8OwlY3Vv4=,/wp0XTJsVjt0XnHBHcnoVLC9B7w=
109,-28,Qg///2or1aTdhN9Ci/8OwlY3Vv4=,/wp0XTJsVjt0XnHBHcnoVLC9B7w=
108,-28,Qg///2or1aTdhN9Ci/8OwlY3Vv4=,/wp0XTJsVjt0XnHBHcnoVLC9B7w=
107,-28,Qg///2or1aTdhN9Ci/8OwlY3Vv4=,/wp0XTJsVjt0XnHBHcnoVLC9B7w=
106,-28,Qg///2or1aTdhN9Ci/8OwlY3Vv4=,/wp0XTJsVjt0XnHBHcnoVLC9B7w=
105,-28,Qg///2or1aTdhN9Ci/8OwlY3Vv4=,/wp0XTJsVjt0XnHBHcnoVLC9B7w=
110,-31,Qg///2or1aTdhN9Ci/8OwlY3Vv4=,/wp0XTJsVjt0XnHBHcnoVLC9B7w=
104,-30,Qg///2or1aTdhN9Ci/8OwlY3Vv4=,/wp0XTJsVjt0XnHBHcnoVLC9B7w=
105,-30,Qg///2or1aTdhN9Ci/8OwlY3Vv4=,/wp0XTJsVjt0XnHBHcnoVLC9B7w=
104,-28,Qg///2or1aTdhN9Ci/8OwlY3Vv4=,/wp0XTJsVjt0XnHBHcnoVLC9B7w=
106,-30,Qg///2or1aTdhN9Ci/8OwlY3Vv4=,/wp0XTJsVjt0XnHBHcnoVLC9B7w=
107,-30,Qg///2or1aTdhN9Ci/8OwlY3Vv4=,/wp0XTJsVjt0XnHBHcnoVLC9B7w=
108,-30,Qg///2or1aTdhN9Ci/8OwlY3Vv4=,/wp0XTJsVjt0XnHBHcnoVLC9B7w=
109,-29,Qg///2or1aTdhN9Ci/8OwlY3Vv4=,/wp0XTJsVjt0XnHBHcnoVLC9B7w=
108,-29,Qg///2or1aTdhN9Ci/8OwlY3Vv4=,/wp0XTJsVjt0XnHBHcnoVLC9B7w=
107,-29,Qg///2or1aTdhN9Ci/8OwlY3Vv4=,/wp0XTJsVjt0XnHBHcnoVLC9B7w=
106,-29,Qg///2or1aTdhN9Ci/8OwlY3Vv4=,/wp0XTJsVjt0XnHBHcnoVLC9B7w=
105,-29,Qg///2or1aTdhN9Ci/8OwlY3Vv4=,/wp0XTJsVjt0XnHBHcnoVLC9B7w=
104,-29,Qg///2or1aTdhN9Ci/8OwlY3Vv4=,/wp0XTJsVjt0XnHBHcnoVLC9B7w=
110,-30,Qg///2or1aTdhN9Ci/8OwlY3Vv4=,/wp0XTJsVjt0XnHBHcnoVLC9B7w=
109,-30,Qg///2or1aTdhN9Ci/8OwlY3Vv4=,/wp0XTJsVjt0XnHBHcnoVLC9B7w=
100,-23,Qg///2or1aTdhN9Ci/8OwlY3Vv4=,u4fBdyPp9XnO1AHWJtiU8UFnuyg=
101,-23,Qg///2or1aTdhN9Ci/8OwlY3Vv4=,u4fBdyPp9XnO1AHWJtiU8UFnuyg=
102,-23,Qg///2or1aTdhN9Ci/8OwlY3Vv4=,u4fBdyPp9XnO1AHWJtiU8UFnuyg=
97,-22,Qg///2or1aTdhN9Ci/8OwlY3Vv4=,u4fBdyPp9XnO1AHWJtiU8UFnuyg=
98,-22,Qg///2or1aTdhN9Ci/8OwlY3Vv4=,u4fBdyPp9XnO1AHWJtiU8UFnuyg=
99,-22,Qg///2or1aTdhN9Ci/8OwlY3Vv4=,u4fBdyPp9XnO1AHWJtiU8UFnuyg=
100,-22,Qg///2or1aTdhN9Ci/8OwlY3Vv4=,u4fBdyPp9XnO1AHWJtiU8UFnuyg=
101,-22,Qg///2or1aTdhN9Ci/8OwlY3Vv4=,u4fBdyPp9XnO1AHWJtiU8UFnuyg=
102,-22,Qg///2or1aTdhN9Ci/8OwlY3Vv4=,u4fBdyPp9XnO1AHWJtiU8UFnuyg=
97,-21,Qg///2or1aTdhN9Ci/8OwlY3Vv4=,u4fBdyPp9XnO1AHWJtiU8UFnuyg=
98,-21,Qg///2or1aTdhN9Ci/8OwlY3Vv4=,u4fBdyPp9XnO1AHWJtiU8UFnuyg=
100,-21,Qg///2or1aTdhN9Ci/8OwlY3Vv4=,u4fBdyPp9XnO1AHWJtiU8UFnuyg=
97,-20,Qg///2or1aTdhN9Ci/8OwlY3Vv4=,u4fBdyPp9XnO1AHWJtiU8UFnuyg=
98,-20,Qg///2or1aTdhN9Ci/8OwlY3Vv4=,u4fBdyPp9XnO1AHWJtiU8UFnuyg=
101,-20,Qg///2or1aTdhN9Ci/8OwlY3Vv4=,u4fBdyPp9XnO1AHWJtiU8UFnuyg=
99,-23,Qg///2or1aTdhN9Ci/8OwlY3Vv4=,u4fBdyPp9XnO1AHWJtiU8UFnuyg=
98,-23,Qg///2or1aTdhN9Ci/8OwlY3Vv4=,u4fBdyPp9XnO1AHWJtiU8UFnuyg=
97,-23,Qg///2or1aTdhN9Ci/8OwlY3Vv4=,u4fBdyPp9XnO1AHWJtiU8UFnuyg=
102,-24,Qg///2or1aTdhN9Ci/8OwlY3Vv4=,u4fBdyPp9XnO1AHWJtiU8UFnuyg=
101,-24,Qg///2or1aTdhN9Ci/8OwlY3Vv4=,u4fBdyPp9XnO1AHWJtiU8UFnuyg=
100,-24,Qg///2or1aTdhN9Ci/8OwlY3Vv4=,u4fBdyPp9XnO1AHWJtiU8UFnuyg=
99,-24,Qg///2or1aTdhN9Ci/8OwlY3Vv4=,u4fBdyPp9XnO1AHWJtiU8UFnuyg=
98,-24,Qg///2or1aTdhN9Ci/8OwlY3Vv4=,u4fBdyPp9XnO1AHWJtiU8UFnuyg=
97,-19,Qg///2or1aTdhN9Ci/8OwlY3Vv4=,u4fBdyPp9XnO1AHWJtiU8UFnuyg=
99,-19,Qg///2or1aTdhN9Ci/8OwlY3Vv4=,u4fBdyPp9XnO1AHWJtiU8UFnuyg=
100,-19,Qg///2or1aTdhN9Ci/8OwlY3Vv4=,u4fBdyPp9XnO1AHWJtiU8UFnuyg=
98,-18,Qg///2or1aTdhN9Ci/8OwlY3Vv4=,u4fBdyPp9XnO1AHWJtiU8UFnuyg=
97,-24,Qg///2or1aTdhN9Ci/8OwlY3Vv4=,u4fBdyPp9XnO1AHWJtiU8UFnuyg=
97,-17,Qg///2or1aTdhN9Ci/8OwlY3Vv4=,u4fBdyPp9XnO1AHWJtiU8UFnuyg=
102,-17,Qg///2or1aTdhN9Ci/8OwlY3Vv4=,u4fBdyPp9XnO1AHWJtiU8UFnuyg=
101,-17,Qg///2or1aTdhN9Ci/8OwlY3Vv4=,u4fBdyPp9XnO1AHWJtiU8UFnuyg=
100,-17,Qg///2or1aTdhN9Ci/8OwlY3Vv4=,u4fBdyPp9XnO1AHWJtiU8UFnuyg=
98,-17,Qg///2or1aTdhN9Ci/8OwlY3Vv4=,u4fBdyPp9XnO1AHWJtiU8UFnuyg=
111,-31,Qg///2or1aTdhN9Ci/8OwlY3Vv4=,/wp0XTJsVjt0XnHBHcnoVLC9B7w=
111,-30,Qg///2or1aTdhN9Ci/8OwlY3Vv4=,/wp0XTJsVjt0XnHBHcnoVLC9B7w=
111,-29,Qg///2or1aTdhN9Ci/8OwlY3Vv4=,/wp0XTJsVjt0XnHBHcnoVLC9B7w=
111,-26,Qg///2or1aTdhN9Ci/8OwlY3Vv4=,/wp0XTJsVjt0XnHBHcnoVLC9B7w=
111,-28,Qg///2or1aTdhN9Ci/8OwlY3Vv4=,/wp0XTJsVjt0XnHBHcnoVLC9B7w=
105,-32,Qg///2or1aTdhN9Ci/8OwlY3Vv4=,/wp0XTJsVjt0XnHBHcnoVLC9B7w=
96,-22,Qg///2or1aTdhN9Ci/8OwlY3Vv4=,u4fBdyPp9XnO1AHWJtiU8UFnuyg=
96,-21,Qg///2or1aTdhN9Ci/8OwlY3Vv4=,u4fBdyPp9XnO1AHWJtiU8UFnuyg=
96,-20,Qg///2or1aTdhN9Ci/8OwlY3Vv4=,u4fBdyPp9XnO1AHWJtiU8UFnuyg=
96,-19,Qg///2or1aTdhN9Ci/8OwlY3Vv4=,u4fBdyPp9XnO1AHWJtiU8UFnuyg=
96,-23,Qg///2or1aTdhN9Ci/8OwlY3Vv4=,u4fBdyPp9XnO1AHWJtiU8UFnuyg=
99,-21,Qg///2or1aTdhN9Ci/8OwlY3Vv4=,u4fBdyPp9XnO1AHWJtiU8UFnuyg=
96,-24,Qg///2or1aTdhN9Ci/8OwlY3Vv4=,u4fBdyPp9XnO1AHWJtiU8UFnuyg=
96,-18,Qg///2or1aTdhN9Ci/8OwlY3Vv4=,u4fBdyPp9XnO1AHWJtiU8UFnuyg=
99,-17,Qg///2or1aTdhN9Ci/8OwlY3Vv4=,u4fBdyPp9XnO1AHWJtiU8UFnuyg=
110,-32,Qg///2or1aTdhN9Ci/8OwlY3Vv4=,/wp0XTJsVjt0XnHBHcnoVLC9B7w=
109,-32,Qg///2or1aTdhN9Ci/8OwlY3Vv4=,/wp0XTJsVjt0XnHBHcnoVLC9B7w=
110,-29,Qg///2or1aTdhN9Ci/8OwlY3Vv4=,/wp0XTJsVjt0XnHBHcnoVLC9B7w=
111,-32,Qg///2or1aTdhN9Ci/8OwlY3Vv4=,/wp0XTJsVjt0XnHBHcnoVLC9B7w=
104,-32,Qg///2or1aTdhN9Ci/8OwlY3Vv4=,/wp0XTJsVjt0XnHBHcnoVLC9B7w=
108,-32,Qg///2or1aTdhN9Ci/8OwlY3Vv4=,/wp0XTJsVjt0XnHBHcnoVLC9B7w=
107,-32,Qg///2or1aTdhN9Ci/8OwlY3Vv4=,/wp0XTJsVjt0XnHBHcnoVLC9B7w=
99,-18,Qg///2or1aTdhN9Ci/8OwlY3Vv4=,u4fBdyPp9XnO1AHWJtiU8UFnuyg=
97,-18,Qg///2or1aTdhN9Ci/8OwlY3Vv4=,u4fBdyPp9XnO1AHWJtiU8UFnuyg=
106,-32,Qg///2or1aTdhN9Ci/8OwlY3Vv4=,/wp0XTJsVjt0XnHBHcnoVLC9B7w=
96,-17,Qg///2or1aTdhN9Ci/8OwlY3Vv4=,u4fBdyPp9XnO1AHWJtiU8UFnuyg=
99,-20,Qg///2or1aTdhN9Ci/8OwlY3Vv4=,u4fBdyPp9XnO1AHWJtiU8UFnuyg=
98,-19,Qg///2or1aTdhN9Ci/8OwlY3Vv4=,u4fBdyPp9XnO1AHWJtiU8UFnuyg=
107,-21,fq5jFWqVHST4Cwso//XbHj1saiM=,Yh1EunB9SeTIM9RrTNknG0+MVh4=
110,-23,fq5jFWqVHST4Cwso//XbHj1saiM=,Yh1EunB9SeTIM9RrTNknG0+MVh4=
111,-17,fq5jFWqVHST4Cwso//XbHj1saiM=,Yh1EunB9SeTIM9RrTNknG0+MVh4=
110,-17,fq5jFWqVHST4Cwso//XbHj1saiM=,Yh1EunB9SeTIM9RrTNknG0+MVh4=
103,-24,fq5jFWqVHST4Cwso//XbHj1saiM=,u4fBdyPp9XnO1AHWJtiU8UFnuyg=
108,-23,fq5jFWqVHST4Cwso//XbHj1saiM=,Yh1EunB9SeTIM9RrTNknG0+MVh4=
111,-22,fq5jFWqVHST4Cwso//XbHj1saiM=,Yh1EunB9SeTIM9RrTNknG0+MVh4=
111,-25,fq5jFWqVHST4Cwso//XbHj1saiM=,/wp0XTJsVjt0XnHBHcnoVLC9B7w=
106,-23,fq5jFWqVHST4Cwso//XbHj1saiM=,Yh1EunB9SeTIM9RrTNknG0+MVh4=
110,-22,fq5jFWqVHST4Cwso//XbHj1saiM=,Yh1EunB9SeTIM9RrTNknG0+MVh4=
105,-23,fq5jFWqVHST4Cwso//XbHj1saiM=,Yh1EunB9SeTIM9RrTNknG0+MVh4=
109,-25,fq5jFWqVHST4Cwso//XbHj1saiM=,/wp0XTJsVjt0XnHBHcnoVLC9B7w=
110,-25,fq5jFWqVHST4Cwso//XbHj1saiM=,/wp0XTJsVjt0XnHBHcnoVLC9B7w=
108,-25,fq5jFWqVHST4Cwso//XbHj1saiM=,/wp0XTJsVjt0XnHBHcnoVLC9B7w=
104,-23,fq5jFWqVHST4Cwso//XbHj1saiM=,Yh1EunB9SeTIM9RrTNknG0+MVh4=
110,-24,fq5jFWqVHST4Cwso//XbHj1saiM=,Yh1EunB9SeTIM9RrTNknG0+MVh4=
109,-22,fq5jFWqVHST4Cwso//XbHj1saiM=,Yh1EunB9SeTIM9RrTNknG0+MVh4=
107,-24,fq5jFWqVHST4Cwso//XbHj1saiM=,Yh1EunB9SeTIM9RrTNknG0+MVh4=
105,-25,fq5jFWqVHST4Cwso//XbHj1saiM=,/wp0XTJsVjt0XnHBHcnoVLC9B7w=
104,-25,fq5jFWqVHST4Cwso//XbHj1saiM=,/wp0XTJsVjt0XnHBHcnoVLC9B7w=
108,-22,fq5jFWqVHST4Cwso//XbHj1saiM=,Yh1EunB9SeTIM9RrTNknG0+MVh4=
106,-21,fq5jFWqVHST4Cwso//XbHj1saiM=,Yh1EunB9SeTIM9RrTNknG0+MVh4=
106,-20,fq5jFWqVHST4Cwso//XbHj1saiM=,Yh1EunB9SeTIM9RrTNknG0+MVh4=
104,-21,fq5jFWqVHST4Cwso//XbHj1saiM=,Yh1EunB9SeTIM9RrTNknG0+MVh4=
107,-22,fq5jFWqVHST4Cwso//XbHj1saiM=,Yh1EunB9SeTIM9RrTNknG0+MVh4=
106,-18,fq5jFWqVHST4Cwso//XbHj1saiM=,Yh1EunB9SeTIM9RrTNknG0+MVh4=
105,-24,fq5jFWqVHST4Cwso//XbHj1saiM=,Yh1EunB9SeTIM9RrTNknG0+MVh4=
104,-22,fq5jFWqVHST4Cwso//XbHj1saiM=,Yh1EunB9SeTIM9RrTNknG0+MVh4=
109,-21,fq5jFWqVHST4Cwso//XbHj1saiM=,Yh1EunB9SeTIM9RrTNknG0+MVh4=
104,-24,fq5jFWqVHST4Cwso//XbHj1saiM=,Yh1EunB9SeTIM9RrTNknG0+MVh4=
105,-20,fq5jFWqVHST4Cwso//XbHj1saiM=,Yh1EunB9SeTIM9RrTNknG0+MVh4=
103,-19,fq5jFWqVHST4Cwso//XbHj1saiM=,u4fBdyPp9XnO1AHWJtiU8UFnuyg=
103,-17,fq5jFWqVHST4Cwso//XbHj1saiM=,u4fBdyPp9XnO1AHWJtiU8UFnuyg=
107,-19,fq5jFWqVHST4Cwso//XbHj1saiM=,Yh1EunB9SeTIM9RrTNknG0+MVh4=
104,-17,fq5jFWqVHST4Cwso//XbHj1saiM=,Yh1EunB9SeTIM9RrTNknG0+MVh4=
104,-20,fq5jFWqVHST4Cwso//XbHj1saiM=,Yh1EunB9SeTIM9RrTNknG0+MVh4=
105,-19,fq5jFWqVHST4Cwso//XbHj1saiM=,Yh1EunB9SeTIM9RrTNknG0+MVh4=
106,-22,fq5jFWqVHST4Cwso//XbHj1saiM=,Yh1EunB9SeTIM9RrTNknG0+MVh4=
102,-19,fq5jFWqVHST4Cwso//XbHj1saiM=,u4fBdyPp9XnO1AHWJtiU8UFnuyg=
101,-19,fq5jFWqVHST4Cwso//XbHj1saiM=,u4fBdyPp9XnO1AHWJtiU8UFnuyg=
102,-21,fq5jFWqVHST4Cwso//XbHj1saiM=,u4fBdyPp9XnO1AHWJtiU8UFnuyg=
102,-20,fq5jFWqVHST4Cwso//XbHj1saiM=,u4fBdyPp9XnO1AHWJtiU8UFnuyg=
100,-18,fq5jFWqVHST4Cwso//XbHj1saiM=,u4fBdyPp9XnO1AHWJtiU8UFnuyg=
105,-26,fq5jFWqVHST4Cwso//XbHj1saiM=,/wp0XTJsVjt0XnHBHcnoVLC9B7w=
100,-20,fq5jFWqVHST4Cwso//XbHj1saiM=,u4fBdyPp9XnO1AHWJtiU8UFnuyg=
111,-23,fq5jFWqVHST4Cwso//XbHj1saiM=,Yh1EunB9SeTIM9RrTNknG0+MVh4=
101,-18,fq5jFWqVHST4Cwso//XbHj1saiM=,u4fBdyPp9XnO1AHWJtiU8UFnuyg=
103,-22,fq5jFWqVHST4Cwso//XbHj1saiM=,u4fBdyPp9XnO1AHWJtiU8UFnuyg=
102,-18,fq5jFWqVHST4Cwso//XbHj1saiM=,u4fBdyPp9XnO1AHWJtiU8UFnuyg=
111,-18,fq5jFWqVHST4Cwso//XbHj1saiM=,Yh1EunB9SeTIM9RrTNknG0+MVh4=
108,-21,fq5jFWqVHST4Cwso//XbHj1saiM=,Yh1EunB9SeTIM9RrTNknG0+MVh4=
108,-24,fq5jFWqVHST4Cwso//XbHj1saiM=,Yh1EunB9SeTIM9RrTNknG0+MVh4=
108,-27,fq5jFWqVHST4Cwso//XbHj1saiM=,/wp0XTJsVjt0XnHBHcnoVLC9B7w=
110,-28,fq5jFWqVHST4Cwso//XbHj1saiM=,/wp0XTJsVjt0XnHBHcnoVLC9B7w=
106,-26,fq5jFWqVHST4Cwso//XbHj1saiM=,/wp0XTJsVjt0XnHBHcnoVLC9B7w=
109,-23,fq5jFWqVHST4Cwso//XbHj1saiM=,Yh1EunB9SeTIM9RrTNknG0+MVh4=
107,-23,fq5jFWqVHST4Cwso//XbHj1saiM=,Yh1EunB9SeTIM9RrTNknG0+MVh4=
105,-21,fq5jFWqVHST4Cwso//XbHj1saiM=,Yh1EunB9SeTIM9RrTNknG0+MVh4=
111,-27,fq5jFWqVHST4Cwso//XbHj1saiM=,/wp0XTJsVjt0XnHBHcnoVLC9B7w=
107,-25,fq5jFWqVHST4Cwso//XbHj1saiM=,/wp0XTJsVjt0XnHBHcnoVLC9B7w=
106,-25,fq5jFWqVHST4Cwso//XbHj1saiM=,/wp0XTJsVjt0XnHBHcnoVLC9B7w=
103,-20,fq5jFWqVHST4Cwso//XbHj1saiM=,u4fBdyPp9XnO1AHWJtiU8UFnuyg=
108,-20,fq5jFWqVHST4Cwso//XbHj1saiM=,Yh1EunB9SeTIM9RrTNknG0+MVh4=
109,-20,fq5jFWqVHST4Cwso//XbHj1saiM=,Yh1EunB9SeTIM9RrTNknG0+MVh4=
107,-20,fq5jFWqVHST4Cwso//XbHj1saiM=,Yh1EunB9SeTIM9RrTNknG0+MVh4=
111,-24,fq5jFWqVHST4Cwso//XbHj1saiM=,Yh1EunB9SeTIM9RrTNknG0+MVh4=
106,-24,fq5jFWqVHST4Cwso//XbHj1saiM=,Yh1EunB9SeTIM9RrTNknG0+MVh4=
109,-17,fq5jFWqVHST4Cwso//XbHj1saiM=,Yh1EunB9SeTIM9RrTNknG0+MVh4=
109,-24,fq5jFWqVHST4Cwso//XbHj1saiM=,Yh1EunB9SeTIM9RrTNknG0+MVh4=
106,-17,fq5jFWqVHST4Cwso//XbHj1saiM=,Yh1EunB9SeTIM9RrTNknG0+MVh4=
110,-18,fq5jFWqVHST4Cwso//XbHj1saiM=,Yh1EunB9SeTIM9RrTNknG0+MVh4=
110,-20,fq5jFWqVHST4Cwso//XbHj1saiM=,Yh1EunB9SeTIM9RrTNknG0+MVh4=
108,-19,fq5jFWqVHST4Cwso//XbHj1saiM=,Yh1EunB9SeTIM9RrTNknG0+MVh4=
108,-17,fq5jFWqVHST4Cwso//XbHj1saiM=,Yh1EunB9SeTIM9RrTNknG0+MVh4=
104,-19,fq5jFWqVHST4Cwso//XbHj1saiM=,Yh1EunB9SeTIM9RrTNknG0+MVh4=
103,-21,fq5jFWqVHST4Cwso//XbHj1saiM=,u4fBdyPp9XnO1AHWJtiU8UFnuyg=
105,-17,fq5jFWqVHST4Cwso//XbHj1saiM=,Yh1EunB9SeTIM9RrTNknG0+MVh4=
109,-18,fq5jFWqVHST4Cwso//XbHj1saiM=,Yh1EunB9SeTIM9RrTNknG0+MVh4=
104,-18,fq5jFWqVHST4Cwso//XbHj1saiM=,Yh1EunB9SeTIM9RrTNknG0+MVh4=
105,-22,fq5jFWqVHST4Cwso//XbHj1saiM=,Yh1EunB9SeTIM9RrTNknG0+MVh4=
103,-23,fq5jFWqVHST4Cwso//XbHj1saiM=,u4fBdyPp9XnO1AHWJtiU8UFnuyg=
107,-17,fq5jFWqVHST4Cwso//XbHj1saiM=,Yh1EunB9SeTIM9RrTNknG0+MVh4=
103,-18,fq5jFWqVHST4Cwso//XbHj1saiM=,u4fBdyPp9XnO1AHWJtiU8UFnuyg=
101,-21,fq5jFWqVHST4Cwso//XbHj1saiM=,u4fBdyPp9XnO1AHWJtiU8UFnuyg=
108,-18,fq5jFWqVHST4Cwso//XbHj1saiM=,Yh1EunB9SeTIM9RrTNknG0+MVh4=
107,-18,fq5jFWqVHST4Cwso//XbHj1saiM=,Yh1EunB9SeTIM9RrTNknG0+MVh4=
110,-21,fq5jFWqVHST4Cwso//XbHj1saiM=,Yh1EunB9SeTIM9RrTNknG0+MVh4=
106,-19,fq5jFWqVHST4Cwso//XbHj1saiM=,Yh1EunB9SeTIM9RrTNknG0+MVh4=
105,-18,fq5jFWqVHST4Cwso//XbHj1saiM=,Yh1EunB9SeTIM9RrTNknG0+MVh4=
111,-19,fq5jFWqVHST4Cwso//XbHj1saiM=,Yh1EunB9SeTIM9RrTNknG0+MVh4=
110,-19,fq5jFWqVHST4Cwso//XbHj1saiM=,Yh1EunB9SeTIM9RrTNknG0+MVh4=
109,-19,fq5jFWqVHST4Cwso//XbHj1saiM=,Yh1EunB9SeTIM9RrTNknG0+MVh4=
111,-20,fq5jFWqVHST4Cwso//XbHj1saiM=,Yh1EunB9SeTIM9RrTNknG0+MVh4=
111,-21,fq5jFWqVHST4Cwso//XbHj1saiM=,Yh1EunB9SeTIM9RrTNknG0+MVh4=
106,-5,fq5jFWqVHST4Cwso//XbHj1saiM=,beIUbuje9YgRnBT4ZMRwv9uMQnQ=
105,-5,fq5jFWqVHST4Cwso//XbHj1saiM=,beIUbuje9YgRnBT4ZMRwv9uMQnQ=
109,-2,fq5jFWqVHST4Cwso//XbHj1saiM=,beIUbuje9YgRnBT4ZMRwv9uMQnQ=
108,-2,fq5jFWqVHST4Cwso//XbHj1saiM=,beIUbuje9YgRnBT4ZMRwv9uMQnQ=
109,-7,fq5jFWqVHST4Cwso//XbHj1saiM=,beIUbuje9YgRnBT4ZMRwv9uMQnQ=
107,-2,fq5jFWqVHST4Cwso//XbHj1saiM=,beIUbuje9YgRnBT4ZMRwv9uMQnQ=
107,-4,fq5jFWqVHST4Cwso//XbHj1saiM=,beIUbuje9YgRnBT4ZMRwv9uMQnQ=
106,-4,fq5jFWqVHST4Cwso//XbHj1saiM=,beIUbuje9YgRnBT4ZMRwv9uMQnQ=
106,-2,fq5jFWqVHST4Cwso//XbHj1saiM=,beIUbuje9YgRnBT4ZMRwv9uMQnQ=
105,-4,fq5jFWqVHST4Cwso//XbHj1saiM=,beIUbuje9YgRnBT4ZMRwv9uMQnQ=
110,-6,fq5jFWqVHST4Cwso//XbHj1saiM=,beIUbuje9YgRnBT4ZMRwv9uMQnQ=
109,-3,fq5jFWqVHST4Cwso//XbHj1saiM=,beIUbuje9YgRnBT4ZMRwv9uMQnQ=
108,-3,fq5jFWqVHST4Cwso//XbHj1saiM=,beIUbuje9YgRnBT4ZMRwv9uMQnQ=
107,-3,fq5jFWqVHST4Cwso//XbHj1saiM=,beIUbuje9YgRnBT4ZMRwv9uMQnQ=
109,-6,fq5jFWqVHST4Cwso//XbHj1saiM=,beIUbuje9YgRnBT4ZMRwv9uMQnQ=
108,-6,fq5jFWqVHST4Cwso//XbHj1saiM=,beIUbuje9YgRnBT4ZMRwv9uMQnQ=
105,-2,fq5jFWqVHST4Cwso//XbHj1saiM=,beIUbuje9YgRnBT4ZMRwv9uMQnQ=
107,-6,fq5jFWqVHST4Cwso//XbHj1saiM=,beIUbuje9YgRnBT4ZMRwv9uMQnQ=
106,-6,fq5jFWqVHST4Cwso//XbHj1saiM=,beIUbuje9YgRnBT4ZMRwv9uMQnQ=
110,-5,fq5jFWqVHST4Cwso//XbHj1saiM=,beIUbuje9YgRnBT4ZMRwv9uMQnQ=
110,-4,fq5jFWqVHST4Cwso//XbHj1saiM=,beIUbuje9YgRnBT4ZMRwv9uMQnQ=
109,-4,fq5jFWqVHST4Cwso//XbHj1saiM=,beIUbuje9YgRnBT4ZMRwv9uMQnQ=
107,-7,fq5jFWqVHST4Cwso//XbHj1saiM=,beIUbuje9YgRnBT4ZMRwv9uMQnQ=
106,-7,fq5jFWqVHST4Cwso//XbHj1saiM=,beIUbuje9YgRnBT4ZMRwv9uMQnQ=
109,-5,fq5jFWqVHST4Cwso//XbHj1saiM=,beIUbuje9YgRnBT4ZMRwv9uMQnQ=
108,-5,fq5jFWqVHST4Cwso//XbHj1saiM=,beIUbuje9YgRnBT4ZMRwv9uMQnQ=
110,-7,fq5jFWqVHST4Cwso//XbHj1saiM=,beIUbuje9YgRnBT4ZMRwv9uMQnQ=
105,-6,fq5jFWqVHST4Cwso//XbHj1saiM=,beIUbuje9YgRnBT4ZMRwv9uMQnQ=
110,-3,fq5jFWqVHST4Cwso//XbHj1saiM=,beIUbuje9YgRnBT4ZMRwv9uMQnQ=
108,-4,fq5jFWqVHST4Cwso//XbHj1saiM=,beIUbuje9YgRnBT4ZMRwv9uMQnQ=
107,-5,fq5jFWqVHST4Cwso//XbHj1saiM=,beIUbuje9YgRnBT4ZMRwv9uMQnQ=
110,-2,fq5jFWqVHST4Cwso//XbHj1saiM=,beIUbuje9YgRnBT4ZMRwv9uMQnQ=
107,-14,fq5jFWqVHST4Cwso//XbHj1saiM=,FeZX18EQavhKbktdiGk6qGRW7u0=
109,-14,fq5jFWqVHST4Cwso//XbHj1saiM=,FeZX18EQavhKbktdiGk6qGRW7u0=
110,-14,fq5jFWqVHST4Cwso//XbHj1saiM=,FeZX18EQavhKbktdiGk6qGRW7u0=
111,-14,fq5jFWqVHST4Cwso//XbHj1saiM=,FeZX18EQavhKbktdiGk6qGRW7u0=
106,-13,fq5jFWqVHST4Cwso//XbHj1saiM=,FeZX18EQavhKbktdiGk6qGRW7u0=
107,-13,fq5jFWqVHST4Cwso//XbHj1saiM=,FeZX18EQavhKbktdiGk6qGRW7u0=
108,-13,fq5jFWqVHST4Cwso//XbHj1saiM=,FeZX18EQavhKbktdiGk6qGRW7u0=
109,-13,fq5jFWqVHST4Cwso//XbHj1saiM=,FeZX18EQavhKbktdiGk6qGRW7u0=
109,-15,fq5jFWqVHST4Cwso//XbHj1saiM=,FeZX18EQavhKbktdiGk6qGRW7u0=
108,-15,fq5jFWqVHST4Cwso//XbHj1saiM=,FeZX18EQavhKbktdiGk6qGRW7u0=
109,-8,fq5jFWqVHST4Cwso//XbHj1saiM=,beIUbuje9YgRnBT4ZMRwv9uMQnQ=
110,-9,fq5jFWqVHST4Cwso//XbHj1saiM=,FeZX18EQavhKbktdiGk6qGRW7u0=
109,-9,fq5jFWqVHST4Cwso//XbHj1saiM=,FeZX18EQavhKbktdiGk6qGRW7u0=
107,-9,fq5jFWqVHST4Cwso//XbHj1saiM=,FeZX18EQavhKbktdiGk6qGRW7u0=
105,-9,fq5jFWqVHST4Cwso//XbHj1saiM=,FeZX18EQavhKbktdiGk6qGRW7u0=
111,-10,fq5jFWqVHST4Cwso//XbHj1saiM=,FeZX18EQavhKbktdiGk6qGRW7u0=
109,-10,fq5jFWqVHST4Cwso//XbHj1saiM=,FeZX18EQavhKbktdiGk6qGRW7u0=
108,-10,fq5jFWqVHST4Cwso//XbHj1saiM=,FeZX18EQavhKbktdiGk6qGRW7u0=
107,-8,fq5jFWqVHST4Cwso//XbHj1saiM=,beIUbuje9YgRnBT4ZMRwv9uMQnQ=
111,-11,fq5jFWqVHST4Cwso//XbHj1saiM=,FeZX18EQavhKbktdiGk6qGRW7u0=
110,-11,fq5jFWqVHST4Cwso//XbHj1saiM=,FeZX18EQavhKbktdiGk6qGRW7u0=
109,-11,fq5jFWqVHST4Cwso//XbHj1saiM=,FeZX18EQavhKbktdiGk6qGRW7u0=
108,-11,fq5jFWqVHST4Cwso//XbHj1saiM=,FeZX18EQavhKbktdiGk6qGRW7u0=
107,-11,fq5jFWqVHST4Cwso//XbHj1saiM=,FeZX18EQavhKbktdiGk6qGRW7u0=
106,-11,fq5jFWqVHST4Cwso//XbHj1saiM=,FeZX18EQavhKbktdiGk6qGRW7u0=
105,-11,fq5jFWqVHST4Cwso//XbHj1saiM=,FeZX18EQavhKbktdiGk6qGRW7u0=
110,-12,fq5jFWqVHST4Cwso//XbHj1saiM=,FeZX18EQavhKbktdiGk6qGRW7u0=
106,-8,fq5jFWqVHST4Cwso//XbHj1saiM=,beIUbuje9YgRnBT4ZMRwv9uMQnQ=
109,-12,fq5jFWqVHST4Cwso//XbHj1saiM=,FeZX18EQavhKbktdiGk6qGRW7u0=
107,-12,fq5jFWqVHST4Cwso//XbHj1saiM=,FeZX18EQavhKbktdiGk6qGRW7u0=
106,-12,fq5jFWqVHST4Cwso//XbHj1saiM=,FeZX18EQavhKbktdiGk6qGRW7u0=
105,-8,fq5jFWqVHST4Cwso//XbHj1saiM=,beIUbuje9YgRnBT4ZMRwv9uMQnQ=
108,-8,fq5jFWqVHST4Cwso//XbHj1saiM=,beIUbuje9YgRnBT4ZMRwv9uMQnQ=
111,-13,fq5jFWqVHST4Cwso//XbHj1saiM=,FeZX18EQavhKbktdiGk6qGRW7u0=
110,-13,fq5jFWqVHST4Cwso//XbHj1saiM=,FeZX18EQavhKbktdiGk6qGRW7u0=
111,-2,fq5jFWqVHST4Cwso//XbHj1saiM=,beIUbuje9YgRnBT4ZMRwv9uMQnQ=
111,-8,fq5jFWqVHST4Cwso//XbHj1saiM=,beIUbuje9YgRnBT4ZMRwv9uMQnQ=
111,-3,fq5jFWqVHST4Cwso//XbHj1saiM=,beIUbuje9YgRnBT4ZMRwv9uMQnQ=
111,-5,fq5jFWqVHST4Cwso//XbHj1saiM=,beIUbuje9YgRnBT4ZMRwv9uMQnQ=
111,-7,fq5jFWqVHST4Cwso//XbHj1saiM=,beIUbuje9YgRnBT4ZMRwv9uMQnQ=
111,-6,fq5jFWqVHST4Cwso//XbHj1saiM=,beIUbuje9YgRnBT4ZMRwv9uMQnQ=
111,-9,fq5jFWqVHST4Cwso//XbHj1saiM=,FeZX18EQavhKbktdiGk6qGRW7u0=
108,-12,fq5jFWqVHST4Cwso//XbHj1saiM=,FeZX18EQavhKbktdiGk6qGRW7u0=
110,-8,fq5jFWqVHST4Cwso//XbHj1saiM=,beIUbuje9YgRnBT4ZMRwv9uMQnQ=
111,-12,fq5jFWqVHST4Cwso//XbHj1saiM=,FeZX18EQavhKbktdiGk6qGRW7u0=
108,-7,fq5jFWqVHST4Cwso//XbHj1saiM=,beIUbuje9YgRnBT4ZMRwv9uMQnQ=
111,-4,fq5jFWqVHST4Cwso//XbHj1saiM=,beIUbuje9YgRnBT4ZMRwv9uMQnQ=
110,-1,fq5jFWqVHST4Cwso//XbHj1saiM=,beIUbuje9YgRnBT4ZMRwv9uMQnQ=
105,-1,g/8ITkKA6dJnYHVtbK5qvE970Qc=,beIUbuje9YgRnBT4ZMRwv9uMQnQ=
106,-1,g/8ITkKA6dJnYHVtbK5qvE970Qc=,beIUbuje9YgRnBT4ZMRwv9uMQnQ=
107,-1,g/8ITkKA6dJnYHVtbK5qvE970Qc=,beIUbuje9YgRnBT4ZMRwv9uMQnQ=
108,-1,g/8ITkKA6dJnYHVtbK5qvE970Qc=,beIUbuje9YgRnBT4ZMRwv9uMQnQ=
109,-1,g/8ITkKA6dJnYHVtbK5qvE970Qc=,beIUbuje9YgRnBT4ZMRwv9uMQnQ=
110,-10,g/8ITkKA6dJnYHVtbK5qvE970Qc=,FeZX18EQavhKbktdiGk6qGRW7u0=
108,-9,g/8ITkKA6dJnYHVtbK5qvE970Qc=,FeZX18EQavhKbktdiGk6qGRW7u0=
100,-2,g/8ITkKA6dJnYHVtbK5qvE970Qc=,v3TxCZHBqMhDh6xGAiLI8aHof1w=
102,-2,g/8ITkKA6dJnYHVtbK5qvE970Qc=,v3TxCZHBqMhDh6xGAiLI8aHof1w=
103,-2,g/8ITkKA6dJnYHVtbK5qvE970Qc=,v3TxCZHBqMhDh6xGAiLI8aHof1w=
97,-1,g/8ITkKA6dJnYHVtbK5qvE970Qc=,v3TxCZHBqMhDh6xGAiLI8aHof1w=
98,-1,g/8ITkKA6dJnYHVtbK5qvE970Qc=,v3TxCZHBqMhDh6xGAiLI8aHof1w=
99,-1,g/8ITkKA6dJnYHVtbK5qvE970Qc=,v3TxCZHBqMhDh6xGAiLI8aHof1w=
104,-5,g/8ITkKA6dJnYHVtbK5qvE970Qc=,beIUbuje9YgRnBT4ZMRwv9uMQnQ=
104,-6,g/8ITkKA6dJnYHVtbK5qvE970Qc=,beIUbuje9YgRnBT4ZMRwv9uMQnQ=
101,-1,g/8ITkKA6dJnYHVtbK5qvE970Qc=,v3TxCZHBqMhDh6xGAiLI8aHof1w=
102,-1,g/8ITkKA6dJnYHVtbK5qvE970Qc=,v3TxCZHBqMhDh6xGAiLI8aHof1w=
101,-7,g/8ITkKA6dJnYHVtbK5qvE970Qc=,v3TxCZHBqMhDh6xGAiLI8aHof1w=
102,-7,g/8ITkKA6dJnYHVtbK5qvE970Qc=,v3TxCZHBqMhDh6xGAiLI8aHof1w=
103,-7,g/8ITkKA6dJnYHVtbK5qvE970Qc=,v3TxCZHBqMhDh6xGAiLI8aHof1w=
101,-6,g/8ITkKA6dJnYHVtbK5qvE970Qc=,v3TxCZHBqMhDh6xGAiLI8aHof1w=
103,-1,g/8ITkKA6dJnYHVtbK5qvE970Qc=,v3TxCZHBqMhDh6xGAiLI8aHof1w=
104,-1,g/8ITkKA6dJnYHVtbK5qvE970Qc=,beIUbuje9YgRnBT4ZMRwv9uMQnQ=
105,-3,g/8ITkKA6dJnYHVtbK5qvE970Qc=,beIUbuje9YgRnBT4ZMRwv9uMQnQ=
106,-3,g/8ITkKA6dJnYHVtbK5qvE970Qc=,beIUbuje9YgRnBT4ZMRwv9uMQnQ=
103,-6,g/8ITkKA6dJnYHVtbK5qvE970Qc=,v3TxCZHBqMhDh6xGAiLI8aHof1w=
104,-2,g/8ITkKA6dJnYHVtbK5qvE970Qc=,beIUbuje9YgRnBT4ZMRwv9uMQnQ=
99,-5,g/8ITkKA6dJnYHVtbK5qvE970Qc=,v3TxCZHBqMhDh6xGAiLI8aHof1w=
98,-4,g/8ITkKA6dJnYHVtbK5qvE970Qc=,v3TxCZHBqMhDh6xGAiLI8aHof1w=
99,-4,g/8ITkKA6dJnYHVtbK5qvE970Qc=,v3TxCZHBqMhDh6xGAiLI8aHof1w=
100,-5,g/8ITkKA6dJnYHVtbK5qvE970Qc=,v3TxCZHBqMhDh6xGAiLI8aHof1w=
100,-4,g/8ITkKA6dJnYHVtbK5qvE970Qc=,v3TxCZHBqMhDh6xGAiLI8aHof1w=
101,-4,g/8ITkKA6dJnYHVtbK5qvE970Qc=,v3TxCZHBqMhDh6xGAiLI8aHof1w=
103,-5,g/8ITkKA6dJnYHVtbK5qvE970Qc=,v3TxCZHBqMhDh6xGAiLI8aHof1w=
104,-3,g/8ITkKA6dJnYHVtbK5qvE970Qc=,beIUbuje9YgRnBT4ZMRwv9uMQnQ=
103,-4,g/8ITkKA6dJnYHVtbK5qvE970Qc=,v3TxCZHBqMhDh6xGAiLI8aHof1w=
102,-4,g/8ITkKA6dJnYHVtbK5qvE970Qc=,v3TxCZHBqMhDh6xGAiLI8aHof1w=
104,-4,g/8ITkKA6dJnYHVtbK5qvE970Qc=,beIUbuje9YgRnBT4ZMRwv9uMQnQ=
97,-3,g/8ITkKA6dJnYHVtbK5qvE970Qc=,v3TxCZHBqMhDh6xGAiLI8aHof1w=
100,-3,g/8ITkKA6dJnYHVtbK5qvE970Qc=,v3TxCZHBqMhDh6xGAiLI8aHof1w=
100,-1,g/8ITkKA6dJnYHVtbK5qvE970Qc=,v3TxCZHBqMhDh6xGAiLI8aHof1w=
101,-5,g/8ITkKA6dJnYHVtbK5qvE970Qc=,v3TxCZHBqMhDh6xGAiLI8aHof1w=
99,-2,g/8ITkKA6dJnYHVtbK5qvE970Qc=,v3TxCZHBqMhDh6xGAiLI8aHof1w=
97,-2,g/8ITkKA6dJnYHVtbK5qvE970Qc=,v3TxCZHBqMhDh6xGAiLI8aHof1w=
96,-2,g/8ITkKA6dJnYHVtbK5qvE970Qc=,v3TxCZHBqMhDh6xGAiLI8aHof1w=
101,-3,g/8ITkKA6dJnYHVtbK5qvE970Qc=,v3TxCZHBqMhDh6xGAiLI8aHof1w=
101,-2,g/8ITkKA6dJnYHVtbK5qvE970Qc=,v3TxCZHBqMhDh6xGAiLI8aHof1w=
102,-3,g/8ITkKA6dJnYHVtbK5qvE970Qc=,v3TxCZHBqMhDh6xGAiLI8aHof1w=
103,-3,g/8ITkKA6dJnYHVtbK5qvE970Qc=,v3TxCZHBqMhDh6xGAiLI8aHof1w=
111,-1,g/8ITkKA6dJnYHVtbK5qvE970Qc=,beIUbuje9YgRnBT4ZMRwv9uMQnQ=
96,-1,g/8ITkKA6dJnYHVtbK5qvE970Qc=,v3TxCZHBqMhDh6xGAiLI8aHof1w=
98,-2,g/8ITkKA6dJnYHVtbK5qvE970Qc=,v3TxCZHBqMhDh6xGAiLI8aHof1w=
99,-3,g/8ITkKA6dJnYHVtbK5qvE970Qc=,v3TxCZHBqMhDh6xGAiLI8aHof1w=
98,-3,g/8ITkKA6dJnYHVtbK5qvE970Qc=,v3TxCZHBqMhDh6xGAiLI8aHof1w=
96,-3,g/8ITkKA6dJnYHVtbK5qvE970Qc=,v3TxCZHBqMhDh6xGAiLI8aHof1w=
97,-4,g/8ITkKA6dJnYHVtbK5qvE970Qc=,v3TxCZHBqMhDh6xGAiLI8aHof1w=
111,-16,g/8ITkKA6dJnYHVtbK5qvE970Qc=,FeZX18EQavhKbktdiGk6qGRW7u0=
110,-15,g/8ITkKA6dJnYHVtbK5qvE970Qc=,FeZX18EQavhKbktdiGk6qGRW7u0=
111,-15,g/8ITkKA6dJnYHVtbK5qvE970Qc=,FeZX18EQavhKbktdiGk6qGRW7u0=
108,-14,g/8ITkKA6dJnYHVtbK5qvE970Qc=,FeZX18EQavhKbktdiGk6qGRW7u0=
110,-16,g/8ITkKA6dJnYHVtbK5qvE970Qc=,FeZX18EQavhKbktdiGk6qGRW7u0=
109,-16,g/8ITkKA6dJnYHVtbK5qvE970Qc=,FeZX18EQavhKbktdiGk6qGRW7u0=
96,-9,g/8ITkKA6dJnYHVtbK5qvE970Qc=,CFGRDLL2kOKmL2iYkPOl9eymeEc=
97,-9,g/8ITkKA6dJnYHVtbK5qvE970Qc=,CFGRDLL2kOKmL2iYkPOl9eymeEc=
98,-9,g/8ITkKA6dJnYHVtbK5qvE970Qc=,CFGRDLL2kOKmL2iYkPOl9eymeEc=
100,-16,g/8ITkKA6dJnYHVtbK5qvE970Qc=,CFGRDLL2kOKmL2iYkPOl9eymeEc=
101,-16,g/8ITkKA6dJnYHVtbK5qvE970Qc=,CFGRDLL2kOKmL2iYkPOl9eymeEc=
98,-10,g/8ITkKA6dJnYHVtbK5qvE970Qc=,CFGRDLL2kOKmL2iYkPOl9eymeEc=
97,-10,g/8ITkKA6dJnYHVtbK5qvE970Qc=,CFGRDLL2kOKmL2iYkPOl9eymeEc=
102,-16,g/8ITkKA6dJnYHVtbK5qvE970Qc=,CFGRDLL2kOKmL2iYkPOl9eymeEc=
96,-10,g/8ITkKA6dJnYHVtbK5qvE970Qc=,CFGRDLL2kOKmL2iYkPOl9eymeEc=
103,-16,g/8ITkKA6dJnYHVtbK5qvE970Qc=,CFGRDLL2kOKmL2iYkPOl9eymeEc=
96,-8,g/8ITkKA6dJnYHVtbK5qvE970Qc=,v3TxCZHBqMhDh6xGAiLI8aHof1w=
99,-16,g/8ITkKA6dJnYHVtbK5qvE970Qc=,CFGRDLL2kOKmL2iYkPOl9eymeEc=
100,-15,g/8ITkKA6dJnYHVtbK5qvE970Qc=,CFGRDLL2kOKmL2iYkPOl9eymeEc=
101,-15,g/8ITkKA6dJnYHVtbK5qvE970Qc=,CFGRDLL2kOKmL2iYkPOl9eymeEc=
104,-8,g/8ITkKA6dJnYHVtbK5qvE970Qc=,beIUbuje9YgRnBT4ZMRwv9uMQnQ=
98,-16,g/8ITkKA6dJnYHVtbK5qvE970Qc=,CFGRDLL2kOKmL2iYkPOl9eymeEc=
103,-8,g/8ITkKA6dJnYHVtbK5qvE970Qc=,v3TxCZHBqMhDh6xGAiLI8aHof1w=
96,-14,g/8ITkKA6dJnYHVtbK5qvE970Qc=,CFGRDLL2kOKmL2iYkPOl9eymeEc=
97,-16,g/8ITkKA6dJnYHVtbK5qvE970Qc=,CFGRDLL2kOKmL2iYkPOl9eymeEc=
98,-14,g/8ITkKA6dJnYHVtbK5qvE970Qc=,CFGRDLL2kOKmL2iYkPOl9eymeEc=
96,-16,g/8ITkKA6dJnYHVtbK5qvE970Qc=,CFGRDLL2kOKmL2iYkPOl9eymeEc=
99,-14,g/8ITkKA6dJnYHVtbK5qvE970Qc=,CFGRDLL2kOKmL2iYkPOl9eymeEc=
100,-14,g/8ITkKA6dJnYHVtbK5qvE970Qc=,CFGRDLL2kOKmL2iYkPOl9eymeEc=
96,-13,g/8ITkKA6dJnYHVtbK5qvE970Qc=,CFGRDLL2kOKmL2iYkPOl9eymeEc=
101,-14,g/8ITkKA6dJnYHVtbK5qvE970Qc=,CFGRDLL2kOKmL2iYkPOl9eymeEc=
97,-11,g/8ITkKA6dJnYHVtbK5qvE970Qc=,CFGRDLL2kOKmL2iYkPOl9eymeEc=
104,-9,g/8ITkKA6dJnYHVtbK5qvE970Qc=,FeZX18EQavhKbktdiGk6qGRW7u0=
97,-13,g/8ITkKA6dJnYHVtbK5qvE970Qc=,CFGRDLL2kOKmL2iYkPOl9eymeEc=
99,-13,g/8ITkKA6dJnYHVtbK5qvE970Qc=,CFGRDLL2kOKmL2iYkPOl9eymeEc=
98,-13,g/8ITkKA6dJnYHVtbK5qvE970Qc=,CFGRDLL2kOKmL2iYkPOl9eymeEc=
104,-10,g/8ITkKA6dJnYHVtbK5qvE970Qc=,FeZX18EQavhKbktdiGk6qGRW7u0=
96,-11,g/8ITkKA6dJnYHVtbK5qvE970Qc=,CFGRDLL2kOKmL2iYkPOl9eymeEc=
100,-12,g/8ITkKA6dJnYHVtbK5qvE970Qc=,CFGRDLL2kOKmL2iYkPOl9eymeEc=
96,-4,g/8ITkKA6dJnYHVtbK5qvE970Qc=,v3TxCZHBqMhDh6xGAiLI8aHof1w=
100,-13,g/8ITkKA6dJnYHVtbK5qvE970Qc=,CFGRDLL2kOKmL2iYkPOl9eymeEc=
99,-12,g/8ITkKA6dJnYHVtbK5qvE970Qc=,CFGRDLL2kOKmL2iYkPOl9eymeEc=
108,-16,g/8ITkKA6dJnYHVtbK5qvE970Qc=,FeZX18EQavhKbktdiGk6qGRW7u0=
96,-12,g/8ITkKA6dJnYHVtbK5qvE970Qc=,CFGRDLL2kOKmL2iYkPOl9eymeEc=
97,-12,g/8ITkKA6dJnYHVtbK5qvE970Qc=,CFGRDLL2kOKmL2iYkPOl9eymeEc=
104,-11,g/8ITkKA6dJnYHVtbK5qvE970Qc=,FeZX18EQavhKbktdiGk6qGRW7u0=
105,-7,g/8ITkKA6dJnYHVtbK5qvE970Qc=,beIUbuje9YgRnBT4ZMRwv9uMQnQ=
101,-13,g/8ITkKA6dJnYHVtbK5qvE970Qc=,CFGRDLL2kOKmL2iYkPOl9eymeEc=
98,-12,g/8ITkKA6dJnYHVtbK5qvE970Qc=,CFGRDLL2kOKmL2iYkPOl9eymeEc=
105,-13,g/8ITkKA6dJnYHVtbK5qvE970Qc=,FeZX18EQavhKbktdiGk6qGRW7u0=
106,-9,g/8ITkKA6dJnYHVtbK5qvE970Qc=,FeZX18EQavhKbktdiGk6qGRW7u0=
106,-14,g/8ITkKA6dJnYHVtbK5qvE970Qc=,FeZX18EQavhKbktdiGk6qGRW7u0=
107,-10,g/8ITkKA6dJnYHVtbK5qvE970Qc=,FeZX18EQavhKbktdiGk6qGRW7u0=
106,-10,g/8ITkKA6dJnYHVtbK5qvE970Qc=,FeZX18EQavhKbktdiGk6qGRW7u0=
105,-12,g/8ITkKA6dJnYHVtbK5qvE970Qc=,FeZX18EQavhKbktdiGk6qGRW7u0=
105,-10,g/8ITkKA6dJnYHVtbK5qvE970Qc=,FeZX18EQavhKbktdiGk6qGRW7u0=
107,-15,g/8ITkKA6dJnYHVtbK5qvE970Qc=,FeZX18EQavhKbktdiGk6qGRW7u0=
104,-7,g/8ITkKA6dJnYHVtbK5qvE970Qc=,beIUbuje9YgRnBT4ZMRwv9uMQnQ=
105,-14,g/8ITkKA6dJnYHVtbK5qvE970Qc=,FeZX18EQavhKbktdiGk6qGRW7u0=
101,-12,g/8ITkKA6dJnYHVtbK5qvE970Qc=,CFGRDLL2kOKmL2iYkPOl9eymeEc=
96,-7,g/8ITkKA6dJnYHVtbK5qvE970Qc=,v3TxCZHBqMhDh6xGAiLI8aHof1w=
102,-13,g/8ITkKA6dJnYHVtbK5qvE970Qc=,CFGRDLL2kOKmL2iYkPOl9eymeEc=
102,-12,g/8ITkKA6dJnYHVtbK5qvE970Qc=,CFGRDLL2kOKmL2iYkPOl9eymeEc=
105,-15,g/8ITkKA6dJnYHVtbK5qvE970Qc=,FeZX18EQavhKbktdiGk6qGRW7u0=
100,-7,g/8ITkKA6dJnYHVtbK5qvE970Qc=,v3TxCZHBqMhDh6xGAiLI8aHof1w=
100,-6,g/8ITkKA6dJnYHVtbK5qvE970Qc=,v3TxCZHBqMhDh6xGAiLI8aHof1w=
102,-6,g/8ITkKA6dJnYHVtbK5qvE970Qc=,v3TxCZHBqMhDh6xGAiLI8aHof1w=
99,-7,g/8ITkKA6dJnYHVtbK5qvE970Qc=,v3TxCZHBqMhDh6xGAiLI8aHof1w=
106,-15,g/8ITkKA6dJnYHVtbK5qvE970Qc=,FeZX18EQavhKbktdiGk6qGRW7u0=
103,-13,g/8ITkKA6dJnYHVtbK5qvE970Qc=,CFGRDLL2kOKmL2iYkPOl9eymeEc=
102,-5,g/8ITkKA6dJnYHVtbK5qvE970Qc=,v3TxCZHBqMhDh6xGAiLI8aHof1w=
98,-7,g/8ITkKA6dJnYHVtbK5qvE970Qc=,v3TxCZHBqMhDh6xGAiLI8aHof1w=
97,-7,g/8ITkKA6dJnYHVtbK5qvE970Qc=,v3TxCZHBqMhDh6xGAiLI8aHof1w=
99,-6,g/8ITkKA6dJnYHVtbK5qvE970Qc=,v3TxCZHBqMhDh6xGAiLI8aHof1w=
103,-10,g/8ITkKA6dJnYHVtbK5qvE970Qc=,CFGRDLL2kOKmL2iYkPOl9eymeEc=
97,-6,g/8ITkKA6dJnYHVtbK5qvE970Qc=,v3TxCZHBqMhDh6xGAiLI8aHof1w=
98,-5,g/8ITkKA6dJnYHVtbK5qvE970Qc=,v3TxCZHBqMhDh6xGAiLI8aHof1w=
98,-6,g/8ITkKA6dJnYHVtbK5qvE970Qc=,v3TxCZHBqMhDh6xGAiLI8aHof1w=
96,-6,g/8ITkKA6dJnYHVtbK5qvE970Qc=,v3TxCZHBqMhDh6xGAiLI8aHof1w=
103,-12,g/8ITkKA6dJnYHVtbK5qvE970Qc=,CFGRDLL2kOKmL2iYkPOl9eymeEc=
99,-10,g/8ITkKA6dJnYHVtbK5qvE970Qc=,CFGRDLL2kOKmL2iYkPOl9eymeEc=
97,-5,g/8ITkKA6dJnYHVtbK5qvE970Qc=,v3TxCZHBqMhDh6xGAiLI8aHof1w=
102,-10,g/8ITkKA6dJnYHVtbK5qvE970Qc=,CFGRDLL2kOKmL2iYkPOl9eymeEc=
105,-16,g/8ITkKA6dJnYHVtbK5qvE970Qc=,FeZX18EQavhKbktdiGk6qGRW7u0=
96,-5,g/8ITkKA6dJnYHVtbK5qvE970Qc=,v3TxCZHBqMhDh6xGAiLI8aHof1w=
107,-16,g/8ITkKA6dJnYHVtbK5qvE970Qc=,FeZX18EQavhKbktdiGk6qGRW7u0=
102,-9,g/8ITkKA6dJnYHVtbK5qvE970Qc=,CFGRDLL2kOKmL2iYkPOl9eymeEc=
96,-15,g/8ITkKA6dJnYHVtbK5qvE970Qc=,CFGRDLL2kOKmL2iYkPOl9eymeEc=
99,-9,g/8ITkKA6dJnYHVtbK5qvE970Qc=,CFGRDLL2kOKmL2iYkPOl9eymeEc=
103,-9,g/8ITkKA6dJnYHVtbK5qvE970Qc=,CFGRDLL2kOKmL2iYkPOl9eymeEc=
104,-16,g/8ITkKA6dJnYHVtbK5qvE970Qc=,FeZX18EQavhKbktdiGk6qGRW7u0=
97,-8,g/8ITkKA6dJnYHVtbK5qvE970Qc=,v3TxCZHBqMhDh6xGAiLI8aHof1w=
98,-15,g/8ITkKA6dJnYHVtbK5qvE970Qc=,CFGRDLL2kOKmL2iYkPOl9eymeEc=
97,-15,g/8ITkKA6dJnYHVtbK5qvE970Qc=,CFGRDLL2kOKmL2iYkPOl9eymeEc=
104,-15,g/8ITkKA6dJnYHVtbK5qvE970Qc=,FeZX18EQavhKbktdiGk6qGRW7u0=
99,-15,g/8ITkKA6dJnYHVtbK5qvE970Qc=,CFGRDLL2kOKmL2iYkPOl9eymeEc=
100,-10,g/8ITkKA6dJnYHVtbK5qvE970Qc=,CFGRDLL2kOKmL2iYkPOl9eymeEc=
104,-14,g/8ITkKA6dJnYHVtbK5qvE970Qc=,FeZX18EQavhKbktdiGk6qGRW7u0=
101,-10,g/8ITkKA6dJnYHVtbK5qvE970Qc=,CFGRDLL2kOKmL2iYkPOl9eymeEc=
103,-11,g/8ITkKA6dJnYHVtbK5qvE970Qc=,CFGRDLL2kOKmL2iYkPOl9eymeEc=
101,-9,g/8ITkKA6dJnYHVtbK5qvE970Qc=,CFGRDLL2kOKmL2iYkPOl9eymeEc=
104,-13,g/8ITkKA6dJnYHVtbK5qvE970Qc=,FeZX18EQavhKbktdiGk6qGRW7u0=
102,-8,g/8ITkKA6dJnYHVtbK5qvE970Qc=,v3TxCZHBqMhDh6xGAiLI8aHof1w=
98,-8,g/8ITkKA6dJnYHVtbK5qvE970Qc=,v3TxCZHBqMhDh6xGAiLI8aHof1w=
104,-12,g/8ITkKA6dJnYHVtbK5qvE970Qc=,FeZX18EQavhKbktdiGk6qGRW7u0=
102,-15,g/8ITkKA6dJnYHVtbK5qvE970Qc=,CFGRDLL2kOKmL2iYkPOl9eymeEc=
103,-15,g/8ITkKA6dJnYHVtbK5qvE970Qc=,CFGRDLL2kOKmL2iYkPOl9eymeEc=
99,-11,g/8ITkKA6dJnYHVtbK5qvE970Qc=,CFGRDLL2kOKmL2iYkPOl9eymeEc=
98,-11,g/8ITkKA6dJnYHVtbK5qvE970Qc=,CFGRDLL2kOKmL2iYkPOl9eymeEc=
97,-14,g/8ITkKA6dJnYHVtbK5qvE970Qc=,CFGRDLL2kOKmL2iYkPOl9eymeEc=
106,-16,g/8ITkKA6dJnYHVtbK5qvE970Qc=,FeZX18EQavhKbktdiGk6qGRW7u0=
103,-14,g/8ITkKA6dJnYHVtbK5qvE970Qc=,CFGRDLL2kOKmL2iYkPOl9eymeEc=
100,-9,g/8ITkKA6dJnYHVtbK5qvE970Qc=,CFGRDLL2kOKmL2iYkPOl9eymeEc=
102,-14,g/8ITkKA6dJnYHVtbK5qvE970Qc=,CFGRDLL2kOKmL2iYkPOl9eymeEc=
100,-11,g/8ITkKA6dJnYHVtbK5qvE970Qc=,CFGRDLL2kOKmL2iYkPOl9eymeEc=
101,-8,g/8ITkKA6dJnYHVtbK5qvE970Qc=,v3TxCZHBqMhDh6xGAiLI8aHof1w=
102,-11,g/8ITkKA6dJnYHVtbK5qvE970Qc=,CFGRDLL2kOKmL2iYkPOl9eymeEc=
99,-8,g/8ITkKA6dJnYHVtbK5qvE970Qc=,v3TxCZHBqMhDh6xGAiLI8aHof1w=
101,-11,g/8ITkKA6dJnYHVtbK5qvE970Qc=,CFGRDLL2kOKmL2iYkPOl9eymeEc=
100,-8,g/8ITkKA6dJnYHVtbK5qvE970Qc=,v3TxCZHBqMhDh6xGAiLI8aHof1w=
